output,out_n,inputs,cost,sell_unit,sell_channel,revenue,profit_per_craft,margin_pct,profit_per_input_item,crafts_per_hr_per_line,profit_per_hr_per_line,out_daily_ah_units,out_daily_trades,max_profit_per_day_by_volume,ah_single_sell,sell_basis,out_n_tx,stale_order_input
netherite_ingot,9,netherite_block x1 @50600000o,50600000.0,6000000.0,ah,54000000.0,3400000.0,6.7,3400000.0,9000,30600000000,6212,4726,2346755556,6000000.0,tx_med,15,
orange_harness,1,orange_dye x1 @1402a + black_harness x1 @100000a,101402.1,3000000.0,ah,3000000.0,2898598.0,2858.5,1449298.98,4500,13043690775,21,21,60870557,3000000.0,tx_med,15,
weathered_cut_copper_slab,6,weathered_cut_copper x3 @28125a,84375.0,457621.0,ah,2745726.0,2661351.0,3154.2,887117.0,3000,7984053000,76,4,33710446,120000.0,tx_med,6,
cherry_chest_boat,1,chest x1 @558a + cherry_boat x1 @99898a,100456.2,1500000.0,ah,1500000.0,1399543.8,1393.2,699771.89,4500,6297946965,67,67,93769433,1500000.0,tx_med,15,
orange_harness,1,leather x3 @283o + glass x2 @280o + orange_wool x1 @4313a,5721.9,3000000.0,ah,3000000.0,2994278.0,52329.7,499046.34,1500,4491417075,21,21,62879839,3000000.0,tx_med,15,STALE-JUN25
oak_chest_boat,1,chest x1 @558a + oak_boat x1 @15000a,15558.2,1000000.0,ah,1000000.0,984441.8,6327.5,492220.89,4500,4429987965,279,279,274659254,1000000.0,tx_med,15,
waxed_oxidized_copper_bars,1,oxidized_copper_bars x1 @31094a + honeycomb x1 @100o,31193.8,1000000.0,ah,1000000.0,968806.2,3105.8,484403.12,4500,4359628125,75,12,72660469,1000000.0,tx_med,15,STALE-JUN25
waxed_oxidized_copper_chain,1,oxidized_copper_chain x1 @87500a + honeycomb x1 @100o,87600.0,1000000.0,ah,1000000.0,912400.0,1041.6,456200.0,4500,4105800000,78,10,71167200,2000000.0,tx_med,15,STALE-JUN25
waxed_weathered_copper_door,1,weathered_copper_door x1 @300000a + honeycomb x1 @100o,300100.0,989800.0,ah,989800.0,689700.0,229.8,344850.0,4500,3103650000,0,0,0,1000000.0,tx_med,15,STALE-JUN25
waxed_exposed_lightning_rod,1,exposed_lightning_rod x1 @75000a + honeycomb x1 @100o,75100.0,750000.0,ah,750000.0,674900.0,898.7,337450.0,4500,3037050000,0,0,0,750000.0,tx_med,15,STALE-JUN25
pink_harness,1,pink_dye x1 @141a + black_harness x1 @100000a,100140.6,750000.0,ah,750000.0,649859.4,648.9,324929.69,4500,2924367210,20,20,12997188,750000.0,tx_med,15,
mangrove_hanging_sign,6,iron_chain x2 @1563a + stripped_mangrove_log x6 @6579a,42599.7,440000.0,ah,2640000.0,2597400.3,6097.2,324675.04,1125,2922075338,408,97,176623220,440000.0,tx_med,15,
skull_banner_pattern,1,paper x1 @103o + wither_skeleton_skull x1 @31000o,31103.0,500000.0,ah,500000.0,468897.0,1507.6,234448.5,4500,2110036500,135,135,63301095,500000.0,tx_med,15,STALE-JUN25
acacia_hanging_sign,6,iron_chain x2 @1563a + stripped_acacia_log x6 @3920a,26646.0,312500.0,ah,1875000.0,1848354.0,6936.7,231044.25,1125,2079398250,173,38,53294207,272500.0,tx_stack_med,15,
waxed_weathered_lightning_rod,1,weathered_lightning_rod x1 @75000a + honeycomb x1 @100o,75100.0,500000.0,ah,500000.0,424900.0,565.8,212450.0,4500,1912050000,8,8,3399200,749500.0,tx_med,15,STALE-JUN25
blue_harness,1,blue_dye x1 @766a + black_harness x1 @100000a,100765.6,500000.0,ah,500000.0,399234.4,396.2,199617.19,4500,1796554710,56,56,22357125,500000.0,tx_med,15,
light_blue_harness,1,light_blue_dye x1 @1247a + black_harness x1 @100000a,101247.0,500000.0,ah,500000.0,398753.0,393.8,199376.5,4500,1794388500,15,15,5981295,500000.0,tx_med,15,
field_masoned_banner_pattern,1,paper x1 @103o + bricks x1 @1953a,2056.0,400000.0,ah,400000.0,397944.0,19355.3,198972.0,4500,1790748000,50,50,19897200,400000.0,tx_med,15,STALE-JUN25
exposed_cut_copper_slab,6,exposed_cut_copper x3 @3125a,9375.0,100000.0,ah,600000.0,590625.0,6300.0,196875.0,3000,1771875000,0,0,0,155000.0,tx_med,7,
exposed_cut_copper,4,exposed_copper x4 @5000a,20000.0,200000.0,ah,800000.0,780000.0,3900.0,195000.0,2250,1755000000,64,1,12480000,345000.0,tx_stack_med,15,
waxed_exposed_cut_copper_slab,6,waxed_exposed_cut_copper x3 @49900a,149700.0,120000.0,ah,720000.0,570300.0,381.0,190100.0,3000,1710900000,13,13,1235650,120000.0,tx_med,15,
netherite_block,1,netherite_ingot x9 @5600000o,50400000.0,52000000.0,ah,52000000.0,1600000.0,3.2,177777.78,1000,1600000000,1548,1476,2476800000,52000000.0,tx_med,15,
cyan_harness,1,cyan_dye x1 @50o + black_harness x1 @100000a,100050.0,400000.0,ah,400000.0,299950.0,299.8,149974.99,4500,1349774955,27,27,8098650,400000.0,tx_med,15,STALE-JUN25
netherite_ingot,1,netherite_scrap x4 @1200000o + gold_ingot x4 @600o,4802400.0,6000000.0,ah,6000000.0,1197600.0,24.9,149700.0,1125,1347300000,6212,4726,7439491200,6000000.0,tx_med,15,STALE-JUN25
leather_horse_armor,1,leather x7 @283o,1981.0,1000000.0,ah,1000000.0,998019.0,50379.6,142574.14,1286,1283167286,114,114,113774166,1000000.0,tx_med,15,STALE-JUN25
pale_oak_pressure_plate,1,pale_oak_planks x2 @655a,1309.9,285000.0,ah,285000.0,283690.1,21657.7,141845.06,4500,1276605540,6115,123,1734765084,285000.0,tx_med,15,
waxed_exposed_copper_grate,4,waxed_exposed_copper x4 @20000a,80000.0,150000.0,ah,600000.0,520000.0,650.0,130000.0,2250,1170000000,0,0,0,150000.0,tx_med,15,
pink_harness,1,leather x3 @283o + glass x2 @280o + pink_wool x1 @160o,1569.0,750000.0,ah,750000.0,748431.0,47701.1,124738.5,1500,1122646500,20,20,14968620,750000.0,tx_med,15,STALE-JUN25
oxidized_cut_copper,4,oxidized_copper x4 @1000o,4000.0,124844.0,ah,499376.0,495376.0,12384.4,123844.0,2250,1114596000,4130,77,511475720,36612.0,tx_stack_med,15,STALE-JUN25
mojang_banner_pattern,1,paper x1 @103o + enchanted_golden_apple x1 @1365919a,1366022.5,1590000.0,ah,1590000.0,223977.5,16.4,111988.77,4500,1007898885,37,37,8287169,1590000.0,tx_med,15,STALE-JUN25
warped_hanging_sign,6,iron_chain x2 @1563a + stripped_warped_stem x6 @9375a,59376.0,159000.0,ah,954000.0,894624.0,1506.7,111828.0,1125,1006452000,1180,225,175942720,200000.0,tx_med,15,
warped_pressure_plate,1,warped_planks x2 @2049a,4098.1,225000.0,ah,225000.0,220901.9,5390.3,110450.95,4500,994058550,634,34,140051805,250000.0,tx_med,15,
weathered_cut_copper,4,weathered_copper x4 @43750a,175000.0,146875.0,ah,587500.0,412500.0,235.7,103125.0,2250,928125000,265,9,27328125,119562.0,tx_stack_med,15,
trapped_chest,1,chest x1 @558a + tripwire_hook x1 @51o,609.2,200000.0,ah,200000.0,199390.8,32728.3,99695.38,4500,897258465,12381,402,2468657123,200000.0,tx_med,15,STALE-JUN25
cherry_boat,1,cherry_planks x5 @781a,3906.2,500000.0,ah,500000.0,496093.8,12700.0,99218.75,1800,892968750,701,701,347761719,500000.0,tx_med,15,
mangrove_pressure_plate,1,mangrove_planks x2 @1717a,3434.0,200000.0,ah,200000.0,196566.0,5724.1,98283.0,4500,884547000,152,15,29878032,250000.0,tx_med,15,
crimson_pressure_plate,1,crimson_planks x2 @1094a,2188.0,194000.0,ah,194000.0,191812.0,8766.5,95906.0,4500,863154000,158,31,30306296,195000.0,tx_med,15,
exposed_cut_copper_stairs,4,exposed_cut_copper x6 @3125a,18750.0,142969.0,ah,571876.0,553126.0,2950.0,92187.67,1500,829689000,193,4,26688330,100000.0,tx_stack_med,15,
waxed_exposed_copper,1,exposed_copper x1 @5000a + honeycomb x1 @100o,5100.0,171875.0,ah,171875.0,166775.0,3270.1,83387.5,4500,750487500,118,4,19679450,57034.0,tx_med,15,STALE-JUN25
blue_harness,1,leather x3 @283o + glass x2 @280o + blue_wool x1 @70o,1479.0,500000.0,ah,500000.0,498521.0,33706.6,83086.83,1500,747781500,56,56,27917176,500000.0,tx_med,15,STALE-JUN25
light_blue_harness,1,leather x3 @283o + glass x2 @280o + light_blue_wool x1 @3215a,4624.0,500000.0,ah,500000.0,495376.0,10713.1,82562.67,1500,743064000,15,15,7430640,500000.0,tx_med,15,STALE-JUN25
acacia_shelf,6,stripped_acacia_log x6 @3920a,23520.0,85000.0,ah,510000.0,486480.0,2068.4,81080.0,1500,729720000,892,65,72323360,85000.0,tx_med,15,
waxed_lightning_rod,1,lightning_rod x1 @3109a + honeycomb x1 @100o,3209.0,154688.0,ah,154688.0,151479.0,4720.4,75739.5,4500,681655500,1195,40,181017405,685000.0,tx_stack_med,15,STALE-JUN25
waxed_oxidized_lightning_rod,1,oxidized_lightning_rod x1 @12255a + honeycomb x1 @100o,12355.0,156250.0,ah,156250.0,143895.0,1164.7,71947.5,4500,647527500,201,12,28922895,2000000.0,tx_stack_med,15,STALE-JUN25
waxed_weathered_copper_lantern,1,weathered_copper_lantern x1 @106250a + honeycomb x1 @100o,106350.0,250000.0,ah,250000.0,143650.0,135.1,71825.0,4500,646425000,84,30,12066600,250000.0,tx_med,15,STALE-JUN25
waxed_exposed_copper_grate,1,exposed_copper_grate x1 @9375a + honeycomb x1 @100o,9475.0,150000.0,ah,150000.0,140525.0,1483.1,70262.5,4500,632362500,0,0,0,150000.0,tx_med,15,STALE-JUN25
waxed_oxidized_copper_chest,1,oxidized_copper_chest x1 @9000a + honeycomb x1 @100o,9100.0,148438.0,ah,148438.0,139338.0,1531.2,69669.0,4500,627021000,474,40,66046212,300000.0,tx_stack_med,15,STALE-JUN25
pale_oak_chest_boat,1,chest x1 @558a + pale_oak_boat x1 @14000a,14558.2,150000.0,ah,150000.0,135441.8,930.3,67720.88,4500,609487965,7,7,948092,150000.0,tx_med,15,
cyan_harness,1,leather x3 @283o + glass x2 @280o + cyan_wool x1 @2344a,3752.8,400000.0,ah,400000.0,396247.2,10558.9,66041.21,1500,594370875,27,27,10698676,400000.0,tx_med,15,STALE-JUN25
waxed_oxidized_copper_trapdoor,1,oxidized_copper_trapdoor x1 @49133a + honeycomb x1 @100o,49232.5,180000.0,ah,180000.0,130767.5,265.6,65383.74,4500,588453615,4755,245,621799320,180000.0,tx_med,15,STALE-JUN25
cyan_banner,1,cyan_wool x6 @2344a + stick x1 @5o,14067.5,463000.0,ah,463000.0,448932.5,3191.3,64133.21,1286,577198929,358,227,160717835,463000.0,tx_med,15,STALE-JUN25
oxidized_copper_bulb,4,oxidized_copper x3 @1000o + blaze_rod x1 @400o + redstone x1 @361a,3760.9,80000.0,ah,320000.0,316239.1,8408.6,63247.82,1800,569230416,6937,802,548437694,89000.0,tx_med,15,STALE-JUN25
waxed_weathered_cut_copper_slab,6,waxed_weathered_cut_copper x3 @62500a,187500.0,62500.0,ah,375000.0,187500.0,100.0,62500.0,3000,562500000,443,8,13843750,56704.0,tx_stack_med,15,
waxed_exposed_cut_copper_slab,1,exposed_cut_copper_slab x1 @10000a + honeycomb x1 @100o,10100.0,120000.0,ah,120000.0,109900.0,1088.1,54950.0,4500,494550000,13,13,1428700,120000.0,tx_med,15,STALE-JUN25
waxed_cut_copper_slab,6,waxed_cut_copper x3 @6349a,19047.0,30078.0,ah,180468.0,161421.0,847.5,53807.0,3000,484263000,986,50,26526851,19060.0,tx_stack_med,15,
weathered_copper_bulb,4,weathered_copper x3 @43750a + blaze_rod x1 @400o + redstone x1 @361a,132010.9,100000.0,ah,400000.0,267989.1,203.0,53597.82,1800,482380416,157,91,10518573,775000.0,tx_med,15,STALE-JUN25
spruce_shelf,6,stripped_spruce_log x6 @2344a,14062.5,54688.0,ah,328128.0,314065.5,2233.4,52344.25,1500,471098250,46955,1086,2457824259,3249.0,tx_stack_med,15,
dark_oak_chest_boat,1,chest x1 @558a + dark_oak_boat x1 @5000a,5558.2,110000.0,ah,110000.0,104441.8,1879.0,52220.89,4500,469987965,27,27,2819928,110000.0,tx_med,15,
jungle_stairs,4,jungle_planks x6 @250a,1500.0,78125.0,ah,312500.0,311000.0,20733.3,51833.33,1500,466500000,6217,101,483371750,7000.0,tx_stack_med,15,
jungle_shelf,6,stripped_jungle_log x6 @10743a,64456.8,62500.0,ah,375000.0,310543.2,481.8,51757.2,1500,465814800,2168,52,112209610,99000.0,tx_stack_med,15,
exposed_copper_bulb,4,exposed_copper x3 @5000a + blaze_rod x1 @400o + redstone x1 @361a,15760.9,66615.0,ah,266460.0,250699.1,1590.6,50139.82,1800,451258416,174,21,10905412,66615.0,tx_med,15,STALE-JUN25
yellow_candle,1,candle x1 @100o + yellow_dye x1 @312a,412.5,100000.0,ah,100000.0,99587.5,24142.4,49793.75,4500,448143750,3281,101,326746588,100000.0,tx_med,15,STALE-JUN25
mangrove_chest_boat,1,chest x1 @558a + mangrove_boat x1 @100000a,100558.2,200000.0,ah,200000.0,99441.8,98.9,49720.89,4500,447487965,45,45,4474880,200000.0,tx_med,15,
acacia_chest_boat,1,chest x1 @558a + acacia_boat x1 @250o,808.2,100000.0,ah,100000.0,99191.8,12272.7,49595.89,4500,446362965,36,36,3570904,100000.0,tx_med,15,STALE-JUN25
bundle,1,string x1 @72o + leather x1 @283o,355.0,99000.0,ah,99000.0,98645.0,27787.3,49322.5,4500,443902500,4165,4165,410856425,99000.0,tx_med,15,STALE-JUN25
bordure_indented_banner_pattern,1,paper x1 @103o + vine x1 @1406a,1509.2,100000.0,ah,100000.0,98490.8,6525.8,49245.38,4500,443208375,218,218,21470984,100000.0,tx_med,15,STALE-JUN25
waxed_exposed_copper_lantern,1,exposed_copper_lantern x1 @100000a + honeycomb x1 @100o,100100.0,195652.0,ah,195652.0,95552.0,95.5,47776.0,4500,429984000,64,11,6115328,185000.0,tx_med,15,STALE-JUN25
red_nether_brick_slab,6,red_nether_bricks x3 @30o,90.0,23438.0,ah,140628.0,140538.0,156153.3,46846.0,3000,421614000,5082,88,119035686,12921.0,tx_stack_med,15,STALE-JUN25
smooth_red_sandstone_slab,6,smooth_red_sandstone x3 @1562a,4687.5,23438.0,ah,140628.0,135940.5,2900.1,45313.5,3000,407821500,130,4,2945378,22277.0,tx_stack_med,15,
jungle_chest_boat,1,chest x1 @558a + jungle_boat x1 @10000a,10558.2,100000.0,ah,100000.0,89441.8,847.1,44720.89,4500,402487965,10,10,894418,100000.0,tx_med,15,
bamboo_chest_raft,1,chest x1 @558a + bamboo_raft x1 @10000a,10558.2,100000.0,ah,100000.0,89441.8,847.1,44720.89,4500,402487965,18,18,1609952,100000.0,tx_med,15,
purple_bed,1,purple_dye x1 @781a + black_bed x1 @90000a,90781.0,179000.0,ah,179000.0,88219.0,97.2,44109.5,4500,396985500,320,320,28230080,179000.0,tx_med,15,
nether_brick_slab,6,nether_bricks x3 @2436a,7307.7,23047.0,ah,138282.0,130974.3,1792.3,43658.11,3000,392922990,6075,97,132611509,57681.0,tx_stack_med,15,
waxed_weathered_cut_copper,4,waxed_weathered_copper x4 @19231a,76923.1,62500.0,ah,250000.0,173076.9,225.0,43269.23,2250,389423070,1806,30,78144229,89147.0,tx_stack_med,15,
purple_candle,1,candle x1 @100o + purple_dye x1 @781a,881.0,84000.0,ah,84000.0,83119.0,9434.6,41559.5,4500,374035500,6559,203,545177521,84000.0,tx_med,15,STALE-JUN25
waxed_copper_door,1,copper_door x1 @7181a + honeycomb x1 @100o,7281.5,90000.0,ah,90000.0,82718.5,1136.0,41359.26,4500,372233340,5,3,413593,90000.0,tx_med,15,STALE-JUN25
waxed_weathered_copper_chest,1,weathered_copper_chest x1 @10000a + honeycomb x1 @100o,10100.0,90000.0,ah,90000.0,79900.0,791.1,39950.0,4500,359550000,15,12,1198500,95000.0,tx_med,15,STALE-JUN25
raiser_armor_trim_smithing_template,2,diamond x7 @5713a + raiser_armor_trim_smithing_template x1 @5000o + terracotta x1 @250a,45238.9,200000.0,ah,400000.0,354761.1,784.2,39417.9,1000,354761100,422,238,74854592,200000.0,tx_med,15,STALE-JUN25
wayfinder_armor_trim_smithing_template,2,diamond x7 @5713a + wayfinder_armor_trim_smithing_template x1 @5000o + terracotta x1 @250a,45238.9,199000.0,ah,398000.0,352761.1,779.8,39195.68,1000,352761100,349,228,61556812,199000.0,tx_med,15,STALE-JUN25
waxed_copper_bars,1,copper_bars x1 @1562a + honeycomb x1 @100o,1662.5,78125.0,ah,78125.0,76462.5,4599.2,38231.25,4500,344081250,1041,44,79597462,200000.0,tx_stack_med,15,STALE-JUN25
oxidized_chiseled_copper,1,oxidized_cut_copper_slab x2 @12172a,24344.0,99219.0,ah,99219.0,74875.0,307.6,37437.5,4500,336937500,75,6,5615625,70000.0,tx_stack_med,15,
stripped_jungle_wood,3,stripped_jungle_log x4 @10743a,42971.2,62500.0,ah,187500.0,144528.8,336.3,36132.2,2250,325189800,1452,26,69951939,134630.0,tx_stack_med,15,
black_banner,1,black_wool x6 @30o + stick x1 @5o,185.0,250000.0,ah,250000.0,249815.0,135035.1,35687.86,1286,321190714,9145,2501,2284558175,250000.0,tx_med,15,STALE-JUN25
smooth_red_sandstone_stairs,4,smooth_red_sandstone x6 @1562a,9375.0,54688.0,ah,218752.0,209377.0,2233.4,34896.17,1500,314065500,65,2,3402376,1000000.0,tx_stack_med,15,
crimson_button,1,crimson_planks x1 @1094a,1094.0,35000.0,ah,35000.0,33906.0,3099.3,33906.0,9000,305154000,5297,118,179600082,35000.0,tx_med,15,
crimson_slab,6,crimson_planks x3 @1094a,3282.0,17188.0,ah,103128.0,99846.0,3042.2,33282.0,3000,299538000,17602,289,292914882,2766.0,tx_stack_med,15,
waxed_exposed_copper_chain,1,exposed_copper_chain x1 @20000a + honeycomb x1 @100o,20100.0,85938.0,ah,85938.0,65838.0,327.6,32919.0,4500,296271000,0,0,0,,tx_stack_med,6,STALE-JUN25
waxed_weathered_copper_chain,1,weathered_copper_chain x1 @20000a + honeycomb x1 @100o,20100.0,85938.0,ah,85938.0,65838.0,327.6,32919.0,4500,296271000,15,3,987570,493333.0,tx_stack_med,10,STALE-JUN25
waxed_exposed_copper_trapdoor,1,exposed_copper_trapdoor x1 @50000a + honeycomb x1 @100o,50100.0,112500.0,ah,112500.0,62400.0,124.6,31200.0,4500,280800000,128,2,7987200,2500000.0,tx_stack_med,15,STALE-JUN25
black_bed,1,black_dye x1 @90o + blue_bed x1 @28900a,28990.0,90000.0,ah,90000.0,61010.0,210.5,30505.0,4500,274545000,1962,1962,119701620,90000.0,tx_med,15,STALE-JUN25
waxed_exposed_cut_copper,4,waxed_exposed_copper x4 @20000a,80000.0,49900.0,ah,199600.0,119600.0,149.5,29900.0,2250,269100000,3,3,89700,49900.0,tx_med,8,
powered_rail,6,gold_ingot x6 @600o + stick x1 @5o + redstone x1 @361a,3965.9,40000.0,ah,240000.0,236034.1,5951.6,29504.26,1125,265538385,262086,10102,10310206396,40000.0,tx_med,15,STALE-JUN25
stripped_crimson_hyphae,3,stripped_crimson_stem x4 @5781a,23124.0,46875.0,ah,140625.0,117501.0,508.1,29375.25,2250,264377250,1413,24,55342971,24381.0,tx_stack_med,15,
red_sandstone_wall,6,red_sandstone x6 @391a,2343.7,29688.0,ah,178128.0,175784.3,7500.2,29297.38,1500,263676420,1079,22,31611873,5000000.0,tx_stack_med,15,
spruce_chest_boat,1,chest x1 @558a + spruce_boat x1 @8000a,8558.2,67000.0,ah,67000.0,58441.8,682.9,29220.89,4500,262987965,309,309,18058507,67000.0,tx_med,15,
rabbit_stew,1,baked_potato x1 @20o + cooked_rabbit x1 @5000a + bowl x1 @2344a + carrot x1 @90o + brown_mushroom x1 @10o,7464.0,150000.0,ah,150000.0,142536.0,1909.6,28507.2,1800,256564800,72,72,10262592,150000.0,tx_med,15,STALE-JUN25
pink_banner,1,pink_wool x6 @160o + stick x1 @5o,965.0,200000.0,ah,200000.0,199035.0,20625.4,28433.57,1286,255902143,478,385,95138730,200000.0,tx_med,15,STALE-JUN25
rabbit_stew,1,baked_potato x1 @20o + cooked_rabbit x1 @5000a + bowl x1 @2344a + carrot x1 @90o + red_mushroom x1 @781a,8235.2,150000.0,ah,150000.0,141764.8,1721.4,28352.95,1800,255176550,72,72,10207062,150000.0,tx_med,15,STALE-JUN25
purple_bed,1,purple_wool x3 @3031a + spruce_planks x3 @32o,9189.0,179000.0,ah,179000.0,169811.0,1848.0,28301.83,1500,254716500,320,320,54339520,179000.0,tx_med,15,STALE-JUN25
purple_bed,1,purple_wool x3 @3031a + acacia_planks x3 @45o,9228.0,179000.0,ah,179000.0,169772.0,1839.7,28295.33,1500,254658000,320,320,54327040,179000.0,tx_med,15,STALE-JUN25
purple_bed,1,purple_wool x3 @3031a + oak_planks x3 @52o,9249.0,179000.0,ah,179000.0,169751.0,1835.3,28291.83,1500,254626500,320,320,54320320,179000.0,tx_med,15,STALE-JUN25
purple_bed,1,purple_wool x3 @3031a + birch_planks x3 @156a,9561.8,179000.0,ah,179000.0,169438.2,1772.0,28239.71,1500,254157375,320,320,54220240,179000.0,tx_med,15,
purple_bed,1,purple_wool x3 @3031a + jungle_planks x3 @250a,9843.0,179000.0,ah,179000.0,169157.0,1718.6,28192.83,1500,253735500,320,320,54130240,179000.0,tx_med,15,
purple_bed,1,purple_wool x3 @3031a + bamboo_planks x3 @469a,10500.0,179000.0,ah,179000.0,168500.0,1604.8,28083.33,1500,252750000,320,320,53920000,179000.0,tx_med,15,
purple_bed,1,purple_wool x3 @3031a + pale_oak_planks x3 @655a,11057.8,179000.0,ah,179000.0,167942.2,1518.8,27990.36,1500,251913270,320,320,53741498,179000.0,tx_med,15,
purple_bed,1,purple_wool x3 @3031a + cherry_planks x3 @781a,11436.8,179000.0,ah,179000.0,167563.2,1465.1,27927.21,1500,251344875,320,320,53620240,179000.0,tx_med,15,
oak_shelf,6,stripped_oak_log x6 @5415a,32492.6,33333.0,ah,199998.0,167505.4,515.5,27917.56,1500,251258040,3922,265,109492670,11529.0,tx_med,15,
purple_bed,1,purple_wool x3 @3031a + dark_oak_planks x3 @1041a,12215.7,179000.0,ah,179000.0,166784.3,1365.3,27797.39,1500,250176495,320,320,53370986,179000.0,tx_med,15,
purple_bed,1,purple_wool x3 @3031a + crimson_planks x3 @1094a,12375.0,179000.0,ah,179000.0,166625.0,1346.5,27770.83,1500,249937500,320,320,53320000,179000.0,tx_med,15,
purple_bed,1,purple_wool x3 @3031a + mangrove_planks x3 @1717a,14244.0,179000.0,ah,179000.0,164756.0,1156.7,27459.33,1500,247134000,320,320,52721920,179000.0,tx_med,15,
purple_bed,1,purple_wool x3 @3031a + warped_planks x3 @2049a,15240.2,179000.0,ah,179000.0,163759.9,1074.5,27293.31,1500,245639775,320,320,52403152,179000.0,tx_med,15,
raw_gold,9,raw_gold_block x1 @2800o,2800.0,3333.0,ah,29997.0,27197.0,971.3,27197.0,9000,244773000,42592,1631,128708292,4999.0,tx_med,15,STALE-JUN25
purpur_slab,6,purpur_pillar x3 @1484a,4452.0,14063.0,ah,84378.0,79926.0,1795.3,26642.0,3000,239778000,7438,130,99081598,10934.0,tx_stack_med,15,
purpur_slab,6,purpur_block x3 @1562a,4687.5,14063.0,ah,84378.0,79690.5,1700.1,26563.5,3000,239071500,7438,130,98789656,10934.0,tx_stack_med,15,
dune_armor_trim_smithing_template,2,diamond x7 @5713a + dune_armor_trim_smithing_template x1 @2600o + sandstone x1 @312a,42901.4,140000.0,ah,280000.0,237098.6,552.7,26344.29,1000,237098600,1456,1077,172607781,140000.0,tx_med,15,STALE-JUN25
exposed_copper_grate,4,exposed_copper x4 @5000a,20000.0,31250.0,ah,125000.0,105000.0,525.0,26250.0,2250,236250000,49,3,1286250,122000.0,tx_med,15,
red_banner,1,red_wool x6 @2943a + stick x1 @5o,17665.8,199999.0,ah,199999.0,182333.2,1032.1,26047.6,1286,234428374,3540,1198,645459457,199999.0,tx_med,15,STALE-JUN25
bamboo_hanging_sign,6,iron_chain x2 @1563a + stripped_bamboo_block x6 @2344a,17188.5,37500.0,ah,225000.0,207811.5,1209.0,25976.44,1125,233787938,1467,137,50809912,167000.0,tx_stack_med,15,
purple_banner,1,purple_wool x6 @3031a + stick x1 @5o,18191.0,199999.0,ah,199999.0,181808.0,999.4,25972.57,1286,233753143,508,368,92358464,200000.0,tx_med,15,STALE-JUN25
spruce_hanging_sign,6,iron_chain x2 @1563a + stripped_spruce_log x6 @2344a,17188.5,37449.0,ah,224694.0,207505.5,1207.2,25938.19,1125,233443688,3374,455,116687260,35279.0,tx_stack_med,15,
light_blue_banner,1,light_blue_wool x6 @3215a + stick x1 @5o,19295.0,200000.0,ah,200000.0,180705.0,936.5,25815.0,1286,232335000,723,279,130649715,200000.0,tx_med,15,STALE-JUN25
resin_brick_slab,6,resin_bricks x3 @5549a,16648.0,15625.0,ah,93750.0,77102.0,463.1,25700.66,3000,231305940,573,14,7363239,185246.0,tx_stack_med,15,
exposed_chiseled_copper,1,exposed_cut_copper_slab x2 @10000a,20000.0,70000.0,ah,70000.0,50000.0,250.0,25000.0,4500,225000000,260,8,13000000,70000.0,tx_med,15,
waxed_copper_golem_statue,1,copper_golem_statue x1 @100000a + honeycomb x1 @100o,100100.0,150000.0,ah,150000.0,49900.0,49.9,24950.0,4500,224550000,57,55,2844300,150000.0,tx_med,15,STALE-JUN25
copper_door,3,copper_ingot x6 @63o,378.0,50000.0,ah,150000.0,149622.0,39582.5,24937.0,1500,224433000,1207,54,60197918,50000.0,tx_med,15,STALE-JUN25
orange_banner,1,orange_wool x6 @4313a + stick x1 @5o,25882.7,200000.0,ah,200000.0,174117.3,672.7,24873.9,1286,223865100,410,66,71388093,200000.0,tx_med,15,STALE-JUN25
chest_minecart,1,chest x1 @558a + minecart x1 @460o,1018.2,50000.0,ah,50000.0,48981.8,4810.5,24490.88,4500,220417965,8192,8192,401258660,50000.0,tx_med,15,STALE-JUN25
weathered_cut_copper_stairs,4,weathered_cut_copper x6 @28125a,168750.0,78125.0,ah,312500.0,143750.0,85.2,23958.33,1500,215625000,123,3,4420312,56911.0,tx_stack_med,15,
hopper_minecart,1,hopper x1 @1900o + minecart x1 @460o,2360.0,50000.0,ah,50000.0,47640.0,2018.6,23820.0,4500,214380000,9248,9248,440574720,50000.0,tx_med,15,STALE-JUN25
waxed_copper_chain,1,copper_chain x1 @2344a + honeycomb x1 @100o,2443.8,50000.0,ah,50000.0,47556.2,1946.0,23778.12,4500,214003125,450,9,21400312,194500.0,tx_stack_med,15,STALE-JUN25
waxed_oxidized_copper_lantern,1,oxidized_copper_lantern x1 @31167a + honeycomb x1 @100o,31266.9,78125.0,ah,78125.0,46858.1,149.9,23429.04,4500,210861405,416,52,19492965,185000.0,tx_stack_med,15,STALE-JUN25
flower_banner_pattern,1,paper x1 @103o + oxeye_daisy x1 @3125a,3228.0,50000.0,ah,50000.0,46772.0,1449.0,23386.01,4500,210474090,180,180,8418964,50000.0,tx_med,15,STALE-JUN25
waxed_exposed_cut_copper,1,exposed_cut_copper x1 @3125a + honeycomb x1 @100o,3225.0,49900.0,ah,49900.0,46675.0,1447.3,23337.5,4500,210037500,3,3,140025,49900.0,tx_med,8,STALE-JUN25
green_carpet,3,green_wool x2 @501o,1002.2,15625.0,ah,46875.0,45872.8,4577.2,22936.4,4500,206427600,21189,347,323999586,5554.0,tx_stack_med,15,STALE-JUN25
dark_oak_hanging_sign,6,iron_chain x2 @1563a + stripped_dark_oak_log x6 @7188a,46251.0,37375.0,ah,224250.0,177999.0,384.9,22249.88,1125,200248875,765,94,22694872,50000.0,tx_med,15,
calibrated_sculk_sensor,1,amethyst_shard x3 @625a + sculk_sensor x1 @10000a,11875.0,100000.0,ah,100000.0,88125.0,742.1,22031.25,2250,198281250,916,274,80722500,100000.0,tx_med,15,
snout_armor_trim_smithing_template,2,diamond x7 @5713a + snout_armor_trim_smithing_template x1 @3000o + blackstone x1 @850o,43838.9,119999.0,ah,239998.0,196159.1,447.5,21795.46,1000,196159100,606,412,59436207,119999.0,tx_med,15,STALE-JUN25
creeper_banner_pattern,1,paper x1 @103o + creeper_head x1 @206000o,206103.0,249000.0,ah,249000.0,42897.0,20.8,21448.5,4500,193036500,91,91,3903627,249000.0,tx_med,15,STALE-JUN25
music_disc_5,1,disc_fragment_5 x9 @11995a,107955.5,300000.0,ah,300000.0,192044.5,177.9,21338.27,1000,192044460,200,200,38408892,300000.0,tx_med,15,
vex_armor_trim_smithing_template,2,diamond x7 @5713a + vex_armor_trim_smithing_template x1 @150000a + cobblestone x1 @131a,190120.3,190000.0,ah,380000.0,189879.7,99.9,21097.75,1000,189879740,762,656,72344181,194500.0,tx_med,15,
shaper_armor_trim_smithing_template,2,diamond x7 @5713a + shaper_armor_trim_smithing_template x1 @170000a + terracotta x1 @250a,210238.9,200000.0,ah,400000.0,189761.1,90.3,21084.57,1000,189761100,230,177,21822526,200000.0,tx_med,15,
waxed_copper_chest,1,copper_chest x1 @8812a + honeycomb x1 @100o,8912.2,51000.0,ah,51000.0,42087.8,472.2,21043.89,4500,189394965,371,45,15614563,51000.0,tx_med,15,STALE-JUN25
light_gray_stained_glass_pane,16,light_gray_stained_glass x6 @701o,4206.0,7813.0,ah,125008.0,120802.0,2872.1,20133.67,1500,181203000,15027,247,113455728,4096.0,tx_stack_med,15,STALE-JUN25
acacia_boat,1,acacia_planks x5 @45o,225.0,100000.0,ah,100000.0,99775.0,44344.4,19955.0,1800,179595000,292,292,29134300,100000.0,tx_med,15,STALE-JUN25
jack_o_lantern,1,carved_pumpkin x1 @142o + torch x1 @10o,152.0,40000.0,ah,40000.0,39848.0,26215.8,19924.0,4500,179316000,3000,233,119544000,150000.0,tx_med,15,STALE-JUN25
birch_shelf,6,stripped_birch_log x6 @5141a,30846.0,25000.0,ah,150000.0,119154.0,386.3,19859.0,1500,178731000,1412,81,28040908,40720.0,tx_med,15,
waxed_exposed_copper_bulb,4,waxed_exposed_copper x3 @20000a + blaze_rod x1 @400o + redstone x1 @361a,60760.9,40000.0,ah,160000.0,99239.1,163.3,19847.82,1800,178630416,799,173,19823014,75000.0,tx_med,15,STALE-JUN25
jungle_door,3,jungle_planks x6 @250a,1500.0,40000.0,ah,120000.0,118500.0,7900.0,19750.0,1500,177750000,1241,158,49019500,100000.0,tx_med,15,
cut_red_sandstone_slab,6,cut_red_sandstone x3 @3906a,11718.8,11719.0,ah,70314.0,58595.2,500.0,19531.75,3000,175785750,574,12,5605612,74441.0,tx_stack_med,15,
light_weighted_pressure_plate,1,gold_ingot x2 @600o,1200.0,39999.0,ah,39999.0,38799.0,3233.2,19399.5,4500,174595500,11314,1356,438971886,39999.0,tx_med,15,STALE-JUN25
lime_harness,1,leather x3 @283o + glass x2 @280o + lime_wool x1 @3125a,4534.0,120000.0,ah,120000.0,115466.0,2546.7,19244.33,1500,173199000,31,31,3579446,120000.0,tx_med,15,STALE-JUN25
polished_blackstone_button,1,polished_blackstone x1 @312o,312.0,19500.0,ah,19500.0,19188.0,6150.0,19188.0,9000,172692000,12630,1862,242344440,19500.0,tx_med,15,STALE-JUN25
bamboo_raft,1,bamboo_planks x5 @469a,2345.0,98000.0,ah,98000.0,95655.0,4079.1,19131.0,1800,172179000,409,409,39122895,98000.0,tx_med,15,
lime_banner,1,lime_wool x6 @3125a + stick x1 @5o,18755.0,150000.0,ah,150000.0,131245.0,699.8,18749.29,1286,168743571,362,232,47510690,150000.0,tx_med,15,STALE-JUN25
diamond,9,diamond_block x1 @44600o,44600.0,7000.0,ah,63000.0,18400.0,41.3,18400.0,9000,165600000,426121,17301,871180711,7325.0,tx_med,15,
mangrove_boat,1,mangrove_planks x5 @1717a,8585.0,100000.0,ah,100000.0,91415.0,1064.8,18283.0,1800,164547000,85,85,7770275,100000.0,tx_med,15,
warped_door,3,warped_planks x6 @2049a,12294.3,40000.0,ah,120000.0,107705.7,876.1,17950.95,1500,161558550,2081,291,74711854,195000.0,tx_med,15,
host_armor_trim_smithing_template,2,diamond x7 @5713a + host_armor_trim_smithing_template x1 @200000a + terracotta x1 @250a,240238.9,200000.0,ah,400000.0,159761.1,66.5,17751.23,1000,159761100,281,233,22446435,149000.0,tx_med,15,
mossy_stone_brick_slab,6,mossy_stone_bricks x3 @1047a,3140.6,9367.0,ah,56202.0,53061.4,1689.5,17687.12,3000,159184080,3589,63,31739537,8870.0,tx_stack_med,15,
polished_blackstone_pressure_plate,1,polished_blackstone x2 @312o,624.0,35950.0,ah,35950.0,35326.0,5661.2,17663.0,4500,158967000,1886,145,66624836,36266.0,tx_med,15,STALE-JUN25
yellow_stained_glass_pane,16,yellow_stained_glass x6 @1094a,6564.0,7031.0,ah,112496.0,105932.0,1613.8,17655.33,1500,158898000,13190,220,87327692,10155.0,tx_stack_med,15,
blue_banner,1,blue_wool x6 @70o + stick x1 @5o,425.0,123000.0,ah,123000.0,122575.0,28841.2,17510.71,1286,157596429,863,496,105782225,123000.0,tx_med,15,STALE-JUN25
green_banner,1,green_wool x6 @501o + stick x1 @5o,3011.6,124000.0,ah,124000.0,120988.4,4017.4,17284.06,1286,155556514,130,110,15728492,124000.0,tx_med,15,STALE-JUN25
sentry_armor_trim_smithing_template,2,diamond x7 @5713a + sentry_armor_trim_smithing_template x1 @2500o + cobblestone x1 @131a,42620.3,99000.0,ah,198000.0,155379.7,364.6,17264.42,1000,155379740,795,291,61763447,94500.0,tx_med,15,STALE-JUN25
cyan_stained_glass_pane,16,cyan_stained_glass x6 @1531a,9186.0,7031.0,ah,112496.0,103310.0,1124.6,17218.33,1500,154965000,8116,137,52403998,13028.0,tx_stack_med,15,
waxed_weathered_cut_copper,1,weathered_cut_copper x1 @28125a + honeycomb x1 @100o,28225.0,62500.0,ah,62500.0,34275.0,121.4,17137.5,4500,154237500,1806,30,61900650,89147.0,tx_stack_med,15,STALE-JUN25
bolt_armor_trim_smithing_template,2,diamond x7 @5713a + bolt_armor_trim_smithing_template x1 @4000o + waxed_copper_block x1 @505o,44493.9,98000.0,ah,196000.0,151506.1,340.5,16834.01,1000,151506090,1855,886,140521898,100000.0,tx_med,15,STALE-JUN25
bolt_armor_trim_smithing_template,2,diamond x7 @5713a + bolt_armor_trim_smithing_template x1 @4000o + copper_block x1 @642o,44630.9,98000.0,ah,196000.0,151369.1,339.2,16818.79,1000,151369100,1855,886,140394840,100000.0,tx_med,15,STALE-JUN25
black_harness,1,leather x3 @283o + glass x2 @280o + black_wool x1 @30o,1439.0,100000.0,ah,100000.0,98561.0,6849.3,16426.83,1500,147841500,160,160,15769760,100000.0,tx_med,15,STALE-JUN25
tnt_minecart,1,tnt x1 @1700o + minecart x1 @460o,2160.0,35000.0,ah,35000.0,32840.0,1520.4,16420.0,4500,147780000,9090,9090,298515600,35000.0,tx_med,15,STALE-JUN25
green_bed,1,green_wool x3 @501o + spruce_planks x3 @32o,1599.3,100000.0,ah,100000.0,98400.7,6152.7,16400.12,1500,147601050,374,374,36801862,100000.0,tx_med,15,STALE-JUN25
green_bed,1,green_wool x3 @501o + acacia_planks x3 @45o,1638.3,100000.0,ah,100000.0,98361.7,6003.9,16393.62,1500,147542550,374,374,36787276,100000.0,tx_med,15,STALE-JUN25
green_bed,1,green_wool x3 @501o + oak_planks x3 @52o,1659.3,100000.0,ah,100000.0,98340.7,5926.6,16390.12,1500,147511050,374,374,36779422,100000.0,tx_med,15,STALE-JUN25
cake,1,milk_bucket x3 @400o + sugar x2 @344a + egg x1 @28o + wheat x3 @225o,2591.0,150000.0,ah,150000.0,147409.0,5689.3,16378.78,1000,147409000,1808,1808,266515472,150000.0,tx_med,15,STALE-JUN25
gray_harness,1,leather x3 @283o + glass x2 @280o + gray_wool x1 @501o,1910.1,100000.0,ah,100000.0,98089.9,5135.3,16348.32,1500,147134850,14,14,1373259,100000.0,tx_med,15,STALE-JUN25
green_bed,1,green_wool x3 @501o + birch_planks x3 @156a,1972.1,100000.0,ah,100000.0,98027.9,4970.9,16337.99,1500,147041925,374,374,36662453,100000.0,tx_med,15,STALE-JUN25
waxed_weathered_copper_bulb,4,waxed_weathered_copper x3 @19231a + blaze_rod x1 @400o + redstone x1 @361a,58453.2,35000.0,ah,140000.0,81546.8,139.5,16309.36,1800,146784258,909,143,18531513,35000.0,tx_med,15,STALE-JUN25
crimson_fence_gate,1,stick x4 @5o + crimson_planks x2 @1094a,2208.0,100000.0,ah,100000.0,97792.0,4429.0,16298.67,1500,146688000,1476,453,144340992,100000.0,tx_med,15,STALE-JUN25
green_bed,1,green_wool x3 @501o + jungle_planks x3 @250a,2253.3,100000.0,ah,100000.0,97746.7,4337.9,16291.12,1500,146620050,374,374,36557266,100000.0,tx_med,15,STALE-JUN25
brown_bed,1,brown_wool x3 @4586a + spruce_planks x3 @32o,13854.8,111430.0,ah,111430.0,97575.2,704.3,16262.54,1500,146362875,188,188,18344147,111430.0,tx_med,15,STALE-JUN25
cake,1,milk_bucket x3 @400o + sugar x2 @344a + blue_egg x1 @1125a + wheat x3 @225o,3688.0,150000.0,ah,150000.0,146312.0,3967.2,16256.89,1000,146312000,1808,1808,264532096,150000.0,tx_med,15,STALE-JUN25
brown_bed,1,brown_wool x3 @4586a + acacia_planks x3 @45o,13893.8,111430.0,ah,111430.0,97536.2,702.0,16256.04,1500,146304375,188,188,18336815,111430.0,tx_med,15,STALE-JUN25
brown_bed,1,brown_wool x3 @4586a + oak_planks x3 @52o,13914.8,111430.0,ah,111430.0,97515.2,700.8,16252.54,1500,146272875,188,188,18332867,111430.0,tx_med,15,STALE-JUN25
cake,1,milk_bucket x3 @400o + sugar x2 @344a + brown_egg x1 @1250a + wheat x3 @225o,3813.0,150000.0,ah,150000.0,146187.0,3833.9,16243.0,1000,146187000,1808,1808,264306096,150000.0,tx_med,15,STALE-JUN25
brown_bed,1,brown_wool x3 @4586a + birch_planks x3 @156a,14227.5,111430.0,ah,111430.0,97202.5,683.2,16200.42,1500,145803750,188,188,18274070,111430.0,tx_med,15,
green_harness,1,leather x3 @283o + glass x2 @280o + green_wool x1 @501o,1910.1,99000.0,ah,99000.0,97089.9,5083.0,16181.65,1500,145634850,28,28,2718517,99000.0,tx_med,15,STALE-JUN25
green_bed,1,green_wool x3 @501o + bamboo_planks x3 @469a,2910.3,100000.0,ah,100000.0,97089.7,3336.1,16181.62,1500,145634550,374,374,36311548,100000.0,tx_med,15,STALE-JUN25
brown_bed,1,brown_wool x3 @4586a + jungle_planks x3 @250a,14508.8,111430.0,ah,111430.0,96921.2,668.0,16153.54,1500,145381875,188,188,18221195,111430.0,tx_med,15,
light_gray_harness,1,leather x3 @283o + glass x2 @280o + light_gray_wool x1 @1875a,3284.0,100000.0,ah,100000.0,96716.0,2945.1,16119.33,1500,145074000,38,38,3675208,100000.0,tx_med,15,STALE-JUN25
rib_armor_trim_smithing_template,2,diamond x7 @5713a + rib_armor_trim_smithing_template x1 @5000o + netherrack x1 @159a,45148.2,95000.0,ah,190000.0,144851.8,320.8,16094.64,1000,144851790,2364,1412,171214816,95000.0,tx_med,15,STALE-JUN25
green_bed,1,green_wool x3 @501o + pale_oak_planks x3 @655a,3468.1,100000.0,ah,100000.0,96531.9,2783.4,16088.65,1500,144797820,374,374,36102923,100000.0,tx_med,15,STALE-JUN25
brown_bed,1,brown_wool x3 @4586a + bamboo_planks x3 @469a,15165.8,111430.0,ah,111430.0,96264.2,634.7,16044.04,1500,144396375,188,188,18097679,111430.0,tx_med,15,
green_bed,1,green_wool x3 @501o + cherry_planks x3 @781a,3847.1,100000.0,ah,100000.0,96152.9,2499.4,16025.49,1500,144229425,374,374,35961203,100000.0,tx_med,15,STALE-JUN25
brown_bed,1,brown_wool x3 @4586a + pale_oak_planks x3 @655a,15723.6,111430.0,ah,111430.0,95706.4,608.7,15951.07,1500,143559645,188,188,17992809,111430.0,tx_med,15,
red_harness,1,leather x3 @283o + glass x2 @280o + red_wool x1 @2943a,4352.5,100000.0,ah,100000.0,95647.5,2197.5,15941.25,1500,143471295,78,78,7460507,100000.0,tx_med,15,STALE-JUN25
lime_stained_glass_pane,16,lime_stained_glass x6 @200o,1200.0,6047.0,ah,96752.0,95552.0,7962.7,15925.33,1500,143328000,10100,168,60317200,7383.0,tx_stack_med,15,STALE-JUN25
green_bed,1,green_wool x3 @501o + dark_oak_planks x3 @1041a,4626.0,100000.0,ah,100000.0,95374.0,2061.7,15895.67,1500,143061045,374,374,35669887,100000.0,tx_med,15,STALE-JUN25
brown_bed,1,brown_wool x3 @4586a + cherry_planks x3 @781a,16102.5,111430.0,ah,111430.0,95327.5,592.0,15887.92,1500,142991250,188,188,17921570,111430.0,tx_med,15,
green_bed,1,green_wool x3 @501o + crimson_planks x3 @1094a,4785.3,100000.0,ah,100000.0,95214.7,1989.7,15869.12,1500,142822050,374,374,35610298,100000.0,tx_med,15,STALE-JUN25
brown_bed,1,brown_wool x3 @4586a + dark_oak_planks x3 @1041a,16881.4,111430.0,ah,111430.0,94548.6,560.1,15758.1,1500,141822870,188,188,17775133,111430.0,tx_med,15,
brown_bed,1,brown_wool x3 @4586a + crimson_planks x3 @1094a,17040.8,111430.0,ah,111430.0,94389.2,553.9,15731.54,1500,141583875,188,188,17745179,111430.0,tx_med,15,
wild_armor_trim_smithing_template,2,diamond x7 @5713a + wild_armor_trim_smithing_template x1 @8500o + mossy_cobblestone x1 @24o,48512.9,95000.0,ah,190000.0,141487.1,291.6,15720.79,1000,141487100,901,610,63739939,97000.0,tx_med,15,STALE-JUN25
cut_copper_slab,6,cut_copper x3 @5000a,15000.0,10313.0,ah,61878.0,46878.0,312.5,15626.0,3000,140634000,2180,38,17032340,6430.0,tx_stack_med,15,
mossy_cobblestone_slab,6,mossy_cobblestone x3 @24o,72.0,7813.0,ah,46878.0,46806.0,65008.3,15602.0,3000,140418000,8928,153,69647328,920669.0,tx_stack_med,15,STALE-JUN25
waxed_weathered_copper,1,weathered_copper x1 @43750a + honeycomb x1 @100o,43850.0,75000.0,ah,75000.0,31150.0,71.0,15575.0,4500,140175000,6714,115,209141100,41578.0,tx_stack_med,15,STALE-JUN25
green_bed,1,green_wool x3 @501o + mangrove_planks x3 @1717a,6654.3,100000.0,ah,100000.0,93345.7,1402.8,15557.62,1500,140018550,374,374,34911292,100000.0,tx_med,15,STALE-JUN25
red_nether_brick_wall,6,red_nether_bricks x6 @30o,180.0,15453.0,ah,92718.0,92538.0,51410.0,15423.0,1500,138807000,2919,48,45019737,22768.0,tx_stack_med,15,STALE-JUN25
brown_bed,1,brown_wool x3 @4586a + mangrove_planks x3 @1717a,18909.8,111430.0,ah,111430.0,92520.2,489.3,15420.04,1500,138780375,188,188,17393807,111430.0,tx_med,15,
green_bed,1,green_wool x3 @501o + warped_planks x3 @2049a,7650.5,100000.0,ah,100000.0,92349.6,1207.1,15391.59,1500,138524325,374,374,34538732,100000.0,tx_med,15,STALE-JUN25
purple_harness,1,leather x3 @283o + glass x2 @280o + purple_wool x1 @3031a,4440.0,96000.0,ah,96000.0,91560.0,2062.2,15260.0,1500,137340000,27,27,2472120,96000.0,tx_med,15,STALE-JUN25
brown_bed,1,brown_wool x3 @4586a + warped_planks x3 @2049a,19905.9,111430.0,ah,111430.0,91524.1,459.8,15254.02,1500,137286150,188,188,17206531,111430.0,tx_med,15,
red_sandstone_slab,6,red_sandstone x3 @391a,1171.9,7813.0,ah,46878.0,45706.1,3900.3,15235.38,3000,137118420,3106,62,23660545,183291.0,tx_stack_med,15,
cut_red_sandstone,4,red_sandstone x4 @391a,1562.5,15625.0,ah,62500.0,60937.5,3900.1,15234.38,2250,137109420,801,15,12202738,10281.0,tx_stack_med,15,
beacon,1,glass x5 @280o + nether_star x1 @111000o + obsidian x3 @601o,114203.0,250000.0,ah,250000.0,135797.0,118.9,15088.56,1000,135797000,31906,1835,4332739082,274500.0,tx_med,15,STALE-JUN25
light_blue_bed,1,light_blue_wool x3 @3215a + spruce_planks x3 @32o,9741.0,100000.0,ah,100000.0,90259.0,926.6,15043.17,1500,135388500,330,330,29785470,100000.0,tx_med,15,STALE-JUN25
light_blue_bed,1,light_blue_wool x3 @3215a + acacia_planks x3 @45o,9780.0,100000.0,ah,100000.0,90220.0,922.5,15036.67,1500,135330000,330,330,29772600,100000.0,tx_med,15,STALE-JUN25
light_blue_bed,1,light_blue_wool x3 @3215a + oak_planks x3 @52o,9801.0,100000.0,ah,100000.0,90199.0,920.3,15033.17,1500,135298500,330,330,29765670,100000.0,tx_med,15,STALE-JUN25
light_blue_bed,1,light_blue_wool x3 @3215a + birch_planks x3 @156a,10113.8,100000.0,ah,100000.0,89886.2,888.8,14981.04,1500,134829375,330,330,29662462,100000.0,tx_med,15,
black_bed,1,black_wool x3 @30o + spruce_planks x3 @32o,186.0,90000.0,ah,90000.0,89814.0,48287.1,14969.0,1500,134721000,1962,1962,176215068,90000.0,tx_med,15,STALE-JUN25
black_bed,1,black_wool x3 @30o + acacia_planks x3 @45o,225.0,90000.0,ah,90000.0,89775.0,39900.0,14962.5,1500,134662500,1962,1962,176138550,90000.0,tx_med,15,STALE-JUN25
black_bed,1,black_wool x3 @30o + oak_planks x3 @52o,246.0,90000.0,ah,90000.0,89754.0,36485.4,14959.0,1500,134631000,1962,1962,176097348,90000.0,tx_med,15,STALE-JUN25
light_blue_bed,1,light_blue_wool x3 @3215a + jungle_planks x3 @250a,10395.0,100000.0,ah,100000.0,89605.0,862.0,14934.17,1500,134407500,330,330,29569650,100000.0,tx_med,15,
black_bed,1,black_wool x3 @30o + birch_planks x3 @156a,558.8,90000.0,ah,90000.0,89441.2,16007.4,14906.88,1500,134161875,1962,1962,175483732,90000.0,tx_med,15,STALE-JUN25
black_bed,1,black_wool x3 @30o + jungle_planks x3 @250a,840.0,90000.0,ah,90000.0,89160.0,10614.3,14860.0,1500,133740000,1962,1962,174931920,90000.0,tx_med,15,STALE-JUN25
light_blue_bed,1,light_blue_wool x3 @3215a + bamboo_planks x3 @469a,11052.0,100000.0,ah,100000.0,88948.0,804.8,14824.67,1500,133422000,330,330,29352840,100000.0,tx_med,15,
black_bed,1,black_wool x3 @30o + bamboo_planks x3 @469a,1497.0,90000.0,ah,90000.0,88503.0,5912.0,14750.5,1500,132754500,1962,1962,173642886,90000.0,tx_med,15,STALE-JUN25
light_blue_bed,1,light_blue_wool x3 @3215a + pale_oak_planks x3 @655a,11609.8,100000.0,ah,100000.0,88390.2,761.3,14731.7,1500,132585270,330,330,29168759,100000.0,tx_med,15,
light_blue_bed,1,light_blue_wool x3 @3215a + cherry_planks x3 @781a,11988.8,100000.0,ah,100000.0,88011.2,734.1,14668.54,1500,132016875,330,330,29043712,100000.0,tx_med,15,
black_bed,1,black_wool x3 @30o + pale_oak_planks x3 @655a,2054.8,90000.0,ah,90000.0,87945.2,4279.9,14657.53,1500,131917770,1962,1962,172548443,90000.0,tx_med,15,STALE-JUN25
wheat,9,hay_block x1 @2100o,2100.0,1859.0,ah,16731.0,14631.0,696.7,14631.0,9000,131679000,228627,3800,371671293,868.0,tx_stack_med,15,STALE-JUN25
warped_trapdoor,2,warped_planks x6 @2049a,12294.3,50000.0,ah,100000.0,87705.7,713.4,14617.62,1500,131558550,23316,1417,1022473051,50000.0,tx_med,15,
black_bed,1,black_wool x3 @30o + cherry_planks x3 @781a,2433.8,90000.0,ah,90000.0,87566.2,3598.0,14594.38,1500,131349375,1962,1962,171804982,90000.0,tx_med,15,STALE-JUN25
shulker_box,1,shulker_shell x2 @2800o + chest x1 @558a,6158.2,49900.0,ah,49900.0,43741.8,710.3,14580.59,3000,131225310,26223,26223,1147040435,49900.0,tx_med,15,
light_blue_bed,1,light_blue_wool x3 @3215a + dark_oak_planks x3 @1041a,12767.7,100000.0,ah,100000.0,87232.3,683.2,14538.72,1500,130848495,330,330,28786669,100000.0,tx_med,15,
light_blue_bed,1,light_blue_wool x3 @3215a + crimson_planks x3 @1094a,12927.0,100000.0,ah,100000.0,87073.0,673.6,14512.17,1500,130609500,330,330,28734090,100000.0,tx_med,15,
mangrove_fence,3,mangrove_planks x4 @1717a + stick x2 @5o,6878.0,31250.0,ah,93750.0,86872.0,1263.0,14478.67,1500,130308000,4252,75,123126581,49673.0,tx_stack_med,15,STALE-JUN25
black_bed,1,black_wool x3 @30o + dark_oak_planks x3 @1041a,3212.7,90000.0,ah,90000.0,86787.3,2701.4,14464.56,1500,130180995,1962,1962,170276741,90000.0,tx_med,15,STALE-JUN25
black_bed,1,black_wool x3 @30o + crimson_planks x3 @1094a,3372.0,90000.0,ah,90000.0,86628.0,2569.0,14438.0,1500,129942000,1962,1962,169964136,90000.0,tx_med,15,STALE-JUN25
polished_diorite_slab,6,polished_diorite x3 @1172a,3515.6,7688.0,ah,46128.0,42612.4,1212.1,14204.12,3000,127837080,22795,365,161891458,6969.0,tx_stack_med,15,
light_blue_bed,1,light_blue_wool x3 @3215a + mangrove_planks x3 @1717a,14796.0,100000.0,ah,100000.0,85204.0,575.9,14200.67,1500,127806000,330,330,28117320,100000.0,tx_med,15,
black_bed,1,black_wool x3 @30o + mangrove_planks x3 @1717a,5241.0,90000.0,ah,90000.0,84759.0,1617.2,14126.5,1500,127138500,1962,1962,166297158,90000.0,tx_med,15,STALE-JUN25
light_blue_bed,1,light_blue_wool x3 @3215a + warped_planks x3 @2049a,15792.2,100000.0,ah,100000.0,84207.9,533.2,14034.64,1500,126311775,330,330,27788591,100000.0,tx_med,15,
crimson_hanging_sign,6,iron_chain x2 @1563a + stripped_crimson_stem x6 @5781a,37812.0,25000.0,ah,150000.0,112188.0,296.7,14023.5,1125,126211500,663,67,12396774,250000.0,tx_stack_med,15,
copper_nugget,9,copper_ingot x1 @63o,63.0,1563.0,ah,14067.0,14004.0,22228.6,14004.0,9000,126036000,1414,42,2200184,4735.0,tx_stack_med,15,STALE-JUN25
black_bed,1,black_wool x3 @30o + warped_planks x3 @2049a,6237.2,90000.0,ah,90000.0,83762.9,1343.0,13960.48,1500,125644275,1962,1962,164342712,90000.0,tx_med,15,STALE-JUN25
lectern,1,spruce_slab x4 @94a + bookshelf x1 @50o,425.0,70000.0,ah,70000.0,69575.0,16370.6,13915.0,1800,125235000,28005,3027,1948447875,70000.0,tx_med,15,STALE-JUN25
lectern,1,acacia_slab x4 @109a + bookshelf x1 @50o,487.5,70000.0,ah,70000.0,69512.5,14258.4,13902.5,1800,125122464,28005,3027,1946697002,70000.0,tx_med,15,STALE-JUN25
iron_nugget,9,iron_ingot x1 @170o,170.0,1563.0,ah,14067.0,13897.0,8174.7,13897.0,9000,125073000,8570,240,13233032,1149.0,tx_stack_med,15,STALE-JUN25
tide_armor_trim_smithing_template,2,diamond x7 @5713a + tide_armor_trim_smithing_template x1 @12000o + prismarine x1 @2945a,54933.6,90000.0,ah,180000.0,125066.4,227.7,13896.27,1000,125066440,1011,518,63221085,90000.0,tx_med,15,STALE-JUN25
lectern,1,dark_oak_slab x4 @156a + bookshelf x1 @50o,674.0,70000.0,ah,70000.0,69326.0,10285.8,13865.2,1800,124786800,28005,3027,1941474630,70000.0,tx_med,15,STALE-JUN25
lectern,1,birch_slab x4 @312a + bookshelf x1 @50o,1300.0,70000.0,ah,70000.0,68700.0,5284.6,13740.0,1800,123660000,28005,3027,1923943500,70000.0,tx_med,15,STALE-JUN25
loom,1,string x2 @72o + spruce_planks x2 @32o,208.0,55000.0,ah,55000.0,54792.0,26342.3,13698.0,2250,123282000,11117,900,609122664,55000.0,tx_med,15,STALE-JUN25
loom,1,string x2 @72o + acacia_planks x2 @45o,234.0,55000.0,ah,55000.0,54766.0,23404.3,13691.5,2250,123223500,11117,900,608833622,55000.0,tx_med,15,STALE-JUN25
loom,1,string x2 @72o + oak_planks x2 @52o,248.0,55000.0,ah,55000.0,54752.0,22077.4,13688.0,2250,123192000,11117,900,608677984,55000.0,tx_med,15,STALE-JUN25
mud_brick_slab,6,mud_bricks x3 @50o,150.0,6859.0,ah,41154.0,41004.0,27336.0,13668.0,3000,123012000,11637,197,79527258,1000000.0,tx_stack_med,15,STALE-JUN25
pink_terracotta,8,terracotta x8 @250a + pink_dye x1 @141a,2140.6,15625.0,ah,125000.0,122859.4,5739.4,13651.04,1000,122859380,24191,379,371511408,8671.0,tx_stack_med,15,
loom,1,string x2 @72o + birch_planks x2 @156a,456.5,55000.0,ah,55000.0,54543.5,11948.2,13635.88,2250,122722875,11117,900,606360090,55000.0,tx_med,15,STALE-JUN25
flow_armor_trim_smithing_template,2,diamond x7 @5713a + flow_armor_trim_smithing_template x1 @22000o + breeze_rod x1 @15700o,77688.9,100000.0,ah,200000.0,122311.1,157.4,13590.12,1000,122311100,11009,2812,673261450,100000.0,tx_med,15,STALE-JUN25
loom,1,string x2 @72o + jungle_planks x2 @250a,644.0,55000.0,ah,55000.0,54356.0,8440.4,13589.0,2250,122301000,11117,900,604275652,55000.0,tx_med,15,STALE-JUN25
eye_armor_trim_smithing_template,2,diamond x7 @5713a + eye_armor_trim_smithing_template x1 @6000o + end_stone x1 @387a,46376.0,84000.0,ah,168000.0,121624.0,262.3,13513.77,1000,121623960,3673,1478,223362403,84000.0,tx_med,15,STALE-JUN25
lectern,1,cherry_slab x4 @609a + bookshelf x1 @50o,2486.0,70000.0,ah,70000.0,67514.0,2715.8,13502.8,1800,121525200,28005,3027,1890729570,70000.0,tx_med,15,STALE-JUN25
loom,1,string x2 @72o + bamboo_planks x2 @469a,1082.0,55000.0,ah,55000.0,53918.0,4983.2,13479.5,2250,121315500,11117,900,599406406,55000.0,tx_med,15,STALE-JUN25
gold_nugget,9,gold_ingot x1 @600o,600.0,1563.0,ah,14067.0,13467.0,2244.5,13467.0,9000,121203000,53189,1040,79588474,959.0,tx_stack_med,15,STALE-JUN25
lectern,1,oak_slab x4 @734a + bookshelf x1 @50o,2986.0,70000.0,ah,70000.0,67014.0,2244.3,13402.8,1800,120625200,28005,3027,1876727070,70000.0,tx_med,15,STALE-JUN25
loom,1,string x2 @72o + pale_oak_planks x2 @655a,1453.9,55000.0,ah,55000.0,53546.1,3683.0,13386.53,2250,120478770,11117,900,595272216,55000.0,tx_med,15,STALE-JUN25
lapis_lazuli,9,lapis_block x1 @700o,700.0,1563.0,ah,14067.0,13367.0,1909.6,13367.0,9000,120303000,290225,5179,431048619,746.0,tx_stack_med,15,
lectern,1,bamboo_slab x4 @781a + bookshelf x1 @50o,3175.0,70000.0,ah,70000.0,66825.0,2104.7,13365.0,1800,120285000,28005,3027,1871434125,70000.0,tx_med,15,STALE-JUN25
loom,1,string x2 @72o + cherry_planks x2 @781a,1706.5,55000.0,ah,55000.0,53293.5,3123.0,13323.38,2250,119910375,11117,900,592463840,55000.0,tx_med,15,STALE-JUN25
mangrove_door,3,mangrove_planks x6 @1717a,10302.0,30000.0,ah,90000.0,79698.0,773.6,13283.0,1500,119547000,2295,233,60968970,30000.0,tx_med,15,
purple_stained_glass_pane,16,purple_stained_glass x6 @200o,1200.0,5052.0,ah,80832.0,79632.0,6636.0,13272.0,1500,119448000,30647,493,152530119,4580.0,tx_stack_med,15,STALE-JUN25
loom,1,string x2 @72o + dark_oak_planks x2 @1041a,2225.8,55000.0,ah,55000.0,52774.2,2371.0,13193.56,2250,118741995,11117,900,586691004,55000.0,tx_med,15,STALE-JUN25
loom,1,string x2 @72o + crimson_planks x2 @1094a,2332.0,55000.0,ah,55000.0,52668.0,2258.5,13167.0,2250,118503000,11117,900,585510156,55000.0,tx_med,15,STALE-JUN25
mud_brick_wall,6,mud_bricks x6 @50o,300.0,13033.0,ah,78198.0,77898.0,25966.0,12983.0,1500,116847000,15878,251,206144074,15496.0,tx_stack_med,15,STALE-JUN25
end_stone_brick_wall,6,end_stone_bricks x6 @313a,1878.0,13281.0,ah,79686.0,77808.0,4143.1,12968.0,1500,116712000,4066,65,52727888,2044.0,tx_stack_med,15,
loom,1,string x2 @72o + mangrove_planks x2 @1717a,3578.0,55000.0,ah,55000.0,51422.0,1437.2,12855.5,2250,115699500,11117,900,571658374,55000.0,tx_med,15,STALE-JUN25
granite_slab,6,granite x3 @435a,1304.3,6641.0,ah,39846.0,38541.7,2954.9,12847.22,3000,115624980,7555,120,48530374,29598.0,tx_stack_med,15,
lectern,1,warped_slab x4 @1547a + bookshelf x1 @50o,6237.5,70000.0,ah,70000.0,63762.5,1022.2,12752.5,1800,114772464,28005,3027,1785668252,70000.0,tx_med,15,STALE-JUN25
lectern,1,pale_oak_slab x4 @1571a + bookshelf x1 @50o,6335.7,70000.0,ah,70000.0,63664.3,1004.8,12732.86,1800,114595704,28005,3027,1782918161,70000.0,tx_med,15,STALE-JUN25
loom,1,string x2 @72o + warped_planks x2 @2049a,4242.1,55000.0,ah,55000.0,50757.9,1196.5,12689.48,2250,114205275,11117,900,564275574,55000.0,tx_med,15,STALE-JUN25
red_bed,1,red_wool x3 @2943a + spruce_planks x3 @32o,8926.4,85000.0,ah,85000.0,76073.6,852.2,12678.93,1500,114110385,2104,2104,160058833,85000.0,tx_med,15,STALE-JUN25
light_gray_banner,1,light_gray_wool x6 @1875a + stick x1 @5o,11255.0,100000.0,ah,100000.0,88745.0,788.5,12677.86,1286,114100714,149,149,13223005,100000.0,tx_med,15,STALE-JUN25
red_bed,1,red_wool x3 @2943a + acacia_planks x3 @45o,8965.4,85000.0,ah,85000.0,76034.6,848.1,12672.43,1500,114051885,2104,2104,159976777,85000.0,tx_med,15,STALE-JUN25
red_bed,1,red_wool x3 @2943a + oak_planks x3 @52o,8986.4,85000.0,ah,85000.0,76013.6,845.9,12668.93,1500,114020385,2104,2104,159932593,85000.0,tx_med,15,STALE-JUN25
warped_fence_gate,1,stick x4 @5o + warped_planks x2 @2049a,4118.1,80000.0,ah,80000.0,75881.9,1842.6,12646.98,1500,113822850,2550,259,193498845,80000.0,tx_med,15,STALE-JUN25
waxed_copper_lantern,1,copper_lantern x1 @5889a + honeycomb x1 @100o,5988.7,31250.0,ah,31250.0,25261.3,421.8,12630.64,4500,113675715,1167,84,29479902,69999.0,tx_med,15,STALE-JUN25
red_sandstone_slab,6,chiseled_red_sandstone x3 @3000a,9000.0,7813.0,ah,46878.0,37878.0,420.9,12626.0,3000,113634000,3106,62,19608178,183291.0,tx_stack_med,15,
red_bed,1,red_wool x3 @2943a + birch_planks x3 @156a,9299.2,85000.0,ah,85000.0,75700.8,814.1,12616.81,1500,113551260,2104,2104,159274567,85000.0,tx_med,15,
red_bed,1,red_wool x3 @2943a + jungle_planks x3 @250a,9580.4,85000.0,ah,85000.0,75419.6,787.2,12569.93,1500,113129385,2104,2104,158682817,85000.0,tx_med,15,
lectern,1,mangrove_slab x4 @1786a + bookshelf x1 @50o,7194.0,70000.0,ah,70000.0,62806.0,873.0,12561.2,1800,113050800,28005,3027,1758882030,70000.0,tx_med,15,STALE-JUN25
red_stained_glass_pane,16,red_stained_glass x6 @18o,108.0,4688.0,ah,75008.0,74900.0,69351.9,12483.33,1500,112350000,25197,429,117953456,3591.0,tx_stack_med,15,STALE-JUN25
red_nether_brick_stairs,4,red_nether_bricks x6 @30o,180.0,18750.0,ah,75000.0,74820.0,41566.7,12470.0,1500,112230000,6843,119,127998315,32172.0,tx_stack_med,15,STALE-JUN25
red_bed,1,red_wool x3 @2943a + bamboo_planks x3 @469a,10237.4,85000.0,ah,85000.0,74762.6,730.3,12460.43,1500,112143885,2104,2104,157300489,85000.0,tx_med,15,
red_bed,1,red_wool x3 @2943a + pale_oak_planks x3 @655a,10795.2,85000.0,ah,85000.0,74204.8,687.4,12367.46,1500,111307155,2104,2104,156126836,85000.0,tx_med,15,
birch_chest_boat,1,chest x1 @558a + birch_boat x1 @9825a,10383.2,35000.0,ah,35000.0,24616.8,237.1,12308.39,4500,110775465,43,43,1058521,35000.0,tx_med,15,
red_bed,1,red_wool x3 @2943a + cherry_planks x3 @781a,11174.2,85000.0,ah,85000.0,73825.8,660.7,12304.31,1500,110738760,2104,2104,155329567,85000.0,tx_med,15,
red_bed,1,red_wool x3 @2943a + dark_oak_planks x3 @1041a,11953.1,85000.0,ah,85000.0,73046.9,611.1,12174.49,1500,109570380,2104,2104,153690720,85000.0,tx_med,15,
red_bed,1,red_wool x3 @2943a + crimson_planks x3 @1094a,12112.4,85000.0,ah,85000.0,72887.6,601.8,12147.93,1500,109331385,2104,2104,153355489,85000.0,tx_med,15,
black_terracotta,8,terracotta x8 @250a + black_dye x1 @90o,2090.0,13906.0,ah,111248.0,109158.0,5222.9,12128.67,1000,109158000,29909,475,408100828,4968.0,tx_stack_med,15,STALE-JUN25
magenta_banner,1,magenta_wool x6 @1843a + stick x1 @5o,11063.0,95000.0,ah,95000.0,83937.0,758.7,11991.0,1286,107919000,308,218,25852596,95000.0,tx_med,15,STALE-JUN25
cyan_bed,1,cyan_wool x3 @2344a + spruce_planks x3 @32o,7127.2,79000.0,ah,79000.0,71872.8,1008.4,11978.79,1500,107809125,229,229,16458860,79000.0,tx_med,15,STALE-JUN25
cyan_bed,1,cyan_wool x3 @2344a + acacia_planks x3 @45o,7166.2,79000.0,ah,79000.0,71833.8,1002.4,11972.29,1500,107750625,229,229,16449929,79000.0,tx_med,15,STALE-JUN25
cyan_bed,1,cyan_wool x3 @2344a + oak_planks x3 @52o,7187.2,79000.0,ah,79000.0,71812.8,999.2,11968.79,1500,107719125,229,229,16445120,79000.0,tx_med,15,STALE-JUN25
dark_oak_door,3,dark_oak_planks x6 @1041a,6245.3,26000.0,ah,78000.0,71754.7,1148.9,11959.11,1500,107631990,15482,772,370301882,26000.0,tx_med,15,
cyan_bed,1,cyan_wool x3 @2344a + birch_planks x3 @156a,7500.0,79000.0,ah,79000.0,71500.0,953.3,11916.67,1500,107250000,229,229,16373500,79000.0,tx_med,15,
cyan_bed,1,cyan_wool x3 @2344a + jungle_planks x3 @250a,7781.2,79000.0,ah,79000.0,71218.8,915.3,11869.79,1500,106828125,229,229,16309094,79000.0,tx_med,15,
ward_armor_trim_smithing_template,2,diamond x7 @5713a + ward_armor_trim_smithing_template x1 @43229a + cobbled_deepslate x1 @10o,83228.1,95000.0,ah,190000.0,106771.9,128.3,11863.55,1000,106771930,1323,456,70629632,95000.0,tx_med,15,STALE-JUN25
red_bed,1,red_wool x3 @2943a + mangrove_planks x3 @1717a,13981.4,85000.0,ah,85000.0,71018.6,508.0,11836.43,1500,106527885,2104,2104,149423113,85000.0,tx_med,15,
cyan_bed,1,cyan_wool x3 @2344a + bamboo_planks x3 @469a,8438.2,79000.0,ah,79000.0,70561.8,836.2,11760.29,1500,105842625,229,229,16158641,79000.0,tx_med,15,
lectern,1,crimson_slab x4 @2802a + bookshelf x1 @50o,11259.6,70000.0,ah,70000.0,58740.4,521.7,11748.07,1800,105732648,28005,3027,1645023782,70000.0,tx_med,15,STALE-JUN25
yellow_banner,1,yellow_wool x6 @2989a + stick x1 @5o,17940.0,100000.0,ah,100000.0,82060.0,457.4,11722.86,1286,105505766,198,137,16247888,125000.0,tx_med,15,STALE-JUN25
waxed_cut_copper_slab,1,cut_copper_slab x1 @6556a + honeycomb x1 @100o,6656.2,30078.0,ah,30078.0,23421.8,351.9,11710.88,4500,105397875,986,50,23093846,19060.0,tx_stack_med,15,STALE-JUN25
red_bed,1,red_wool x3 @2943a + warped_planks x3 @2049a,14977.6,85000.0,ah,85000.0,70022.4,467.5,11670.41,1500,105033660,2104,2104,147327214,85000.0,tx_med,15,
cyan_bed,1,cyan_wool x3 @2344a + pale_oak_planks x3 @655a,8996.1,79000.0,ah,79000.0,70003.9,778.2,11667.32,1500,105005895,229,229,16030900,79000.0,tx_med,15,
coast_armor_trim_smithing_template,2,diamond x7 @5713a + coast_armor_trim_smithing_template x1 @35156a + cobblestone x1 @131a,75276.5,90000.0,ah,180000.0,104723.5,139.1,11635.94,1000,104723490,5100,1144,267044900,90000.0,tx_med,15,
dark_oak_wood,3,dark_oak_log x4 @100o,400.0,15625.0,ah,46875.0,46475.0,11618.8,11618.75,2250,104568750,5317,89,82369192,6603.0,tx_stack_med,15,STALE-JUN25
cyan_bed,1,cyan_wool x3 @2344a + cherry_planks x3 @781a,9375.0,79000.0,ah,79000.0,69625.0,742.7,11604.17,1500,104437500,229,229,15944125,79000.0,tx_med,15,
lead,2,string x5 @72o,360.0,29000.0,ah,58000.0,57640.0,16011.1,11528.0,1800,103752000,48402,4075,1394945640,29000.0,tx_med,15,STALE-JUN25
lectern,1,jungle_slab x4 @3125a + bookshelf x1 @50o,12550.0,70000.0,ah,70000.0,57450.0,457.8,11490.0,1800,103410000,28005,3027,1608887250,70000.0,tx_med,15,STALE-JUN25
cyan_bed,1,cyan_wool x3 @2344a + dark_oak_planks x3 @1041a,10153.9,79000.0,ah,79000.0,68846.1,678.0,11474.35,1500,103269120,229,229,15765752,79000.0,tx_med,15,
clock,1,gold_ingot x4 @600o + redstone x1 @361a,2760.9,60000.0,ah,60000.0,57239.1,2073.2,11447.82,1800,103030416,1072,581,61360337,60000.0,tx_med,15,STALE-JUN25
cyan_bed,1,cyan_wool x3 @2344a + crimson_planks x3 @1094a,10313.2,79000.0,ah,79000.0,68686.8,666.0,11447.79,1500,103030125,229,229,15729266,79000.0,tx_med,15,
polished_tuff_slab,6,polished_tuff x3 @1852a,5554.8,6641.0,ah,39846.0,34291.2,617.3,11430.39,3000,102873510,10202,177,58306419,63889.0,tx_stack_med,15,
quartz_slab,6,quartz_block x3 @1100o,3300.0,6250.0,ah,37500.0,34200.0,1036.4,11400.0,3000,102600000,55766,975,317866200,4559.0,tx_stack_med,15,STALE-JUN25
white_banner,1,white_wool x6 @103o + stick x1 @5o,623.0,80000.0,ah,80000.0,79377.0,12741.1,11339.57,1286,102056143,38704,7234,3072207408,80000.0,tx_med,15,STALE-JUN25
tuff_brick_wall,6,tuff_bricks x6 @1181a,7088.8,12500.0,ah,75000.0,67911.2,958.0,11318.53,1500,101866770,10837,172,122658910,20141.0,tx_stack_med,15,
tuff_brick_slab,6,tuff_bricks x3 @1181a,3544.4,6242.0,ah,37452.0,33907.6,956.6,11302.53,3000,101722770,6509,105,36784084,6787.0,tx_stack_med,15,
cyan_bed,1,cyan_wool x3 @2344a + mangrove_planks x3 @1717a,12182.2,79000.0,ah,79000.0,66817.8,548.5,11136.29,1500,100226625,229,229,15301265,79000.0,tx_med,15,
pink_bed,1,pink_wool x3 @160o + spruce_planks x3 @32o,576.0,66641.0,ah,66641.0,66065.0,11469.6,11010.83,1500,99097500,696,696,45981240,66641.0,tx_med,15,STALE-JUN25
pink_bed,1,pink_wool x3 @160o + acacia_planks x3 @45o,615.0,66641.0,ah,66641.0,66026.0,10735.9,11004.33,1500,99039000,696,696,45954096,66641.0,tx_med,15,STALE-JUN25
pink_bed,1,pink_wool x3 @160o + oak_planks x3 @52o,636.0,66641.0,ah,66641.0,66005.0,10378.1,11000.83,1500,99007500,696,696,45939480,66641.0,tx_med,15,STALE-JUN25
cyan_bed,1,cyan_wool x3 @2344a + warped_planks x3 @2049a,13178.4,79000.0,ah,79000.0,65821.6,499.5,10970.27,1500,98732400,229,229,15073146,79000.0,tx_med,15,
pink_bed,1,pink_wool x3 @160o + birch_planks x3 @156a,948.8,66641.0,ah,66641.0,65692.2,6924.1,10948.71,1500,98538375,696,696,45721806,66641.0,tx_med,15,STALE-JUN25
recovery_compass,1,echo_shard x8 @2000o + compass x1 @700o,16700.0,115000.0,ah,115000.0,98300.0,588.6,10922.22,1000,98300000,431,249,42367300,115000.0,tx_med,15,STALE-JUN25
lime_bed,1,lime_wool x3 @3125a + spruce_planks x3 @32o,9471.0,74999.0,ah,74999.0,65528.0,691.9,10921.33,1500,98292000,467,467,30601576,74999.0,tx_med,15,STALE-JUN25
lime_bed,1,lime_wool x3 @3125a + acacia_planks x3 @45o,9510.0,74999.0,ah,74999.0,65489.0,688.6,10914.83,1500,98233500,467,467,30583363,74999.0,tx_med,15,STALE-JUN25
lime_bed,1,lime_wool x3 @3125a + oak_planks x3 @52o,9531.0,74999.0,ah,74999.0,65468.0,686.9,10911.33,1500,98202000,467,467,30573556,74999.0,tx_med,15,STALE-JUN25
pink_bed,1,pink_wool x3 @160o + jungle_planks x3 @250a,1230.0,66641.0,ah,66641.0,65411.0,5318.0,10901.83,1500,98116500,696,696,45526056,66641.0,tx_med,15,STALE-JUN25
quartz_slab,6,quartz_pillar x3 @1600a,4800.0,6250.0,ah,37500.0,32700.0,681.2,10900.0,3000,98100000,55766,975,303924700,4559.0,tx_stack_med,15,
gray_carpet,3,gray_wool x2 @501o,1002.2,7591.0,ah,22773.0,21770.8,2172.3,10885.4,4500,97968600,41360,679,300146763,4778.0,tx_stack_med,15,STALE-JUN25
daylight_detector,1,glass x3 @280o + quartz x3 @310o + spruce_slab x3 @94a,2051.2,100000.0,ah,100000.0,97948.8,4775.1,10883.19,1000,97948750,2141,185,209708274,100000.0,tx_med,15,STALE-JUN25
daylight_detector,1,glass x3 @280o + quartz x3 @310o + acacia_slab x3 @109a,2098.1,100000.0,ah,100000.0,97901.9,4666.1,10877.98,1000,97901860,2141,185,209607882,100000.0,tx_med,15,STALE-JUN25
daylight_detector,1,glass x3 @280o + quartz x3 @310o + dark_oak_slab x3 @156a,2238.0,100000.0,ah,100000.0,97762.0,4368.3,10862.44,1000,97762000,2141,185,209308442,100000.0,tx_med,15,STALE-JUN25
lime_bed,1,lime_wool x3 @3125a + birch_planks x3 @156a,9843.8,74999.0,ah,74999.0,65155.2,661.9,10859.21,1500,97732875,467,467,30427502,74999.0,tx_med,15,
lime_bed,1,lime_wool x3 @3125a + jungle_planks x3 @250a,10125.0,74999.0,ah,74999.0,64874.0,640.7,10812.33,1500,97311000,467,467,30296158,74999.0,tx_med,15,
daylight_detector,1,glass x3 @280o + quartz x3 @310o + birch_slab x3 @312a,2707.5,100000.0,ah,100000.0,97292.5,3593.4,10810.28,1000,97292500,2141,185,208303242,100000.0,tx_med,15,STALE-JUN25
pink_bed,1,pink_wool x3 @160o + bamboo_planks x3 @469a,1887.0,66641.0,ah,66641.0,64754.0,3431.6,10792.33,1500,97131000,696,696,45068784,66641.0,tx_med,15,STALE-JUN25
daylight_detector,1,glass x3 @280o + quartz x3 @310o + cherry_slab x3 @609a,3597.0,100000.0,ah,100000.0,96403.0,2680.1,10711.44,1000,96403000,2141,185,206398823,100000.0,tx_med,15,STALE-JUN25
lime_bed,1,lime_wool x3 @3125a + bamboo_planks x3 @469a,10782.0,74999.0,ah,74999.0,64217.0,595.6,10702.83,1500,96325500,467,467,29989339,74999.0,tx_med,15,
pink_bed,1,pink_wool x3 @160o + pale_oak_planks x3 @655a,2444.8,66641.0,ah,66641.0,64196.2,2625.8,10699.36,1500,96294270,696,696,44680541,66641.0,tx_med,15,STALE-JUN25
soul_campfire,1,stick x3 @5o + soul_sand x1 @85o + acacia_wood x3 @50o,250.0,75000.0,ah,75000.0,74750.0,29900.0,10678.57,1286,96107143,15040,1626,1124240000,80000.0,tx_med,15,STALE-JUN25
soul_campfire,1,stick x3 @5o + soul_sand x1 @85o + oak_wood x3 @51o,252.7,75000.0,ah,75000.0,74747.3,29579.5,10678.19,1286,96103671,15040,1626,1124199392,80000.0,tx_med,15,STALE-JUN25
soul_campfire,1,stick x3 @5o + soul_sand x1 @85o + jungle_log x3 @66o,298.0,75000.0,ah,75000.0,74702.0,25067.8,10671.71,1286,96045429,15040,1626,1123518080,80000.0,tx_med,15,STALE-JUN25
daylight_detector,1,glass x3 @280o + quartz x3 @310o + oak_slab x3 @734a,3972.0,100000.0,ah,100000.0,96028.0,2417.6,10669.78,1000,96028000,2141,185,205595948,100000.0,tx_med,15,STALE-JUN25
soul_campfire,1,stick x3 @5o + soul_sand x1 @85o + spruce_log x3 @72o,316.0,75000.0,ah,75000.0,74684.0,23634.2,10669.14,1286,96022286,15040,1626,1123247360,80000.0,tx_med,15,STALE-JUN25
soul_campfire,1,stick x3 @5o + soul_sand x1 @85o + oak_log x3 @85o,355.2,75000.0,ah,75000.0,74644.8,21016.1,10663.55,1286,95971911,15040,1626,1122658093,80000.0,tx_med,15,STALE-JUN25
soul_campfire,1,stick x3 @5o + soul_sand x1 @85o + dark_oak_log x3 @100o,400.0,75000.0,ah,75000.0,74600.0,18650.0,10657.14,1286,95914286,15040,1626,1121984000,80000.0,tx_med,15,STALE-JUN25
daylight_detector,1,glass x3 @280o + quartz x3 @310o + bamboo_slab x3 @781a,4113.8,100000.0,ah,100000.0,95886.2,2330.9,10654.03,1000,95886250,2141,185,205292461,100000.0,tx_med,15,STALE-JUN25
soul_campfire,1,stick x3 @5o + soul_sand x1 @85o + cherry_log x3 @128o,484.0,75000.0,ah,75000.0,74516.0,15395.9,10645.14,1286,95806286,15040,1626,1120720640,80000.0,tx_med,15,STALE-JUN25
soul_campfire,1,stick x3 @5o + soul_sand x1 @85o + acacia_log x3 @142o,527.5,75000.0,ah,75000.0,74472.5,14118.0,10638.93,1286,95750357,15040,1626,1120066400,80000.0,tx_med,15,STALE-JUN25
pink_bed,1,pink_wool x3 @160o + cherry_planks x3 @781a,2823.8,66641.0,ah,66641.0,63817.2,2260.0,10636.21,1500,95725875,696,696,44416806,66641.0,tx_med,15,STALE-JUN25
soul_campfire,1,stick x3 @5o + soul_sand x1 @85o + spruce_wood x3 @150o,550.0,75000.0,ah,75000.0,74450.0,13536.4,10635.71,1286,95721429,15040,1626,1119728000,80000.0,tx_med,15,STALE-JUN25
soul_campfire,1,stick x3 @5o + soul_sand x1 @85o + birch_log x3 @160o,580.0,75000.0,ah,75000.0,74420.0,12831.0,10631.43,1286,95682857,15040,1626,1119276800,80000.0,tx_med,15,STALE-JUN25
soul_campfire,1,stick x3 @5o + soul_sand x1 @85o + stripped_oak_wood x3 @167o,601.0,75000.0,ah,75000.0,74399.0,12379.2,10628.43,1286,95655857,15040,1626,1118960960,80000.0,tx_med,15,STALE-JUN25
soul_campfire,1,stick x3 @5o + soul_sand x1 @85o + stripped_dark_oak_wood x3 @191o,673.0,75000.0,ah,75000.0,74327.0,11044.1,10618.14,1286,95563286,15040,1626,1117878080,80000.0,tx_med,15,STALE-JUN25
soul_campfire,1,stick x3 @5o + soul_sand x1 @85o + warped_stem x3 @201o,703.0,75000.0,ah,75000.0,74297.0,10568.6,10613.86,1286,95524714,15040,1626,1117426880,80000.0,tx_med,15,STALE-JUN25
lime_bed,1,lime_wool x3 @3125a + pale_oak_planks x3 @655a,11339.8,74999.0,ah,74999.0,63659.2,561.4,10609.86,1500,95488770,467,467,29728837,74999.0,tx_med,15,
lime_bed,1,lime_wool x3 @3125a + cherry_planks x3 @781a,11718.8,74999.0,ah,74999.0,63280.2,540.0,10546.71,1500,94920375,467,467,29551877,74999.0,tx_med,15,
soul_campfire,1,stick x3 @5o + soul_soil x1 @1094a + dark_oak_wood x3 @25o,1183.8,75000.0,ah,75000.0,73816.2,6235.8,10545.18,1286,94906607,15040,1626,1110196400,80000.0,tx_med,15,STALE-JUN25
pink_bed,1,pink_wool x3 @160o + dark_oak_planks x3 @1041a,3602.7,66641.0,ah,66641.0,63038.3,1749.8,10506.39,1500,94557495,696,696,43874678,66641.0,tx_med,15,STALE-JUN25
pink_bed,1,pink_wool x3 @160o + crimson_planks x3 @1094a,3762.0,66641.0,ah,66641.0,62879.0,1671.4,10479.83,1500,94318500,696,696,43763784,66641.0,tx_med,15,STALE-JUN25
lime_bed,1,lime_wool x3 @3125a + dark_oak_planks x3 @1041a,12497.7,74999.0,ah,74999.0,62501.3,500.1,10416.89,1500,93751995,467,467,29188121,74999.0,tx_med,15,
daylight_detector,1,glass x3 @280o + quartz x3 @310o + warped_slab x3 @1547a,6410.6,100000.0,ah,100000.0,93589.4,1459.9,10398.82,1000,93589360,2141,185,200374820,100000.0,tx_med,15,STALE-JUN25
daylight_detector,1,glass x3 @280o + quartz x3 @310o + pale_oak_slab x3 @1571a,6484.3,100000.0,ah,100000.0,93515.7,1442.2,10390.63,1000,93515710,2141,185,200217135,100000.0,tx_med,15,STALE-JUN25
lime_bed,1,lime_wool x3 @3125a + crimson_planks x3 @1094a,12657.0,74999.0,ah,74999.0,62342.0,492.5,10390.33,1500,93513000,467,467,29113714,74999.0,tx_med,15,
flower_pot,1,brick x3 @2634a,7902.4,39000.0,ah,39000.0,31097.6,393.5,10365.88,3000,93292920,26983,2348,839107620,39000.0,tx_med,15,
soul_campfire,1,stick x3 @5o + soul_sand x1 @85o + pale_oak_log x3 @781a,2443.0,75000.0,ah,75000.0,72557.0,2970.0,10365.29,1286,93287571,15040,1626,1091257280,80000.0,tx_med,15,STALE-JUN25
soul_campfire,1,stick x3 @5o + soul_sand x1 @85o + crimson_hyphae x3 @800o,2500.0,75000.0,ah,75000.0,72500.0,2900.0,10357.14,1286,93214286,15040,1626,1090400000,80000.0,tx_med,15,STALE-JUN25
daylight_detector,1,glass x3 @280o + quartz x3 @310o + mangrove_slab x3 @1786a,7128.0,100000.0,ah,100000.0,92872.0,1302.9,10319.11,1000,92872000,2141,185,198838952,100000.0,tx_med,15,STALE-JUN25
pale_oak_slab,6,pale_oak_planks x3 @655a,1964.8,5469.0,ah,32814.0,30849.2,1570.1,10283.06,3000,92547540,45255,724,232679940,23615.0,tx_stack_med,15,
pink_bed,1,pink_wool x3 @160o + mangrove_planks x3 @1717a,5631.0,66641.0,ah,66641.0,61010.0,1083.5,10168.33,1500,91515000,696,696,42462960,66641.0,tx_med,15,STALE-JUN25
raw_iron,9,raw_iron_block x1 @1100o,1100.0,1250.0,ah,11250.0,10150.0,922.7,10150.0,9000,91350000,41400,1526,46690000,1385.0,tx_stack_med,15,STALE-JUN25
lime_bed,1,lime_wool x3 @3125a + mangrove_planks x3 @1717a,14526.0,74999.0,ah,74999.0,60473.0,416.3,10078.83,1500,90709500,467,467,28240891,74999.0,tx_med,15,
resin_brick_wall,6,resin_bricks x6 @5549a,33296.0,15625.0,ah,93750.0,60454.0,181.6,10075.66,1500,90680940,497,10,5007603,23994.0,tx_stack_med,15,
soul_campfire,1,stick x3 @5o + soul_sand x1 @85o + birch_wood x3 @1562a,4787.5,75000.0,ah,75000.0,70212.5,1466.6,10030.36,1286,90273214,15040,1626,1055996000,80000.0,tx_med,15,STALE-JUN25
brown_bed,1,brown_dye x1 @1391a + black_bed x1 @90000a,91390.6,111430.0,ah,111430.0,20039.4,21.9,10019.69,4500,90177210,188,188,3767403,111430.0,tx_med,15,
red_sandstone_stairs,4,red_sandstone x6 @391a,2343.7,15602.0,ah,62408.0,60064.3,2562.8,10010.71,1500,90096420,1105,20,16592757,37463.0,tx_stack_med,15,
pink_bed,1,pink_wool x3 @160o + warped_planks x3 @2049a,6627.2,66641.0,ah,66641.0,60013.8,905.6,10002.31,1500,90020775,696,696,41769640,66641.0,tx_med,15,STALE-JUN25
daylight_detector,1,glass x3 @280o + quartz x3 @310o + crimson_slab x3 @2802a,10177.2,100000.0,ah,100000.0,89822.8,882.6,9980.31,1000,89822770,2141,185,192310551,100000.0,tx_med,15,STALE-JUN25
lime_harness,1,lime_dye x1 @50o + black_harness x1 @100000a,100050.0,120000.0,ah,120000.0,19950.0,19.9,9975.0,4500,89775000,31,31,618450,120000.0,tx_med,15,STALE-JUN25
lime_bed,1,lime_wool x3 @3125a + warped_planks x3 @2049a,15522.2,74999.0,ah,74999.0,59476.8,383.2,9912.81,1500,89215275,467,467,27775689,74999.0,tx_med,15,
daylight_detector,1,glass x3 @280o + quartz x3 @310o + jungle_slab x3 @3125a,11145.0,100000.0,ah,100000.0,88855.0,797.3,9872.78,1000,88855000,2141,185,190238555,100000.0,tx_med,15,STALE-JUN25
emerald,9,emerald_block x1 @21100o,21100.0,3438.0,ah,30942.0,9842.0,46.6,9842.0,9000,88578000,247593,6250,270756701,18000.0,tx_stack_med,15,
soul_campfire,1,stick x3 @5o + soul_sand x1 @85o + crimson_stem x3 @2047a,6240.7,75000.0,ah,75000.0,68759.3,1101.8,9822.76,1286,88404853,15040,1626,1034140323,80000.0,tx_med,15,STALE-JUN25
white_harness,1,leather x3 @283o + glass x2 @280o + white_wool x1 @103o,1512.0,60000.0,ah,60000.0,58488.0,3868.3,9748.0,1500,87732000,639,639,37373832,60000.0,tx_med,15,STALE-JUN25
soul_campfire,1,stick x3 @5o + soul_sand x1 @85o + stripped_spruce_log x3 @2344a,7131.2,75000.0,ah,75000.0,67868.8,951.7,9695.54,1286,87259821,15040,1626,1020746000,80000.0,tx_med,15,STALE-JUN25
soul_campfire,1,stick x3 @5o + soul_sand x1 @85o + stripped_birch_wood x3 @2344a,7132.0,75000.0,ah,75000.0,67868.0,951.6,9695.43,1286,87258857,15040,1626,1020734720,80000.0,tx_med,15,STALE-JUN25
cyan_candle,1,candle x1 @100o + cyan_dye x1 @50o,150.0,19480.0,ah,19480.0,19330.0,12885.8,9665.0,4500,86984955,7580,160,146521324,95000.0,tx_stack_med,15,STALE-JUN25
brown_stained_glass_pane,16,brown_stained_glass x6 @2982a,17890.8,4688.0,ah,75008.0,57117.2,319.3,9519.53,1500,85675800,2218,40,7917872,10141.0,tx_stack_med,15,
magenta_harness,1,leather x3 @283o + glass x2 @280o + magenta_wool x1 @1843a,3252.0,60000.0,ah,60000.0,56748.0,1745.0,9458.0,1500,85122000,89,89,5050572,60000.0,tx_med,15,STALE-JUN25
prismarine_wall,6,prismarine x6 @2945a,17668.0,12344.0,ah,74064.0,56396.0,319.2,9399.34,1500,84594060,5191,93,48791974,14541.0,tx_stack_med,15,
soul_campfire,1,stick x3 @5o + soul_sand x1 @85o + stripped_spruce_wood x3 @3125a,9475.0,75000.0,ah,75000.0,65525.0,691.6,9360.71,1286,84246429,15040,1626,985496000,80000.0,tx_med,15,STALE-JUN25
smooth_sandstone_slab,6,smooth_sandstone x3 @31o,93.0,4688.0,ah,28128.0,28035.0,30145.2,9345.0,3000,84105000,13663,226,63840368,210452.0,tx_stack_med,15,STALE-JUN25
iron_door,3,iron_ingot x6 @170o,1020.0,19000.0,ah,57000.0,55980.0,5488.2,9330.0,1500,83970000,11245,1105,209831700,19000.0,tx_med,15,STALE-JUN25
wind_charge,4,breeze_rod x1 @15700o,15700.0,6250.0,ah,25000.0,9300.0,59.2,9300.0,9000,83700000,366527,9159,852175275,23900.0,tx_stack_med,15,STALE-JUN25
cherry_button,1,cherry_planks x1 @781a,781.2,10000.0,ah,10000.0,9218.8,1180.0,9218.75,9000,82968750,5454,119,50279062,10000.0,tx_med,15,
soul_campfire,1,stick x3 @5o + soul_sand x1 @85o + mangrove_log x3 @3463a,10490.1,75000.0,ah,75000.0,64509.9,615.0,9215.69,1286,82941249,15040,1626,970228294,80000.0,tx_med,15,STALE-JUN25
soul_campfire,1,stick x3 @5o + soul_sand x1 @85o + pale_oak_wood x3 @3577a,10832.1,75000.0,ah,75000.0,64167.9,592.4,9166.84,1286,82501534,15040,1626,965084614,80000.0,tx_med,15,STALE-JUN25
sandstone_slab,6,sandstone x3 @312a,937.5,4688.0,ah,28128.0,27190.5,2900.3,9063.5,3000,81571500,17375,288,78739156,5523.0,tx_stack_med,15,
dark_prismarine_slab,6,dark_prismarine x3 @350o,1050.0,4688.0,ah,28128.0,27078.0,2578.9,9026.0,3000,81234000,8315,131,37525595,6120.0,tx_stack_med,15,STALE-JUN25
soul_campfire,1,stick x3 @5o + soul_sand x1 @85o + stripped_pale_oak_log x3 @3906a,11818.8,75000.0,ah,75000.0,63181.2,534.6,9025.89,1286,81233036,15040,1626,950246000,80000.0,tx_med,15,STALE-JUN25
soul_campfire,1,stick x3 @5o + soul_sand x1 @85o + stripped_acacia_log x3 @3920a,11860.0,75000.0,ah,75000.0,63140.0,532.4,9020.0,1286,81180000,15040,1626,949625600,80000.0,tx_med,15,STALE-JUN25
oxidized_copper_grate,4,oxidized_copper x4 @1000o,4000.0,9982.0,ah,39928.0,35928.0,898.2,8982.0,2250,80838000,1174,39,10544868,75000.0,tx_stack_med,15,STALE-JUN25
polished_tuff_wall,6,polished_tuff x6 @1852a,11109.7,10781.0,ah,64686.0,53576.3,482.3,8929.39,1500,80364510,5370,85,47950824,8709.0,tx_stack_med,15,
warped_planks,4,warped_stem x1 @201o,201.0,2266.0,ah,9064.0,8863.0,4409.5,8863.0,9000,79767000,65932,1063,146088829,2053.0,tx_stack_med,15,STALE-JUN25
soul_campfire,1,stick x3 @5o + soul_sand x1 @85o + stripped_cherry_log x3 @4688a,14162.5,75000.0,ah,75000.0,60837.5,429.6,8691.07,1286,78219643,15040,1626,914996000,80000.0,tx_med,15,STALE-JUN25
soul_campfire,1,stick x3 @5o + soul_sand x1 @85o + cherry_wood x3 @4688a,14162.5,75000.0,ah,75000.0,60837.5,429.6,8691.07,1286,78219643,15040,1626,914996000,80000.0,tx_med,15,STALE-JUN25
gray_stained_glass,8,glass x8 @280o + gray_dye x1 @3538a,5777.7,10438.0,ah,83504.0,77726.3,1345.3,8636.25,1000,77726280,94745,1542,920522050,2893.0,tx_stack_med,15,STALE-JUN25
grindstone,1,stick x2 @5o + stone_slab x1 @1962a + spruce_planks x2 @32o,2036.0,45000.0,ah,45000.0,42964.0,2110.2,8592.79,1800,77335146,12618,2127,542119373,45000.0,tx_med,15,STALE-JUN25
grindstone,1,stick x2 @5o + stone_slab x1 @1962a + acacia_planks x2 @45o,2062.0,45000.0,ah,45000.0,42938.0,2082.3,8587.59,1800,77288346,12618,2127,541791305,45000.0,tx_med,15,STALE-JUN25
grindstone,1,stick x2 @5o + stone_slab x1 @1962a + oak_planks x2 @52o,2076.0,45000.0,ah,45000.0,42924.0,2067.6,8584.79,1800,77263146,12618,2127,541614653,45000.0,tx_med,15,STALE-JUN25
lime_carpet,3,lime_wool x2 @3125a,6250.0,7797.0,ah,23391.0,17141.0,274.3,8570.5,4500,77134500,9936,162,56770992,5526.0,tx_stack_med,15,
grindstone,1,stick x2 @5o + stone_slab x1 @1962a + birch_planks x2 @156a,2284.5,45000.0,ah,45000.0,42715.5,1869.8,8543.09,1800,76887846,12618,2127,538983800,45000.0,tx_med,15,STALE-JUN25
soul_campfire,1,stick x3 @5o + soul_sand x1 @85o + jungle_wood x3 @5087a,15359.6,75000.0,ah,75000.0,59640.4,388.3,8520.06,1286,76680566,15040,1626,896992218,80000.0,tx_med,15,STALE-JUN25
grindstone,1,stick x2 @5o + stone_slab x1 @1962a + jungle_planks x2 @250a,2472.0,45000.0,ah,45000.0,42528.0,1720.4,8505.59,1800,76550346,12618,2127,536617925,45000.0,tx_med,15,STALE-JUN25
soul_campfire,1,stick x3 @5o + soul_sand x1 @85o + stripped_birch_log x3 @5141a,15523.0,75000.0,ah,75000.0,59477.0,383.2,8496.71,1286,76470429,15040,1626,894534080,80000.0,tx_med,15,STALE-JUN25
grindstone,1,stick x2 @5o + stone_slab x1 @1962a + bamboo_planks x2 @469a,2910.0,45000.0,ah,45000.0,42090.0,1446.4,8417.99,1800,75761946,12618,2127,531091241,45000.0,tx_med,15,STALE-JUN25
soul_campfire,1,stick x3 @5o + soul_sand x1 @85o + stripped_oak_log x3 @5415a,16346.3,75000.0,ah,75000.0,58653.7,358.8,8379.1,1286,75411874,15040,1626,882151347,80000.0,tx_med,15,STALE-JUN25
grindstone,1,stick x2 @5o + stone_slab x1 @1962a + pale_oak_planks x2 @655a,3281.9,45000.0,ah,45000.0,41718.1,1271.2,8343.62,1800,75092562,12618,2127,526398860,45000.0,tx_med,15,STALE-JUN25
acacia_fence_gate,1,stick x4 @5o + acacia_planks x2 @45o,110.0,50000.0,ah,50000.0,49890.0,45354.5,8315.0,1500,74835000,733,244,36569370,50000.0,tx_med,15,STALE-JUN25
grindstone,1,stick x2 @5o + stone_slab x1 @1962a + cherry_planks x2 @781a,3534.5,45000.0,ah,45000.0,41465.5,1173.2,8293.09,1800,74637846,12618,2127,523211300,45000.0,tx_med,15,STALE-JUN25
smooth_quartz_slab,6,smooth_quartz x3 @1100o,3300.0,4688.0,ah,28128.0,24828.0,752.4,8276.0,3000,74484000,25296,413,104674848,8921.0,tx_stack_med,15,STALE-JUN25
soul_campfire,1,stick x3 @5o + soul_sand x1 @85o + stripped_crimson_stem x3 @5781a,17443.0,75000.0,ah,75000.0,57557.0,330.0,8222.43,1286,74001857,15040,1626,865657280,80000.0,tx_med,15,STALE-JUN25
grindstone,1,stick x2 @5o + stone_slab x1 @1962a + dark_oak_planks x2 @1041a,4053.8,45000.0,ah,45000.0,40946.2,1010.1,8189.24,1800,73703142,12618,2127,516659025,45000.0,tx_med,15,STALE-JUN25
blue_stained_glass_pane,16,blue_stained_glass x6 @150o,900.0,3125.0,ah,50000.0,49100.0,5455.6,8183.33,1500,73650000,14251,233,43732756,3630.0,tx_stack_med,15,STALE-JUN25
grindstone,1,stick x2 @5o + stone_slab x1 @1962a + crimson_planks x2 @1094a,4160.0,45000.0,ah,45000.0,40840.0,981.7,8167.99,1800,73511946,12618,2127,515318741,45000.0,tx_med,15,STALE-JUN25
mangrove_wood,3,mangrove_log x4 @3463a,13853.5,15469.0,ah,46407.0,32553.5,235.0,8138.37,2250,73245330,7450,121,80841142,20072.0,tx_stack_med,15,
bamboo_mosaic_stairs,4,bamboo_mosaic x6 @1578a,9468.0,14453.0,ah,57812.0,48344.0,510.6,8057.33,1500,72516000,1442,41,17428012,16967.0,tx_stack_med,15,
soul_campfire,1,stick x3 @5o + soul_sand x1 @85o + stripped_cherry_wood x3 @6250a,18850.0,75000.0,ah,75000.0,56150.0,297.9,8021.43,1286,72192857,15040,1626,844496000,80000.0,tx_med,15,STALE-JUN25
soul_campfire,1,stick x3 @5o + soul_sand x1 @85o + stripped_acacia_wood x3 @6250a,18850.0,75000.0,ah,75000.0,56150.0,297.9,8021.43,1286,72192857,15040,1626,844496000,80000.0,tx_med,15,STALE-JUN25
brown_harness,1,leather x3 @283o + glass x2 @280o + brown_wool x1 @4586a,5995.2,54000.0,ah,54000.0,48004.8,800.7,8000.79,1500,72007125,38,38,1824180,54000.0,tx_med,15,STALE-JUN25
prismarine_brick_stairs,4,prismarine_bricks x6 @2o,9.1,11980.0,ah,47920.0,47910.9,528818.3,7985.16,1500,71866410,11583,187,138738105,7962.0,tx_stack_med,15,STALE-JUN25
white_stained_glass_pane,16,white_stained_glass x6 @310o,1860.0,3109.0,ah,49744.0,47884.0,2574.4,7980.67,1500,71826000,59628,1017,178451697,2100.0,tx_stack_med,15,STALE-JUN25
warped_hyphae,3,warped_stem x4 @201o,804.0,10906.0,ah,32718.0,31914.0,3969.4,7978.5,2250,71806500,12050,196,128187900,7955.0,tx_stack_med,15,STALE-JUN25
nether_brick_stairs,4,nether_bricks x6 @2436a,14615.3,15594.0,ah,62376.0,47760.7,326.8,7960.11,1500,71640990,6326,104,75533484,10053.0,tx_stack_med,15,
grindstone,1,stick x2 @5o + stone_slab x1 @1962a + mangrove_planks x2 @1717a,5406.0,45000.0,ah,45000.0,39594.0,732.4,7918.79,1800,71269146,12618,2127,499596713,45000.0,tx_med,15,STALE-JUN25
copper_chest,1,copper_ingot x8 @63o + chest x1 @558a,1062.2,72000.0,ah,72000.0,70937.8,6678.2,7881.97,1000,70937770,15426,737,1094286040,72000.0,tx_med,15,STALE-JUN25
soul_campfire,1,stick x3 @5o + soul_sand x1 @85o + stripped_mangrove_log x3 @6579a,19836.8,75000.0,ah,75000.0,55163.2,278.1,7880.45,1286,70924050,15040,1626,829653776,80000.0,tx_med,15,STALE-JUN25
sandstone_slab,6,chiseled_sandstone x3 @1563a,4689.0,4688.0,ah,28128.0,23439.0,499.9,7813.0,3000,70317000,17375,288,67875438,5523.0,tx_stack_med,15,
cherry_hanging_sign,6,iron_chain x2 @1563a + stripped_cherry_log x6 @4688a,31251.0,15625.0,ah,93750.0,62499.0,200.0,7812.38,1125,70311375,914,121,9520681,295000.0,tx_stack_med,15,
stripped_acacia_wood,3,stripped_acacia_log x4 @3920a,15680.0,15625.0,ah,46875.0,31195.0,198.9,7798.75,2250,70188750,353,15,3670612,35000.0,tx_stack_med,15,
grindstone,1,stick x2 @5o + stone_slab x1 @1962a + warped_planks x2 @2049a,6070.1,45000.0,ah,45000.0,38929.9,641.3,7785.97,1800,70073766,12618,2127,491217100,45000.0,tx_med,15,STALE-JUN25
cut_copper,4,copper_block x4 @642o,2568.0,8407.0,ah,33628.0,31060.0,1209.5,7765.0,2250,69885000,2523,50,19591095,9449.0,tx_stack_med,15,STALE-JUN25
mangrove_fence_gate,1,stick x4 @5o + mangrove_planks x2 @1717a,3454.0,50000.0,ah,50000.0,46546.0,1347.6,7757.67,1500,69819000,1016,47,47290736,50000.0,tx_med,15,STALE-JUN25
birch_fence,3,birch_planks x4 @156a + stick x2 @5o,635.0,15625.0,ah,46875.0,46240.0,7281.9,7706.67,1500,69360000,11725,265,180721333,19158.0,tx_stack_med,15,STALE-JUN25
soul_campfire,1,stick x3 @5o + soul_sand x1 @85o + stripped_dark_oak_log x3 @7188a,21662.5,75000.0,ah,75000.0,53337.5,246.2,7619.64,1286,68576786,15040,1626,802196000,80000.0,tx_med,15,STALE-JUN25
sticky_piston,1,slime_ball x1 @40o + piston x1 @853o,893.0,15999.0,ah,15999.0,15106.0,1691.6,7553.0,4500,67977000,214402,11586,3238756612,17000.0,tx_med,15,STALE-JUN25
honey_bottle,4,honey_block x1 @1600o + glass_bottle x4 @250o,2600.0,10000.0,ah,40000.0,37400.0,1438.5,7480.0,1800,67320000,2125,364,19868750,15000.0,tx_med,15,STALE-JUN25
cut_sandstone,4,sandstone x4 @312a,1250.0,7781.0,ah,31124.0,29874.0,2389.9,7468.5,2250,67216500,29015,477,216698528,2838.0,tx_stack_med,15,
spruce_door,3,spruce_planks x6 @32o,192.0,15000.0,ah,45000.0,44808.0,23337.5,7468.0,1500,67212000,108947,4195,1627232392,25000.0,tx_med,15,STALE-JUN25
waxed_oxidized_copper_grate,4,waxed_oxidized_copper x4 @4685a,18739.2,12141.0,ah,48564.0,29824.8,159.2,7456.19,2250,67105710,14840,278,110649860,8275.0,tx_stack_med,15,
oak_door,3,oak_planks x6 @52o,312.0,15000.0,ah,45000.0,44688.0,14323.1,7448.0,1500,67032000,13254,868,197431584,15000.0,tx_med,15,STALE-JUN25
light_gray_carpet,3,light_gray_wool x2 @1875a,3750.0,6203.0,ah,18609.0,14859.0,396.2,7429.5,4500,66865500,20448,355,101278944,7029.0,tx_stack_med,15,
brick_slab,6,bricks x3 @1953a,5859.0,4688.0,ah,28128.0,22269.0,380.1,7423.0,3000,66807000,10182,164,37790493,104575.0,tx_stack_med,15,
polished_deepslate_wall,6,polished_deepslate x6 @391a,2343.7,7813.0,ah,46878.0,44534.3,1900.2,7422.38,1500,66801420,15553,252,115440276,3458.0,tx_stack_med,15,
red_sandstone_stairs,4,chiseled_red_sandstone x6 @3000a,18000.0,15602.0,ah,62408.0,44408.0,246.7,7401.33,1500,66612000,1105,20,12267710,37463.0,tx_stack_med,15,
red_terracotta,8,terracotta x8 @250a + red_dye x1 @156a,2156.0,8594.0,ah,68752.0,66596.0,3088.9,7399.56,1000,66596000,53725,890,447233762,1646.0,tx_stack_med,15,
blue_carpet,3,blue_wool x2 @70o,140.0,4966.0,ah,14898.0,14758.0,10541.4,7379.0,4500,66411000,47303,767,232699225,3646.0,tx_stack_med,15,STALE-JUN25
brown_banner,1,brown_wool x6 @4586a + stick x1 @5o,27522.5,79000.0,ah,79000.0,51477.5,187.0,7353.93,1286,66185357,626,447,32224915,79000.0,tx_med,15,STALE-JUN25
green_stained_glass_pane,16,green_stained_glass x6 @190o,1140.0,2813.0,ah,45008.0,43868.0,3848.1,7311.33,1500,65802000,18536,298,50821078,6062.0,tx_stack_med,15,STALE-JUN25
soul_campfire,1,stick x3 @5o + soul_sand x1 @85o + warped_hyphae x3 @8003a,24108.8,75000.0,ah,75000.0,50891.2,211.1,7270.18,1286,65431594,15040,1626,765404250,80000.0,tx_med,15,STALE-JUN25
polished_andesite_slab,6,polished_andesite x3 @1547a,4640.6,4390.0,ah,26340.0,21699.4,467.6,7233.12,3000,65098080,25061,398,90634610,4278.0,tx_stack_med,15,
furnace_minecart,1,furnace x1 @95a + minecart x1 @460o,555.3,15000.0,ah,15000.0,14444.7,2601.2,7222.35,4500,65001105,178,178,2571155,15000.0,tx_med,15,STALE-JUN25
pale_oak_button,1,pale_oak_planks x1 @655a,654.9,7813.0,ah,7813.0,7158.1,1092.9,7158.06,9000,64422540,7583,241,54279569,450000.0,tx_stack_med,15,
brick_wall,6,bricks x6 @1953a,11718.0,9055.0,ah,54330.0,42612.0,363.6,7102.0,1500,63918000,1914,32,13593228,28108.0,tx_stack_med,15,
light_blue_candle,1,candle x1 @100o + light_blue_dye x1 @1247a,1347.0,15469.0,ah,15469.0,14122.0,1048.4,7061.0,4500,63549000,1858,83,26238676,20807.0,tx_stack_med,15,STALE-JUN25
brown_candle,1,candle x1 @100o + brown_dye x1 @1391a,1490.6,15609.0,ah,15609.0,14118.4,947.1,7059.19,4500,63532710,2957,71,41748050,450000.0,tx_stack_med,15,STALE-JUN25
orange_candle,1,candle x1 @100o + orange_dye x1 @1402a,1502.0,15594.0,ah,15594.0,14092.0,938.2,7045.98,4500,63413775,2008,66,28296636,28116.0,tx_stack_med,15,STALE-JUN25
waxed_oxidized_copper_bulb,4,waxed_oxidized_copper x3 @4685a + blaze_rod x1 @400o + redstone x1 @361a,14815.3,12500.0,ah,50000.0,35184.7,237.5,7036.94,1800,63332442,18772,1008,165121750,133495.0,tx_stack_med,15,STALE-JUN25
green_candle,1,candle x1 @100o + green_dye x1 @781a,881.0,14844.0,ah,14844.0,13963.0,1584.9,6981.5,4500,62833500,5465,135,76307795,14275.0,tx_stack_med,15,STALE-JUN25
blackstone_slab,6,blackstone x3 @850o,2550.0,3906.0,ah,23436.0,20886.0,819.1,6962.0,3000,62658000,41663,666,145028903,4449.0,tx_stack_med,15,
pink_candle,1,candle x1 @100o + pink_dye x1 @141a,240.6,14063.0,ah,14063.0,13822.4,5744.5,6911.19,4500,62200710,7187,133,99341445,6429.0,tx_stack_med,15,STALE-JUN25
pink_carpet,3,pink_wool x2 @160o,320.0,4688.0,ah,14064.0,13744.0,4295.0,6872.0,4500,61848000,38904,646,178232192,3159.0,tx_stack_med,15,STALE-JUN25
waxed_oxidized_cut_copper_slab,6,waxed_oxidized_cut_copper x3 @5469a,16407.0,6156.0,ah,36936.0,20529.0,125.1,6843.0,3000,61587000,5831,97,19950766,12741.0,tx_stack_med,15,
gray_stained_glass_pane,16,gray_stained_glass x6 @2879a,17272.3,3594.0,ah,57504.0,40231.7,232.9,6705.28,1500,60347520,12148,209,30545903,8098.0,tx_stack_med,15,
soul_campfire,1,stick x3 @5o + soul_sand x1 @85o + stripped_warped_stem x3 @9375a,28225.0,75000.0,ah,75000.0,46775.0,165.7,6682.14,1286,60139286,15040,1626,703496000,80000.0,tx_med,15,STALE-JUN25
green_carpet,1,green_dye x1 @781a + black_carpet x1 @1547a,2327.9,15625.0,ah,15625.0,13297.1,571.2,6648.56,4500,59837040,21189,347,281752676,5554.0,tx_stack_med,15,
diorite_wall,6,diorite x6 @1197a,7181.5,7813.0,ah,46878.0,39696.5,552.8,6616.08,1500,59544720,43777,689,289632134,8658.0,tx_stack_med,15,
lime_candle,1,candle x1 @100o + lime_dye x1 @50o,150.0,13281.0,ah,13281.0,13131.0,8754.0,6565.5,4500,59089500,4855,119,63751005,99999.0,tx_stack_med,15,STALE-JUN25
birch_trapdoor,2,birch_planks x6 @156a,937.5,20000.0,ah,40000.0,39062.5,4166.7,6510.42,1500,58593750,8608,455,168125000,20000.0,tx_med,15,
red_sandstone_stairs,4,cut_red_sandstone x6 @3906a,23437.5,15602.0,ah,62408.0,38970.5,166.3,6495.08,1500,58455750,1105,20,10765601,37463.0,tx_stack_med,15,
light_gray_candle,1,candle x1 @100o + light_gray_dye x1 @1023a,1123.0,14063.0,ah,14063.0,12940.0,1152.3,6470.0,4500,58230000,1305,43,16886700,105011.0,tx_stack_med,15,STALE-JUN25
spyglass,1,amethyst_shard x1 @625a + copper_ingot x2 @63o,751.0,20000.0,ah,20000.0,19249.0,2563.1,6416.33,3000,57747000,1964,1964,37805036,20000.0,tx_med,15,STALE-JUN25
soul_campfire,1,stick x3 @5o + soul_sand x1 @85o + stripped_pale_oak_wood x3 @10156a,30568.8,75000.0,ah,75000.0,44431.2,145.3,6347.32,1286,57125893,15040,1626,668246000,80000.0,tx_med,15,STALE-JUN25
bamboo_pressure_plate,1,bamboo_planks x2 @469a,938.0,13599.0,ah,13599.0,12661.0,1349.8,6330.5,4500,56974500,355,61,4494655,50000.0,tx_stack_med,15,
purple_carpet,3,purple_wool x2 @3031a,6062.0,6234.0,ah,18702.0,12640.0,208.5,6320.0,4500,56880000,27963,469,117817440,7631.0,tx_stack_med,15,
light_gray_stained_glass_pane,8,glass_pane x8 @609a + light_gray_dye x1 @1023a,5895.0,7813.0,ah,62504.0,56609.0,960.3,6289.89,1000,56609000,15027,247,106332930,4096.0,tx_stack_med,15,
prismarine_brick_slab,6,prismarine_bricks x3 @2o,4.5,3125.0,ah,18750.0,18745.5,413807.3,6248.49,3000,56236410,9610,169,30023994,9685.0,tx_stack_med,15,STALE-JUN25
stone_slab,6,stone x3 @14o,42.0,3125.0,ah,18750.0,18708.0,44542.9,6236.0,3000,56124000,112900,1791,352022200,1991.0,tx_stack_med,15,STALE-JUN25
waxed_exposed_copper_chest,1,exposed_copper_chest x1 @75000a + honeycomb x1 @100o,75100.0,87500.0,ah,87500.0,12400.0,16.5,6200.0,4500,55800000,3,2,37200,100000.0,tx_med,10,STALE-JUN25
orange_bed,1,orange_wool x3 @4313a + spruce_planks x3 @32o,13034.8,50001.0,ah,50001.0,36966.2,283.6,6161.03,1500,55449225,238,238,8797944,50001.0,tx_med,15,STALE-JUN25
nether_brick_wall,6,nether_bricks x6 @2436a,14615.3,8594.0,ah,51564.0,36948.7,252.8,6158.11,1500,55422990,3485,59,21461013,8349.0,tx_stack_med,15,
orange_bed,1,orange_wool x3 @4313a + acacia_planks x3 @45o,13073.8,50001.0,ah,50001.0,36927.2,282.5,6154.53,1500,55390725,238,238,8788662,50001.0,tx_med,15,STALE-JUN25
orange_stained_glass_pane,16,orange_stained_glass x6 @2179a,13076.0,3125.0,ah,50000.0,36924.0,282.4,6154.0,1500,55386030,6763,113,15607322,4522.0,tx_stack_med,15,
dark_oak_planks,4,dark_oak_log x1 @100o,100.0,1563.0,ah,6252.0,6152.0,6152.0,6152.0,9000,55368000,72454,1167,111434252,1054.0,tx_stack_med,15,STALE-JUN25
orange_bed,1,orange_wool x3 @4313a + oak_planks x3 @52o,13094.8,50001.0,ah,50001.0,36906.2,281.8,6151.03,1500,55359225,238,238,8783664,50001.0,tx_med,15,STALE-JUN25
magenta_candle,1,candle x1 @100o + magenta_dye x1 @155a,255.0,12500.0,ah,12500.0,12245.0,4802.0,6122.5,4500,55102500,1277,53,15636865,20000.0,tx_stack_med,15,STALE-JUN25
orange_bed,1,orange_wool x3 @4313a + birch_planks x3 @156a,13407.6,50001.0,ah,50001.0,36593.4,272.9,6098.9,1500,54890100,238,238,8709229,50001.0,tx_med,15,
mangrove_button,1,mangrove_planks x1 @1717a,1717.0,7813.0,ah,7813.0,6096.0,355.0,6096.0,9000,54864000,928,25,5657088,24311.0,tx_stack_med,15,
soul_campfire,1,stick x3 @5o + soul_sand x1 @85o + stripped_jungle_log x3 @10743a,32328.4,75000.0,ah,75000.0,42671.6,132.0,6095.94,1286,54863486,15040,1626,641780864,80000.0,tx_med,15,STALE-JUN25
orange_bed,1,orange_wool x3 @4313a + jungle_planks x3 @250a,13688.8,50001.0,ah,50001.0,36312.2,265.3,6052.03,1500,54468225,238,238,8642292,50001.0,tx_med,15,
waxed_cut_copper,4,waxed_copper_block x4 @505o,2020.0,6531.0,ah,26124.0,24104.0,1193.2,6025.99,2250,54233910,5504,123,33167049,25299.0,tx_stack_med,15,STALE-JUN25
acacia_door,3,acacia_planks x6 @45o,270.0,12099.0,ah,36297.0,36027.0,13343.3,6004.5,1500,54040500,1179,80,14158611,12099.0,tx_med,15,STALE-JUN25
jungle_slab,6,jungle_planks x3 @250a,750.0,3125.0,ah,18750.0,18000.0,2400.0,6000.0,3000,54000000,7704,128,23112000,11904.0,tx_stack_med,15,
waxed_copper_trapdoor,1,copper_trapdoor x1 @3578a + honeycomb x1 @100o,3678.1,15625.0,ah,15625.0,11946.9,324.8,5973.44,4500,53760960,2111,63,25219864,29971.0,tx_stack_med,15,STALE-JUN25
orange_bed,1,orange_wool x3 @4313a + bamboo_planks x3 @469a,14345.8,50001.0,ah,50001.0,35655.2,248.5,5942.53,1500,53482725,238,238,8485926,50001.0,tx_med,15,
yellow_harness,1,leather x3 @283o + glass x2 @280o + yellow_wool x1 @2989a,4398.2,40000.0,ah,40000.0,35601.8,809.5,5933.64,1500,53402760,9,9,320417,40000.0,tx_med,15,STALE-JUN25
andesite_wall,6,andesite x6 @11o,66.0,5938.0,ah,35628.0,35562.0,53881.8,5927.0,1500,53343000,19553,307,115890631,5799.0,tx_stack_med,15,STALE-JUN25
prismarine_stairs,4,prismarine x6 @2945a,17668.0,13281.0,ah,53124.0,35456.0,200.7,5909.34,1500,53184060,11790,188,104506678,9150.0,tx_stack_med,15,
resin_clump,9,resin_block x1 @3256a,3255.8,1016.0,ah,9144.0,5888.2,180.9,5888.19,9000,52993710,10187,226,6664777,3364.0,tx_stack_med,15,
polished_blackstone_brick_wall,6,polished_blackstone_bricks x6 @215o,1290.0,6094.0,ah,36564.0,35274.0,2734.4,5879.0,1500,52911000,9089,145,53434231,9471.0,tx_stack_med,15,STALE-JUN25
cyan_carpet,3,cyan_wool x2 @2344a,4687.5,5469.0,ah,16407.0,11719.5,250.0,5859.75,4500,52737750,11711,204,45749022,9468.0,tx_stack_med,15,
orange_bed,1,orange_wool x3 @4313a + pale_oak_planks x3 @655a,14903.7,50001.0,ah,50001.0,35097.3,235.5,5849.56,1500,52645995,238,238,8353165,50001.0,tx_med,15,
fletching_table,1,flint x2 @5o + spruce_planks x4 @32o,138.2,35000.0,ah,35000.0,34861.8,25225.6,5810.3,1500,52292700,26306,1534,917074511,37500.0,tx_med,15,STALE-JUN25
fletching_table,1,flint x2 @5o + acacia_planks x4 @45o,190.2,35000.0,ah,35000.0,34809.8,18301.7,5801.63,1500,52214700,26306,1534,915706599,37500.0,tx_med,15,STALE-JUN25
fletching_table,1,flint x2 @5o + oak_planks x4 @52o,218.2,35000.0,ah,35000.0,34781.8,15940.3,5796.97,1500,52172700,26306,1534,914970031,37500.0,tx_med,15,STALE-JUN25
jungle_wood,3,jungle_log x4 @66o,264.0,7813.0,ah,23439.0,23175.0,8778.4,5793.75,2250,52143750,6352,115,49069200,5614.0,tx_stack_med,15,STALE-JUN25
orange_bed,1,orange_wool x3 @4313a + cherry_planks x3 @781a,15282.6,50001.0,ah,50001.0,34718.4,227.2,5786.4,1500,52077600,238,238,8262979,50001.0,tx_med,15,
waxed_copper_grate,4,waxed_copper_block x4 @505o,2020.0,6250.0,ah,25000.0,22980.0,1137.6,5744.99,2250,51704910,13081,264,75150214,5703.0,tx_stack_med,15,STALE-JUN25
fletching_table,1,flint x2 @5o + birch_planks x4 @156a,635.2,35000.0,ah,35000.0,34364.8,5410.1,5727.47,1500,51547200,26306,1534,904000429,37500.0,tx_med,15,STALE-JUN25
suspicious_stew,1,bowl x1 @2344a + brown_mushroom x1 @10o + red_mushroom x1 @781a + allium x1 @1o,3136.2,26000.0,ah,26000.0,22863.8,729.0,5715.94,2250,51443438,685,685,15661669,26000.0,tx_med,15,STALE-JUN25
suspicious_stew,1,bowl x1 @2344a + brown_mushroom x1 @10o + red_mushroom x1 @781a + azure_bluet x1 @1o,3136.2,26000.0,ah,26000.0,22863.8,729.0,5715.94,2250,51443438,685,685,15661669,26000.0,tx_med,15,STALE-JUN25
suspicious_stew,1,bowl x1 @2344a + brown_mushroom x1 @10o + red_mushroom x1 @781a + cornflower x1 @1o,3136.2,26000.0,ah,26000.0,22863.8,729.0,5715.94,2250,51443438,685,685,15661669,26000.0,tx_med,15,STALE-JUN25
suspicious_stew,1,bowl x1 @2344a + brown_mushroom x1 @10o + red_mushroom x1 @781a + wither_rose x1 @1o,3136.2,26000.0,ah,26000.0,22863.8,729.0,5715.94,2250,51443438,685,685,15661669,26000.0,tx_med,15,STALE-JUN25
quartz_slab,6,chiseled_quartz_block x3 @6785a,20355.0,6250.0,ah,37500.0,17145.0,84.2,5715.0,3000,51435000,55766,975,159351345,4559.0,tx_stack_med,15,
gray_banner,1,gray_wool x6 @501o + stick x1 @5o,3011.6,42999.0,ah,42999.0,39987.4,1327.8,5712.49,1286,51412371,60,27,2399244,71500.0,tx_med,15,STALE-JUN25
suspicious_stew,1,bowl x1 @2344a + brown_mushroom x1 @10o + red_mushroom x1 @781a + pink_tulip x1 @46o,3181.4,26000.0,ah,26000.0,22818.5,717.2,5704.64,2250,51341738,685,685,15630707,26000.0,tx_med,15,STALE-JUN25
cyan_stained_glass_pane,8,glass_pane x8 @609a + cyan_dye x1 @50o,4922.0,7031.0,ah,56248.0,51326.0,1042.8,5702.89,1000,51325990,8116,137,52070217,13028.0,tx_stack_med,15,STALE-JUN25
yellow_stained_glass_pane,8,glass_pane x8 @609a + yellow_dye x1 @312a,5184.5,7031.0,ah,56248.0,51063.5,984.9,5673.72,1000,51063500,13190,220,84190946,10155.0,tx_stack_med,15,
fletching_table,1,flint x2 @5o + jungle_planks x4 @250a,1010.2,35000.0,ah,35000.0,33989.8,3364.7,5664.97,1500,50984700,26306,1534,894135679,37500.0,tx_med,15,STALE-JUN25
orange_bed,1,orange_wool x3 @4313a + dark_oak_planks x3 @1041a,16061.5,50001.0,ah,50001.0,33939.5,211.3,5656.58,1500,50909220,238,238,8077596,50001.0,tx_med,15,
beetroot_soup,1,bowl x1 @2344a + beetroot x6 @25o,2494.0,42000.0,ah,42000.0,39506.0,1584.0,5643.71,1286,50793429,41,41,1619746,42000.0,tx_med,15,STALE-JUN25
orange_bed,1,orange_wool x3 @4313a + crimson_planks x3 @1094a,16220.8,50001.0,ah,50001.0,33780.2,208.3,5630.03,1500,50670225,238,238,8039676,50001.0,tx_med,15,
acacia_wood,3,acacia_log x4 @142o,570.0,7656.0,ah,22968.0,22398.0,3929.5,5599.5,2250,50395500,2420,44,18067720,13865.0,tx_stack_med,15,STALE-JUN25
netherite_upgrade_smithing_template,2,diamond x7 @5713a + netherite_upgrade_smithing_template x1 @9100o + netherrack x1 @159a,49248.2,49800.0,ah,99600.0,50351.8,102.2,5594.64,1000,50351790,15842,4147,398836529,49800.0,tx_med,15,STALE-JUN25
light_blue_terracotta,8,terracotta x8 @250a + light_blue_dye x1 @1247a,3247.0,6680.0,ah,53440.0,50193.0,1545.8,5577.0,1000,50193000,31226,495,195915827,8507.0,tx_stack_med,15,
suspicious_stew,1,bowl x1 @2344a + brown_mushroom x1 @10o + red_mushroom x1 @781a + dandelion x1 @781a,3916.2,26000.0,ah,26000.0,22083.8,563.9,5520.94,2250,49688438,685,685,15127369,26000.0,tx_med,15,STALE-JUN25
fletching_table,1,flint x2 @5o + bamboo_planks x4 @469a,1886.2,35000.0,ah,35000.0,33113.8,1755.6,5518.97,1500,49670700,26306,1534,871091623,37500.0,tx_med,15,STALE-JUN25
suspicious_stew,1,bowl x1 @2344a + brown_mushroom x1 @10o + red_mushroom x1 @781a + poppy x1 @973a,4108.5,26000.0,ah,26000.0,21891.5,532.8,5472.87,2250,49255808,685,685,14995657,26000.0,tx_med,15,STALE-JUN25
suspicious_stew,1,bowl x1 @2344a + brown_mushroom x1 @10o + red_mushroom x1 @781a + orange_tulip x1 @1094a,4229.2,26000.0,ah,26000.0,21770.8,514.8,5442.69,2250,48984188,685,685,14912964,26000.0,tx_med,15,STALE-JUN25
soul_campfire,1,stick x3 @5o + soul_sand x1 @85o + mangrove_wood x3 @12318a,37054.8,75000.0,ah,75000.0,37945.2,102.4,5420.75,1286,48786750,15040,1626,570696560,80000.0,tx_med,15,STALE-JUN25
cauldron,1,iron_ingot x7 @170o,1190.0,39000.0,ah,39000.0,37810.0,3177.3,5401.43,1286,48612857,34990,1896,1322971900,39000.0,tx_med,15,STALE-JUN25
fletching_table,1,flint x2 @5o + pale_oak_planks x4 @655a,2630.0,35000.0,ah,35000.0,32370.0,1230.8,5395.01,1500,48555060,26306,1534,851526272,37500.0,tx_med,15,STALE-JUN25
spire_armor_trim_smithing_template,2,diamond x7 @5713a + spire_armor_trim_smithing_template x1 @90000a + purpur_block x1 @1562a,131551.4,90000.0,ah,180000.0,48448.6,36.8,5383.18,1000,48448600,621,397,15043290,90000.0,tx_med,15,
suspicious_stew,1,bowl x1 @2344a + brown_mushroom x1 @10o + red_mushroom x1 @781a + torchflower x1 @1500a,4635.2,26000.0,ah,26000.0,21364.8,460.9,5341.19,2250,48070688,685,685,14634854,26000.0,tx_med,15,STALE-JUN25
lime_terracotta,8,terracotta x8 @250a + lime_dye x1 @50o,2050.0,6250.0,ah,50000.0,47950.0,2339.0,5327.78,1000,47950000,27017,432,161933144,6277.0,tx_stack_med,15,STALE-JUN25
suspicious_stew,1,bowl x1 @2344a + brown_mushroom x1 @10o + red_mushroom x1 @781a + white_tulip x1 @1562a,4697.8,26000.0,ah,26000.0,21302.2,453.5,5325.56,2250,47930062,685,685,14592041,26000.0,tx_med,15,STALE-JUN25
orange_bed,1,orange_wool x3 @4313a + mangrove_planks x3 @1717a,18089.8,50001.0,ah,50001.0,31911.2,176.4,5318.53,1500,47866725,238,238,7594854,50001.0,tx_med,15,
fletching_table,1,flint x2 @5o + cherry_planks x4 @781a,3135.2,35000.0,ah,35000.0,31864.8,1016.4,5310.8,1500,47797200,26306,1534,838235429,37500.0,tx_med,15,STALE-JUN25
suspicious_stew,1,bowl x1 @2344a + brown_mushroom x1 @10o + red_mushroom x1 @781a + blue_orchid x1 @1787a,4922.5,26000.0,ah,26000.0,21077.5,428.2,5269.38,2250,47424442,685,685,14438108,26000.0,tx_med,15,STALE-JUN25
pale_oak_door,3,pale_oak_planks x6 @655a,3929.6,11667.0,ah,35001.0,31071.4,790.7,5178.56,1500,46607040,6796,711,70386988,8352.0,tx_med,15,
acacia_stairs,4,acacia_planks x6 @45o,270.0,7812.0,ah,31248.0,30978.0,11473.3,5163.0,1500,46467000,1960,38,15179220,10000.0,tx_stack_med,15,STALE-JUN25
yellow_bed,1,yellow_wool x3 @2989a + spruce_planks x3 @32o,9063.5,40000.0,ah,40000.0,30936.5,341.3,5156.09,1500,46404780,515,515,15932308,40000.0,tx_med,15,STALE-JUN25
orange_bed,1,orange_wool x3 @4313a + warped_planks x3 @2049a,19086.0,50001.0,ah,50001.0,30915.0,162.0,5152.5,1500,46372500,238,238,7357770,50001.0,tx_med,15,
yellow_bed,1,yellow_wool x3 @2989a + acacia_planks x3 @45o,9102.5,40000.0,ah,40000.0,30897.5,339.4,5149.59,1500,46346280,515,515,15912223,40000.0,tx_med,15,STALE-JUN25
yellow_bed,1,yellow_wool x3 @2989a + oak_planks x3 @52o,9123.5,40000.0,ah,40000.0,30876.5,338.4,5146.09,1500,46314780,515,515,15901408,40000.0,tx_med,15,STALE-JUN25
stripped_mangrove_wood,3,stripped_mangrove_log x4 @6579a,26315.8,15625.0,ah,46875.0,20559.2,78.1,5139.8,2250,46258200,1770,32,12129928,26230.0,tx_stack_med,15,
fletching_table,1,flint x2 @5o + dark_oak_planks x4 @1041a,4173.8,35000.0,ah,35000.0,30826.2,738.6,5137.71,1500,46239360,26306,1534,810915069,37500.0,tx_med,15,STALE-JUN25
copper_ingot,9,waxed_copper_block x1 @505o,505.0,625.0,ah,5625.0,5120.0,1013.8,5119.99,9000,46079910,144234,2552,82052960,2882.0,tx_stack_med,15,STALE-JUN25
fletching_table,1,flint x2 @5o + crimson_planks x4 @1094a,4386.2,35000.0,ah,35000.0,30613.8,698.0,5102.3,1500,45920700,26306,1534,805326623,37500.0,tx_med,15,STALE-JUN25
yellow_bed,1,yellow_wool x3 @2989a + birch_planks x3 @156a,9436.2,40000.0,ah,40000.0,30563.8,323.9,5093.96,1500,45845655,515,515,15740342,40000.0,tx_med,15,
mangrove_shelf,6,stripped_mangrove_log x6 @6579a,39473.7,11667.0,ah,70002.0,30528.3,77.3,5088.05,1500,45792450,5942,163,30233193,21618.0,tx_stack_med,15,
pale_oak_wood,3,pale_oak_log x4 @781a,3124.0,7813.0,ah,23439.0,20315.0,650.3,5078.75,2250,45708750,8101,132,54857272,4915.0,tx_stack_med,15,
stone_button,1,stone x1 @14o,14.0,5078.0,ah,5078.0,5064.0,36171.4,5064.0,9000,45576000,45783,1282,231845112,3312.0,tx_stack_med,15,STALE-JUN25
suspicious_stew,1,bowl x1 @2344a + brown_mushroom x1 @10o + red_mushroom x1 @781a + red_tulip x1 @2618a,5753.4,26000.0,ah,26000.0,20246.6,351.9,5061.65,2250,45554805,685,685,13868907,26000.0,tx_med,15,STALE-JUN25
yellow_bed,1,yellow_wool x3 @2989a + jungle_planks x3 @250a,9717.5,40000.0,ah,40000.0,30282.5,311.6,5047.09,1500,45423780,515,515,15595498,40000.0,tx_med,15,
copper_ingot,9,copper_block x1 @642o,642.0,625.0,ah,5625.0,4983.0,776.2,4983.0,9000,44847000,144234,2552,79857558,2882.0,tx_stack_med,15,STALE-JUN25
acacia_fence,3,acacia_planks x4 @45o + stick x2 @5o,190.0,10000.0,ah,30000.0,29810.0,15689.5,4968.33,1500,44715000,1399,48,13901397,10000.0,tx_med,15,STALE-JUN25
slime_block,1,slime_ball x9 @40o,360.0,45000.0,ah,45000.0,44640.0,12400.0,4960.0,1000,44640000,265477,8925,11850893280,45000.0,tx_med,15,STALE-JUN25
oak_boat,1,oak_planks x5 @52o,260.0,25000.0,ah,25000.0,24740.0,9515.4,4948.0,1800,44532000,3012,3012,74516880,25000.0,tx_med,15,STALE-JUN25
yellow_bed,1,yellow_wool x3 @2989a + bamboo_planks x3 @469a,10374.5,40000.0,ah,40000.0,29625.5,285.6,4937.59,1500,44438280,515,515,15257143,40000.0,tx_med,15,
suspicious_stew,1,bowl x1 @2344a + brown_mushroom x1 @10o + red_mushroom x1 @781a + oxeye_daisy x1 @3125a,6260.2,26000.0,ah,26000.0,19739.8,315.3,4934.94,2250,44414482,685,685,13521742,26000.0,tx_med,15,STALE-JUN25
suspicious_stew,1,bowl x1 @2344a + brown_mushroom x1 @10o + red_mushroom x1 @781a + closed_eyeblossom x1 @3263a,6398.7,26000.0,ah,26000.0,19601.3,306.3,4900.34,2250,44103015,685,685,13426918,26000.0,tx_med,15,STALE-JUN25
soul_campfire,1,stick x3 @5o + soul_sand x1 @85o + stripped_jungle_wood x3 @13542a,40725.0,75000.0,ah,75000.0,34275.0,84.2,4896.43,1286,44067844,15040,1626,515495850,80000.0,tx_med,15,STALE-JUN25
mossy_stone_brick_wall,6,mossy_stone_bricks x6 @1047a,6281.3,5938.0,ah,35628.0,29346.7,467.2,4891.12,1500,44020080,3711,58,18150946,5739.0,tx_stack_med,15,
warped_fence,3,warped_planks x4 @2049a + stick x2 @5o,8206.2,12500.0,ah,37500.0,29293.8,357.0,4882.3,1500,43940700,3660,96,35738436,18295.0,tx_stack_med,15,STALE-JUN25
resin_brick_stairs,4,resin_bricks x6 @5549a,33296.0,15625.0,ah,62500.0,29204.0,87.7,4867.33,1500,43805940,614,14,4482808,15249.0,tx_stack_med,15,
dark_prismarine_stairs,4,dark_prismarine x6 @350o,2100.0,7797.0,ah,31188.0,29088.0,1385.1,4848.0,1500,43632000,9300,152,67629600,10542.0,tx_stack_med,15,STALE-JUN25
yellow_bed,1,yellow_wool x3 @2989a + pale_oak_planks x3 @655a,10932.3,40000.0,ah,40000.0,29067.7,265.9,4844.62,1500,43601550,515,515,14969866,40000.0,tx_med,15,
lime_stained_glass_pane,8,glass_pane x8 @609a + lime_dye x1 @50o,4922.0,6047.0,ah,48376.0,43454.0,882.9,4828.22,1000,43454000,10100,168,54860675,7383.0,tx_stack_med,15,STALE-JUN25
copper_grate,4,copper_block x4 @642o,2568.0,5469.0,ah,21876.0,19308.0,751.9,4827.0,2250,43443000,6200,124,29927400,200000.0,tx_stack_med,15,STALE-JUN25
purple_terracotta,8,terracotta x8 @250a + purple_dye x1 @781a,2781.0,5777.0,ah,46216.0,43435.0,1561.8,4826.11,1000,43435000,16702,266,90681421,6487.0,tx_stack_med,15,
gold_ingot,9,gold_block x1 @20500o,20500.0,2813.0,ah,25317.0,4817.0,23.5,4817.0,9000,43353000,196989,5897,105432890,4900.0,tx_stack_med,15,
soul_campfire,1,stick x3 @5o + soul_sand x1 @85o + stripped_crimson_hyphae x3 @13781a,41443.8,75000.0,ah,75000.0,33556.2,81.0,4793.75,1286,43143750,15040,1626,504686000,80000.0,tx_med,15,STALE-JUN25
yellow_bed,1,yellow_wool x3 @2989a + cherry_planks x3 @781a,11311.2,40000.0,ah,40000.0,28688.8,253.6,4781.46,1500,43033155,515,515,14774717,40000.0,tx_med,15,
blue_bed,1,blue_wool x3 @70o + spruce_planks x3 @32o,306.0,28900.0,ah,28900.0,28594.0,9344.4,4765.67,1500,42891000,807,807,23075358,28900.0,tx_med,15,STALE-JUN25
sandstone_wall,6,sandstone x6 @312a,1875.0,5078.0,ah,30468.0,28593.0,1525.0,4765.5,1500,42889500,23518,373,112075029,5866.0,tx_stack_med,15,
blue_bed,1,blue_wool x3 @70o + acacia_planks x3 @45o,345.0,28900.0,ah,28900.0,28555.0,8276.8,4759.17,1500,42832500,807,807,23043885,28900.0,tx_med,15,STALE-JUN25
blue_bed,1,blue_wool x3 @70o + oak_planks x3 @52o,366.0,28900.0,ah,28900.0,28534.0,7796.2,4755.67,1500,42801000,807,807,23026938,28900.0,tx_med,15,STALE-JUN25
jungle_boat,1,jungle_planks x5 @250a,1250.0,25000.0,ah,25000.0,23750.0,1900.0,4750.0,1800,42750000,365,365,8668750,25000.0,tx_med,15,
crimson_fence,3,crimson_planks x4 @1094a + stick x2 @5o,4386.0,10938.0,ah,32814.0,28428.0,648.2,4738.0,1500,42642000,2582,84,24467032,13044.0,tx_stack_med,15,STALE-JUN25
blue_bed,1,blue_wool x3 @70o + birch_planks x3 @156a,678.8,28900.0,ah,28900.0,28221.2,4157.8,4703.54,1500,42331875,807,807,22774549,28900.0,tx_med,15,STALE-JUN25
chiseled_nether_bricks,1,nether_brick_slab x2 @312a,625.0,10000.0,ah,10000.0,9375.0,1500.0,4687.5,4500,42187500,2871,55,26915625,10000.0,tx_med,15,
fletching_table,1,flint x2 @5o + mangrove_planks x4 @1717a,6878.2,35000.0,ah,35000.0,28121.8,408.9,4686.97,1500,42182700,26306,1534,739772071,37500.0,tx_med,15,STALE-JUN25
stone_brick_slab,6,stone_bricks x3 @5o,15.0,2344.0,ah,14064.0,14049.0,93660.0,4683.0,3000,42147000,58251,923,136394716,9448.0,tx_stack_med,15,STALE-JUN25
birch_door,3,birch_planks x6 @156a,937.5,9677.0,ah,29031.0,28093.5,2996.6,4682.25,1500,42140250,2644,418,24759738,20000.0,tx_med,15,
cobbled_deepslate_wall,6,cobbled_deepslate x6 @10o,60.0,4688.0,ah,28128.0,28068.0,46780.0,4678.0,1500,42102000,11065,184,51762070,25000.0,tx_stack_med,15,STALE-JUN25
blue_bed,1,blue_wool x3 @70o + jungle_planks x3 @250a,960.0,28900.0,ah,28900.0,27940.0,2910.4,4656.67,1500,41910000,807,807,22547580,28900.0,tx_med,15,STALE-JUN25
yellow_bed,1,yellow_wool x3 @2989a + dark_oak_planks x3 @1041a,12090.1,40000.0,ah,40000.0,27909.8,230.8,4651.64,1500,41864775,515,515,14373573,40000.0,tx_med,15,
blue_candle,1,candle x1 @100o + blue_dye x1 @766a,865.6,10156.0,ah,10156.0,9290.4,1073.3,4645.19,4500,41806710,4932,121,45820154,9324.0,tx_stack_med,15,STALE-JUN25
crimson_stairs,4,crimson_planks x6 @1094a,6564.0,8586.0,ah,34344.0,27780.0,423.2,4630.0,1500,41670000,9643,156,66970635,5812.0,tx_stack_med,15,
yellow_bed,1,yellow_wool x3 @2989a + crimson_planks x3 @1094a,12249.5,40000.0,ah,40000.0,27750.5,226.5,4625.09,1500,41625780,515,515,14291518,40000.0,tx_med,15,
green_bed,1,green_dye x1 @781a + black_bed x1 @90000a,90781.0,100000.0,ah,100000.0,9219.0,10.2,4609.5,4500,41485500,374,374,3447906,100000.0,tx_med,15,
blue_bed,1,blue_wool x3 @70o + bamboo_planks x3 @469a,1617.0,28900.0,ah,28900.0,27283.0,1687.3,4547.17,1500,40924500,807,807,22017381,28900.0,tx_med,15,STALE-JUN25
pale_oak_hanging_sign,6,iron_chain x2 @1563a + stripped_pale_oak_log x6 @3906a,26563.5,10469.0,ah,62814.0,36250.5,136.5,4531.31,1125,40781812,3563,506,21526755,36930.0,tx_stack_med,15,
nether_brick_fence,6,nether_bricks x4 @2436a + nether_brick x2 @469a,10681.6,6250.0,ah,37500.0,26818.4,251.1,4469.74,1500,40227660,7634,158,34121995,38752.0,tx_stack_med,15,
fletching_table,1,flint x2 @5o + warped_planks x4 @2049a,8206.4,35000.0,ah,35000.0,26793.6,326.5,4465.6,1500,40190400,26306,1534,704832442,37500.0,tx_med,15,STALE-JUN25
blue_bed,1,blue_wool x3 @70o + pale_oak_planks x3 @655a,2174.8,28900.0,ah,28900.0,26725.2,1228.8,4454.2,1500,40087770,807,807,21567220,28900.0,tx_med,15,STALE-JUN25
jungle_button,1,jungle_planks x1 @250a,250.0,4700.0,ah,4700.0,4450.0,1780.0,4450.0,9000,40050000,11188,240,49786600,4700.0,tx_med,15,
painting,1,stick x8 @5o + black_wool x1 @30o,70.0,40000.0,ah,40000.0,39930.0,57042.9,4436.67,1000,39930000,17920,1683,715545600,40000.0,tx_med,15,STALE-JUN25
painting,1,stick x8 @5o + blue_wool x1 @70o,110.0,40000.0,ah,40000.0,39890.0,36263.6,4432.22,1000,39890000,17920,1683,714828800,40000.0,tx_med,15,STALE-JUN25
gray_candle,1,candle x1 @100o + gray_dye x1 @3538a,3637.7,12500.0,ah,12500.0,8862.3,243.6,4431.14,4500,39880260,1470,40,13027552,399000.0,tx_stack_med,15,STALE-JUN25
painting,1,stick x8 @5o + white_wool x1 @103o,143.0,40000.0,ah,40000.0,39857.0,27872.0,4428.56,1000,39857000,17920,1683,714237440,40000.0,tx_med,15,STALE-JUN25
painting,1,stick x8 @5o + pink_wool x1 @160o,200.0,40000.0,ah,40000.0,39800.0,19900.0,4422.22,1000,39800000,17920,1683,713216000,40000.0,tx_med,15,STALE-JUN25
blue_bed,1,blue_wool x3 @70o + cherry_planks x3 @781a,2553.8,28900.0,ah,28900.0,26346.2,1031.7,4391.04,1500,39519375,807,807,21261424,28900.0,tx_med,15,STALE-JUN25
painting,1,stick x8 @5o + green_wool x1 @501o,541.1,40000.0,ah,40000.0,39458.9,7292.3,4384.32,1000,39458900,17920,1683,707103488,40000.0,tx_med,15,STALE-JUN25
painting,1,stick x8 @5o + gray_wool x1 @501o,541.1,40000.0,ah,40000.0,39458.9,7292.3,4384.32,1000,39458900,17920,1683,707103488,40000.0,tx_med,15,STALE-JUN25
mud_brick_stairs,4,mud_bricks x6 @50o,300.0,6641.0,ah,26564.0,26264.0,8754.7,4377.33,1500,39396000,13203,211,86690898,8064.0,tx_stack_med,15,STALE-JUN25
light_blue_bed,1,light_blue_dye x1 @1247a + black_bed x1 @90000a,91247.0,100000.0,ah,100000.0,8753.0,9.6,4376.5,4500,39388500,330,330,2888490,100000.0,tx_med,15,
polished_blackstone_wall,6,polished_blackstone x6 @312o,1872.0,4688.0,ah,28128.0,26256.0,1402.6,4376.0,1500,39384000,14872,236,65079872,5616.0,tx_stack_med,15,STALE-JUN25
yellow_bed,1,yellow_wool x3 @2989a + mangrove_planks x3 @1717a,14118.5,40000.0,ah,40000.0,25881.5,183.3,4313.59,1500,38822280,515,515,13328983,40000.0,tx_med,15,
stripped_pale_oak_wood,3,stripped_pale_oak_log x4 @3906a,15625.0,10922.0,ah,32766.0,17141.0,109.7,4285.25,2250,38567250,13445,220,76820248,12510.0,tx_stack_med,15,
blue_bed,1,blue_wool x3 @70o + dark_oak_planks x3 @1041a,3332.7,28900.0,ah,28900.0,25567.3,767.2,4261.22,1500,38350995,807,807,20632835,28900.0,tx_med,15,STALE-JUN25
granite_wall,6,granite x6 @435a,2608.7,4688.0,ah,28128.0,25519.3,978.2,4253.22,1500,38278980,6262,103,26633664,10110.0,tx_stack_med,15,
painting,1,stick x8 @5o + magenta_wool x1 @1843a,1883.0,40000.0,ah,40000.0,38117.0,2024.3,4235.22,1000,38117000,17920,1683,683056640,40000.0,tx_med,15,STALE-JUN25
blue_bed,1,blue_wool x3 @70o + crimson_planks x3 @1094a,3492.0,28900.0,ah,28900.0,25408.0,727.6,4234.67,1500,38112000,807,807,20504256,28900.0,tx_med,15,STALE-JUN25
raw_gold_block,1,raw_gold x9 @100o,900.0,39000.0,ah,39000.0,38100.0,4233.3,4233.33,1000,38100000,5544,242,211226400,39000.0,tx_med,15,STALE-JUN25
painting,1,stick x8 @5o + light_gray_wool x1 @1875a,1915.0,40000.0,ah,40000.0,38085.0,1988.8,4231.67,1000,38085000,17920,1683,682483200,40000.0,tx_med,15,STALE-JUN25
glow_item_frame,1,item_frame x1 @33o + glow_ink_sac x1 @404o,437.1,8800.0,ah,8800.0,8362.9,1913.3,4181.45,4500,37633050,40823,2177,341398667,8750.0,tx_med,15,STALE-JUN25
painting,1,stick x8 @5o + cyan_wool x1 @2344a,2383.8,40000.0,ah,40000.0,37616.2,1578.0,4179.58,1000,37616250,17920,1683,674083200,40000.0,tx_med,15,STALE-JUN25
yellow_bed,1,yellow_wool x3 @2989a + warped_planks x3 @2049a,15114.6,40000.0,ah,40000.0,24885.4,164.6,4147.56,1500,37328055,515,515,12815966,40000.0,tx_med,15,
painting,1,stick x8 @5o + red_wool x1 @2943a,2983.5,40000.0,ah,40000.0,37016.5,1240.7,4112.95,1000,37016530,17920,1683,663336218,40000.0,tx_med,15,STALE-JUN25
painting,1,stick x8 @5o + yellow_wool x1 @2989a,3029.2,40000.0,ah,40000.0,36970.8,1220.5,4107.87,1000,36970840,17920,1683,662517453,40000.0,tx_med,15,STALE-JUN25
copper_bars,16,copper_ingot x6 @63o,378.0,1563.0,ah,25008.0,24630.0,6515.9,4105.0,1500,36945000,10864,191,16723770,2899.0,tx_stack_med,15,STALE-JUN25
painting,1,stick x8 @5o + purple_wool x1 @3031a,3071.0,40000.0,ah,40000.0,36929.0,1202.5,4103.22,1000,36929000,17920,1683,661767680,40000.0,tx_med,15,STALE-JUN25
painting,1,stick x8 @5o + lime_wool x1 @3125a,3165.0,40000.0,ah,40000.0,36835.0,1163.8,4092.78,1000,36835000,17920,1683,660083200,40000.0,tx_med,15,STALE-JUN25
smithing_table,1,iron_ingot x2 @170o + spruce_planks x4 @32o,468.0,25000.0,ah,25000.0,24532.0,5241.9,4088.67,1500,36798000,18122,3460,444568904,25000.0,tx_med,15,STALE-JUN25
painting,1,stick x8 @5o + light_blue_wool x1 @3215a,3255.0,40000.0,ah,40000.0,36745.0,1128.9,4082.78,1000,36745000,17920,1683,658470400,40000.0,tx_med,15,STALE-JUN25
smithing_table,1,iron_ingot x2 @170o + acacia_planks x4 @45o,520.0,25000.0,ah,25000.0,24480.0,4707.7,4080.0,1500,36720000,18122,3460,443626560,25000.0,tx_med,15,STALE-JUN25
smithing_table,1,iron_ingot x2 @170o + oak_planks x4 @52o,548.0,25000.0,ah,25000.0,24452.0,4462.0,4075.33,1500,36678000,18122,3460,443119144,25000.0,tx_med,15,STALE-JUN25
soul_torch,4,coal x1 @200o + stick x1 @5o + soul_sand x1 @85o,290.0,3125.0,ah,12500.0,12210.0,4210.3,4070.0,3000,36630000,10730,252,32753325,20000.0,tx_stack_med,15,STALE-JUN25
waxed_cut_copper_stairs,4,waxed_cut_copper x6 @6349a,38094.0,15625.0,ah,62500.0,24406.0,64.1,4067.67,1500,36609000,3119,89,19030578,37459.0,tx_stack_med,15,
polished_blackstone_slab,6,polished_blackstone x3 @312o,936.0,2188.0,ah,13128.0,12192.0,1302.6,4064.0,3000,36576000,32364,536,65763648,5549.0,tx_stack_med,15,STALE-JUN25
magenta_bed,1,magenta_wool x3 @1843a + spruce_planks x3 @32o,5625.0,30000.0,ah,30000.0,24375.0,433.3,4062.5,1500,36562500,646,646,15746250,30000.0,tx_med,15,STALE-JUN25
slime_ball,9,slime_block x1 @160o,160.0,469.0,ah,4221.0,4061.0,2538.1,4061.0,9000,36549000,107749,1882,48618743,461.0,tx_stack_med,15,STALE-JUN25
magenta_bed,1,magenta_wool x3 @1843a + acacia_planks x3 @45o,5664.0,30000.0,ah,30000.0,24336.0,429.7,4056.0,1500,36504000,646,646,15721056,30000.0,tx_med,15,STALE-JUN25
magenta_bed,1,magenta_wool x3 @1843a + oak_planks x3 @52o,5685.0,30000.0,ah,30000.0,24315.0,427.7,4052.5,1500,36472500,646,646,15707490,30000.0,tx_med,15,STALE-JUN25
soul_campfire,1,stick x3 @5o + soul_sand x1 @85o + stripped_warped_hyphae x3 @15609a,46927.0,75000.0,ah,75000.0,28073.0,59.8,4010.43,1286,36093857,15040,1626,422217920,80000.0,tx_med,15,STALE-JUN25
coal,9,coal_block x1 @1600o,1600.0,623.0,ah,5607.0,4007.0,250.4,4007.0,9000,36063000,400411,6826,178271875,693.0,tx_stack_med,15,
smithing_table,1,iron_ingot x2 @170o + birch_planks x4 @156a,965.0,25000.0,ah,25000.0,24035.0,2490.7,4005.83,1500,36052500,18122,3460,435562270,25000.0,tx_med,15,STALE-JUN25
soul_campfire,1,stick x3 @5o + soul_sand x1 @85o + stripped_mangrove_wood x3 @15625a,46975.0,75000.0,ah,75000.0,28025.0,59.7,4003.57,1286,36032143,15040,1626,421496000,80000.0,tx_med,15,STALE-JUN25
magenta_bed,1,magenta_wool x3 @1843a + birch_planks x3 @156a,5997.8,30000.0,ah,30000.0,24002.2,400.2,4000.38,1500,36003375,646,646,15505454,30000.0,tx_med,15,
birch_stairs,4,birch_planks x6 @156a,937.5,6234.0,ah,24936.0,23998.5,2559.8,3999.75,1500,35997750,24677,392,148052746,15000.0,tx_stack_med,15,
painting,1,stick x8 @5o + orange_wool x1 @4313a,4352.9,40000.0,ah,40000.0,35647.1,818.9,3960.78,1000,35647050,17920,1683,638795136,40000.0,tx_med,15,STALE-JUN25
orange_dye,2,red_dye x1 @156a + yellow_dye x1 @312a,468.5,4188.0,ah,8376.0,7907.5,1687.8,3953.75,4500,35583750,99015,1632,391480556,1451.0,tx_stack_med,15,
magenta_bed,1,magenta_wool x3 @1843a + jungle_planks x3 @250a,6279.0,30000.0,ah,30000.0,23721.0,377.8,3953.5,1500,35581500,646,646,15323766,30000.0,tx_med,15,
stripped_dark_oak_wood,3,stripped_dark_oak_log x4 @7188a,28750.0,14844.0,ah,44532.0,15782.0,54.9,3945.5,2250,35509500,3976,66,20916411,160149.0,tx_stack_med,15,
smithing_table,1,iron_ingot x2 @170o + jungle_planks x4 @250a,1340.0,25000.0,ah,25000.0,23660.0,1765.7,3943.33,1500,35490000,18122,3460,428766520,25000.0,tx_med,15,STALE-JUN25
purple_concrete_powder,8,purple_dye x1 @781a + sand x4 @312a + gravel x4 @10o,2071.0,4688.0,ah,37504.0,35433.0,1710.9,3937.0,1000,35433000,61841,969,273901519,5498.0,tx_stack_med,15,STALE-JUN25
painting,1,stick x8 @5o + brown_wool x1 @4586a,4626.2,40000.0,ah,40000.0,35373.8,764.6,3930.42,1000,35373750,17920,1683,633897600,40000.0,tx_med,15,STALE-JUN25
magenta_terracotta,8,terracotta x8 @250a + magenta_dye x1 @155a,2155.0,4688.0,ah,37504.0,35349.0,1640.3,3927.67,1000,35349000,16573,263,73229872,7957.0,tx_stack_med,15,
blue_bed,1,blue_wool x3 @70o + mangrove_planks x3 @1717a,5361.0,28900.0,ah,28900.0,23539.0,439.1,3923.17,1500,35308500,807,807,18995973,28900.0,tx_med,15,STALE-JUN25
blue_terracotta,8,terracotta x8 @250a + blue_dye x1 @766a,2765.6,4758.0,ah,38064.0,35298.4,1276.3,3922.04,1000,35298380,38240,611,168726256,5019.0,tx_stack_med,15,
pale_oak_shelf,6,stripped_pale_oak_log x6 @3906a,23437.5,7813.0,ah,46878.0,23440.5,100.0,3906.75,1500,35160750,34954,762,136556540,300000.0,tx_stack_med,15,
tuff_wall,6,tuff x6 @1o,6.0,3906.0,ah,23436.0,23430.0,390500.0,3905.0,1500,35145000,14023,224,54759815,7438.0,tx_stack_med,15,STALE-JUN25
birch_planks,4,birch_log x1 @160o,160.0,1016.0,ah,4064.0,3904.0,2440.0,3904.0,9000,35136000,39042,693,38104992,1274.0,tx_stack_med,15,STALE-JUN25
deepslate_brick_slab,6,deepslate_bricks x3 @10o,30.0,1953.0,ah,11718.0,11688.0,38960.0,3896.0,3000,35064000,47428,752,92389744,6233.0,tx_stack_med,15,STALE-JUN25
andesite_slab,6,andesite x3 @11o,33.0,1953.0,ah,11718.0,11685.0,35409.1,3895.0,3000,35055000,12207,192,23773132,8349.0,tx_stack_med,15,STALE-JUN25
mossy_cobblestone_wall,6,mossy_cobblestone x6 @24o,144.0,3891.0,ah,23346.0,23202.0,16112.5,3867.0,1500,34803000,6850,110,26488950,5252.0,tx_stack_med,15,STALE-JUN25
purple_stained_glass_pane,8,glass_pane x8 @609a + purple_dye x1 @781a,5653.0,5052.0,ah,40416.0,34763.0,614.9,3862.56,1000,34763000,30647,493,133172708,4580.0,tx_stack_med,15,
magenta_bed,1,magenta_wool x3 @1843a + bamboo_planks x3 @469a,6936.0,30000.0,ah,30000.0,23064.0,332.5,3844.0,1500,34596000,646,646,14899344,30000.0,tx_med,15,
birch_boat,1,birch_planks x5 @156a,781.2,20000.0,ah,20000.0,19218.8,2460.0,3843.75,1800,34593750,1183,1183,22735781,20000.0,tx_med,15,
oak_sign,3,oak_planks x6 @52o + stick x1 @5o,317.0,9000.0,ah,27000.0,26683.0,8417.4,3811.86,1286,34306714,63466,7071,564487759,10000.0,tx_med,15,STALE-JUN25
black_candle,1,candle x1 @100o + black_dye x1 @90o,190.0,7813.0,ah,7813.0,7623.0,4012.1,3811.5,4500,34303500,15978,406,121800294,11348.0,tx_stack_med,15,STALE-JUN25
pale_oak_sign,3,pale_oak_planks x6 @655a + stick x1 @5o,3934.6,10188.0,ah,30564.0,26629.4,676.8,3804.19,1286,34237749,35707,2611,316951519,8898.0,tx_stack_med,15,STALE-JUN25
smithing_table,1,iron_ingot x2 @170o + bamboo_planks x4 @469a,2216.0,25000.0,ah,25000.0,22784.0,1028.2,3797.33,1500,34176000,18122,3460,412891648,25000.0,tx_med,15,STALE-JUN25
brick_stairs,4,bricks x6 @1953a,11718.0,8594.0,ah,34376.0,22658.0,193.4,3776.33,1500,33987000,1425,30,8071912,46100.0,tx_stack_med,15,
bone_meal,9,bone_block x1 @445o,445.0,469.0,ah,4221.0,3776.0,848.5,3776.0,9000,33984000,1443928,23437,605808014,34100.0,tx_stack_med,15,
soul_torch,4,charcoal x1 @100o + stick x1 @5o + soul_soil x1 @1094a,1198.8,3125.0,ah,12500.0,11301.2,942.8,3767.08,3000,33903750,10730,252,30315603,20000.0,tx_stack_med,15,STALE-JUN25
blue_bed,1,blue_wool x3 @70o + warped_planks x3 @2049a,6357.2,28900.0,ah,28900.0,22542.8,354.6,3757.14,1500,33814275,807,807,18192080,28900.0,tx_med,15,STALE-JUN25
magenta_bed,1,magenta_wool x3 @1843a + pale_oak_planks x3 @655a,7493.8,30000.0,ah,30000.0,22506.2,300.3,3751.03,1500,33759270,646,646,14538992,30000.0,tx_med,15,
light_blue_stained_glass_pane,16,light_blue_stained_glass x6 @2500a,15000.0,2344.0,ah,37504.0,22504.0,150.0,3750.67,1500,33756000,14337,236,20164990,5472.0,tx_stack_med,15,
purpur_stairs,4,purpur_pillar x6 @1484a,8904.0,7813.0,ah,31252.0,22348.0,251.0,3724.67,1500,33522000,7009,141,39159283,8663.0,tx_stack_med,15,
mangrove_planks,4,mangrove_log x1 @3463a,3463.4,1796.0,ah,7184.0,3720.6,107.4,3720.62,9000,33485580,29993,494,27898139,2627.0,tx_stack_med,15,
bamboo_stairs,4,bamboo_planks x6 @469a,2814.0,6250.0,ah,25000.0,22186.0,788.4,3697.67,1500,33279000,14239,227,78976614,5330.0,tx_stack_med,15,
magenta_bed,1,magenta_wool x3 @1843a + cherry_planks x3 @781a,7872.8,30000.0,ah,30000.0,22127.2,281.1,3687.88,1500,33190875,646,646,14294204,30000.0,tx_med,15,
ender_chest,1,obsidian x8 @601o + ender_eye x1 @10o,4818.0,38000.0,ah,38000.0,33182.0,688.7,3686.89,1000,33182000,67561,19648,2241809102,40000.0,tx_med,15,STALE-JUN25
gray_terracotta,8,terracotta x8 @250a + gray_dye x1 @3538a,5537.7,4828.0,ah,38624.0,33086.3,597.5,3676.25,1000,33086280,42327,674,175055372,6093.0,tx_stack_med,15,
smithing_table,1,iron_ingot x2 @170o + pale_oak_planks x4 @655a,2959.8,25000.0,ah,25000.0,22040.2,744.7,3673.37,1500,33060360,18122,3460,399413229,25000.0,tx_med,15,STALE-JUN25
hay_block,1,wheat x9 @225o,2025.0,35000.0,ah,35000.0,32975.0,1628.4,3663.89,1000,32975000,24944,680,822528400,40000.0,tx_med,15,STALE-JUN25
purpur_stairs,4,purpur_block x6 @1562a,9375.0,7813.0,ah,31252.0,21877.0,233.4,3646.17,1500,32815500,7009,141,38333973,8663.0,tx_stack_med,15,
cyan_concrete_powder,8,cyan_dye x1 @50o + sand x4 @312a + gravel x4 @10o,1340.0,4241.0,ah,33928.0,32588.0,2431.9,3620.89,1000,32587990,22722,360,92558039,4093.0,tx_stack_med,15,STALE-JUN25
red_stained_glass_pane,8,glass_pane x8 @609a + red_dye x1 @156a,5028.0,4688.0,ah,37504.0,32476.0,645.9,3608.44,1000,32476000,25197,429,102287222,3591.0,tx_stack_med,15,
silence_armor_trim_smithing_template,2,diamond x7 @5713a + silence_armor_trim_smithing_template x1 @21000o + cobbled_deepslate x1 @10o,60998.9,46719.0,ah,93438.0,32439.1,53.2,3604.34,1000,32439100,48805,9278,791595138,160000.0,tx_stack_med,15,STALE-JUN25
iron_ingot,9,iron_block x1 @2500o,2500.0,677.0,ah,6093.0,3593.0,143.7,3593.0,9000,32337000,614588,12891,245357187,8000.0,tx_stack_med,15,
smithing_table,1,iron_ingot x2 @170o + cherry_planks x4 @781a,3465.0,25000.0,ah,25000.0,21535.0,621.5,3589.17,1500,32302500,18122,3460,390257270,25000.0,tx_med,15,STALE-JUN25
gray_dye,2,black_dye x1 @90o + white_dye x1 @584a,673.5,3906.0,ah,7812.0,7138.5,1059.9,3569.24,4500,32123160,65983,1071,235509163,3540.0,tx_stack_med,15,STALE-JUN25
magenta_bed,1,magenta_wool x3 @1843a + dark_oak_planks x3 @1041a,8651.7,30000.0,ah,30000.0,21348.3,246.8,3558.06,1500,32022495,646,646,13791021,30000.0,tx_med,15,
magenta_bed,1,magenta_wool x3 @1843a + crimson_planks x3 @1094a,8811.0,30000.0,ah,30000.0,21189.0,240.5,3531.5,1500,31783500,646,646,13688094,30000.0,tx_med,15,
diorite_slab,6,diorite x3 @1197a,3590.8,2344.0,ah,14064.0,10473.2,291.7,3491.08,3000,31419720,19133,307,33397417,7298.0,tx_stack_med,15,
iron_trapdoor,1,iron_ingot x4 @170o,680.0,14600.0,ah,14600.0,13920.0,2047.1,3480.0,2250,31320000,41602,3057,579099840,14850.0,tx_med,15,STALE-JUN25
black_stained_glass_pane,16,black_stained_glass x6 @690o,4140.0,1563.0,ah,25008.0,20868.0,504.1,3478.0,1500,31302000,69233,1192,90297140,1419.0,tx_stack_med,15,STALE-JUN25
brown_stained_glass_pane,8,glass_pane x8 @609a + brown_dye x1 @1391a,6262.6,4688.0,ah,37504.0,31241.4,498.9,3471.26,1000,31241380,2218,40,8661673,10141.0,tx_stack_med,15,
polished_blackstone_brick_stairs,4,polished_blackstone_bricks x6 @215o,1290.0,5469.0,ah,21876.0,20586.0,1595.8,3431.0,1500,30879000,48493,876,249569224,6203.0,tx_stack_med,15,STALE-JUN25
smithing_table,1,iron_ingot x2 @170o + dark_oak_planks x4 @1041a,4503.6,25000.0,ah,25000.0,20496.4,455.1,3416.07,1500,30744660,18122,3460,371436486,25000.0,tx_med,15,STALE-JUN25
cherry_wood,3,cherry_log x4 @128o,512.0,4688.0,ah,14064.0,13552.0,2646.9,3388.0,2250,30492000,9136,159,41270357,7060.0,tx_stack_med,15,STALE-JUN25
warped_button,1,warped_planks x1 @2049a,2049.1,5430.0,ah,5430.0,3380.9,165.0,3380.95,9000,30428550,1414,51,4780663,500000.0,tx_stack_med,15,
smithing_table,1,iron_ingot x2 @170o + crimson_planks x4 @1094a,4716.0,25000.0,ah,25000.0,20284.0,430.1,3380.67,1500,30426000,18122,3460,367586648,25000.0,tx_med,15,STALE-JUN25
brown_carpet,3,brown_wool x2 @4586a,9172.5,5297.0,ah,15891.0,6718.5,73.2,3359.25,4500,30233250,20281,329,45419300,7187.0,tx_stack_med,15,
suspicious_stew,1,bowl x1 @2344a + brown_mushroom x1 @10o + red_mushroom x1 @781a + open_eyeblossom x1 @9524a,12659.1,26000.0,ah,26000.0,13340.9,105.4,3335.24,2250,30017115,685,685,9138544,26000.0,tx_med,15,STALE-JUN25
cut_copper_stairs,4,cut_copper x6 @5000a,30000.0,12500.0,ah,50000.0,20000.0,66.7,3333.33,1500,30000000,4035,69,20175000,11400.0,tx_stack_med,15,
dark_oak_fence_gate,1,stick x4 @5o + dark_oak_planks x2 @1041a,2101.8,22000.0,ah,22000.0,19898.2,946.7,3316.37,1500,29847330,10181,448,202583778,22000.0,tx_med,15,STALE-JUN25
cherry_planks,4,cherry_log x1 @128o,128.0,859.0,ah,3436.0,3308.0,2584.4,3308.0,9000,29772000,79676,1292,65892052,1044.0,tx_stack_med,15,STALE-JUN25
prismarine_slab,6,prismarine x3 @2945a,8834.0,3125.0,ah,18750.0,9916.0,112.2,3305.34,3000,29748060,7203,115,11904182,21751.0,tx_stack_med,15,
bamboo_button,1,bamboo_planks x1 @469a,469.0,3750.0,ah,3750.0,3281.0,699.6,3281.0,9000,29529000,4693,114,15397733,4661.0,tx_stack_med,15,
cartography_table,1,paper x2 @103o + spruce_planks x4 @32o,334.0,20000.0,ah,20000.0,19666.0,5888.0,3277.67,1500,29499000,4830,1274,94986780,22500.0,tx_med,15,STALE-JUN25
cartography_table,1,paper x2 @103o + acacia_planks x4 @45o,386.0,20000.0,ah,20000.0,19614.0,5081.3,3269.0,1500,29421000,4830,1274,94735620,22500.0,tx_med,15,STALE-JUN25
white_bed,1,white_wool x3 @103o + spruce_planks x3 @32o,405.0,20000.0,ah,20000.0,19595.0,4838.3,3265.83,1500,29392500,11825,11825,231710875,20000.0,tx_med,15,STALE-JUN25
cartography_table,1,paper x2 @103o + oak_planks x4 @52o,414.0,20000.0,ah,20000.0,19586.0,4730.9,3264.33,1500,29379000,4830,1274,94600380,22500.0,tx_med,15,STALE-JUN25
white_bed,1,white_wool x3 @103o + acacia_planks x3 @45o,444.0,20000.0,ah,20000.0,19556.0,4404.5,3259.33,1500,29334000,11825,11825,231249700,20000.0,tx_med,15,STALE-JUN25
white_bed,1,white_wool x3 @103o + oak_planks x3 @52o,465.0,20000.0,ah,20000.0,19535.0,4201.1,3255.83,1500,29302500,11825,11825,231001375,20000.0,tx_med,15,STALE-JUN25
magenta_bed,1,magenta_wool x3 @1843a + mangrove_planks x3 @1717a,10680.0,30000.0,ah,30000.0,19320.0,180.9,3220.0,1500,28980000,646,646,12480720,30000.0,tx_med,15,
white_bed,1,white_wool x3 @103o + birch_planks x3 @156a,777.8,20000.0,ah,20000.0,19222.2,2471.5,3203.71,1500,28833375,11825,11825,227303106,20000.0,tx_med,15,STALE-JUN25
cartography_table,1,paper x2 @103o + birch_planks x4 @156a,831.0,20000.0,ah,20000.0,19169.0,2306.7,3194.83,1500,28753500,4830,1274,92586270,22500.0,tx_med,15,STALE-JUN25
brown_concrete_powder,8,brown_dye x1 @1391a + sand x4 @312a + gravel x4 @10o,2680.6,3906.0,ah,31248.0,28567.4,1065.7,3174.15,1000,28567380,9120,147,32566813,9481.0,tx_stack_med,15,STALE-JUN25
conduit,1,nautilus_shell x8 @3097a + heart_of_the_sea x1 @20100o,44877.0,73386.0,ah,73386.0,28509.0,63.5,3167.67,1000,28509040,3629,445,103459306,374000.0,tx_stack_med,15,STALE-JUN25
warped_stairs,4,warped_planks x6 @2049a,12294.3,7813.0,ah,31252.0,18957.7,154.2,3159.62,1500,28436550,19635,334,93058610,31243.0,tx_stack_med,15,
white_bed,1,white_wool x3 @103o + jungle_planks x3 @250a,1059.0,20000.0,ah,20000.0,18941.0,1788.6,3156.83,1500,28411500,11825,11825,223977325,20000.0,tx_med,15,STALE-JUN25
yellow_wool,1,yellow_dye x1 @312a + black_wool x1 @30o,342.5,6641.0,ah,6641.0,6298.5,1839.0,3149.25,4500,28343250,63047,1041,397101530,2999.0,tx_stack_med,15,STALE-JUN25
polished_andesite_stairs,4,polished_andesite x6 @1547a,9281.3,7031.0,ah,28124.0,18842.7,203.0,3140.45,1500,28264080,62835,1016,295995578,7042.0,tx_stack_med,15,
cartography_table,1,paper x2 @103o + jungle_planks x4 @250a,1206.0,20000.0,ah,20000.0,18794.0,1558.4,3132.33,1500,28191000,4830,1274,90775020,22500.0,tx_med,15,STALE-JUN25
cherry_pressure_plate,1,cherry_planks x2 @781a,1562.5,7813.0,ah,7813.0,6250.5,400.0,3125.25,4500,28127250,606,43,3787803,10000.0,tx_stack_med,15,
polished_tuff,4,tuff x4 @1o,4.0,3125.0,ah,12500.0,12496.0,312400.0,3124.0,2250,28116000,75186,1219,234881064,1848.0,tx_stack_med,15,STALE-JUN25
deepslate_tile_slab,6,deepslate_tiles x3 @5o,15.0,1563.0,ah,9378.0,9363.0,62420.0,3121.0,3000,28089000,47004,756,73349742,1983.0,tx_stack_med,15,STALE-JUN25
yellow_carpet,3,yellow_wool x2 @2989a,5978.3,4063.0,ah,12189.0,6210.7,103.9,3105.34,4500,27948060,26178,446,54194394,3925.0,tx_stack_med,15,
lime_carpet,1,lime_dye x1 @50o + black_carpet x1 @1547a,1596.9,7797.0,ah,7797.0,6200.1,388.3,3100.06,4500,27900540,9936,162,61604392,5526.0,tx_stack_med,15,STALE-JUN25
orange_dye,1,orange_tulip x1 @1094a,1094.0,4188.0,ah,4188.0,3094.0,282.8,3094.0,9000,27846000,99015,1632,306352410,1451.0,tx_stack_med,15,
bowl,4,spruce_planks x3 @32o,96.0,2344.0,ah,9376.0,9280.0,9666.7,3093.33,3000,27840000,5560,172,12899200,1000.0,tx_stack_med,15,STALE-JUN25
bowl,4,acacia_planks x3 @45o,135.0,2344.0,ah,9376.0,9241.0,6845.2,3080.33,3000,27723000,5560,172,12844990,1000.0,tx_stack_med,15,STALE-JUN25
bowl,4,oak_planks x3 @52o,156.0,2344.0,ah,9376.0,9220.0,5910.3,3073.33,3000,27660000,5560,172,12815800,1000.0,tx_stack_med,15,STALE-JUN25
gray_bed,1,gray_wool x3 @501o + spruce_planks x3 @32o,1599.3,20000.0,ah,20000.0,18400.7,1150.5,3066.78,1500,27601050,516,516,9494761,20000.0,tx_med,15,STALE-JUN25
gray_bed,1,gray_wool x3 @501o + acacia_planks x3 @45o,1638.3,20000.0,ah,20000.0,18361.7,1120.8,3060.28,1500,27542550,516,516,9474637,20000.0,tx_med,15,STALE-JUN25
gray_bed,1,gray_wool x3 @501o + oak_planks x3 @52o,1659.3,20000.0,ah,20000.0,18340.7,1105.3,3056.78,1500,27511050,516,516,9463801,20000.0,tx_med,15,STALE-JUN25
magenta_bed,1,magenta_wool x3 @1843a + warped_planks x3 @2049a,11676.2,30000.0,ah,30000.0,18323.8,156.9,3053.97,1500,27485775,646,646,11837207,30000.0,tx_med,15,
white_bed,1,white_wool x3 @103o + bamboo_planks x3 @469a,1716.0,20000.0,ah,20000.0,18284.0,1065.5,3047.33,1500,27426000,11825,11825,216208300,20000.0,tx_med,15,STALE-JUN25
gray_bed,1,gray_wool x3 @501o + birch_planks x3 @156a,1972.1,20000.0,ah,20000.0,18028.0,914.2,3004.66,1500,27041925,516,516,9302422,20000.0,tx_med,15,STALE-JUN25
cartography_table,1,paper x2 @103o + bamboo_planks x4 @469a,2082.0,20000.0,ah,20000.0,17918.0,860.6,2986.33,1500,26877000,4830,1274,86543940,22500.0,tx_med,15,STALE-JUN25
mangrove_slab,6,mangrove_planks x3 @1717a,5151.0,2344.0,ah,14064.0,8913.0,173.0,2971.0,3000,26739000,22792,370,33857516,7905.0,tx_stack_med,15,
bowl,4,birch_planks x3 @156a,468.8,2344.0,ah,9376.0,8907.2,1900.2,2969.08,3000,26721750,5560,172,12381078,1000.0,tx_stack_med,15,
black_dye,1,wither_rose x1 @1o,1.0,2969.0,ah,2969.0,2968.0,296800.0,2968.0,9000,26712000,129661,3101,384833848,50000.0,tx_stack_med,15,STALE-JUN25
smithing_table,1,iron_ingot x2 @170o + mangrove_planks x4 @1717a,7208.0,25000.0,ah,25000.0,17792.0,246.8,2965.33,1500,26688000,18122,3460,322426624,25000.0,tx_med,15,STALE-JUN25
gray_bed,1,gray_wool x3 @501o + jungle_planks x3 @250a,2253.3,20000.0,ah,20000.0,17746.7,787.6,2957.78,1500,26620050,516,516,9157297,20000.0,tx_med,15,STALE-JUN25
white_bed,1,white_wool x3 @103o + pale_oak_planks x3 @655a,2273.8,20000.0,ah,20000.0,17726.2,779.6,2954.36,1500,26589270,11825,11825,209612078,20000.0,tx_med,15,STALE-JUN25
white_carpet,3,white_wool x2 @103o,206.0,2031.0,ah,6093.0,5887.0,2857.8,2943.5,4500,26491500,284479,4753,558242624,1085.0,tx_stack_med,15,STALE-JUN25
pink_stained_glass_pane,16,pink_stained_glass x6 @1250a,7500.0,1563.0,ah,25008.0,17508.0,233.4,2918.0,1500,26262000,12512,200,13691256,2699.0,tx_stack_med,15,
brown_stained_glass,8,glass x8 @280o + brown_dye x1 @1391a,3630.6,3734.0,ah,29872.0,26241.4,722.8,2915.71,1000,26241380,75790,1238,248604274,3024.0,tx_stack_med,15,STALE-JUN25
gray_concrete_powder,8,gray_dye x1 @3538a + sand x4 @312a + gravel x4 @10o,4827.7,3881.0,ah,31048.0,26220.3,543.1,2913.36,1000,26220280,23376,368,76615658,5499.0,tx_stack_med,15,STALE-JUN25
polished_blackstone_brick_slab,6,polished_blackstone_bricks x3 @215o,645.0,1563.0,ah,9378.0,8733.0,1354.0,2911.0,3000,26199000,26892,436,39141306,5141.0,tx_stack_med,15,STALE-JUN25
white_bed,1,white_wool x3 @103o + cherry_planks x3 @781a,2652.8,20000.0,ah,20000.0,17347.2,653.9,2891.21,1500,26020875,11825,11825,205131231,20000.0,tx_med,15,STALE-JUN25
bowl,4,jungle_planks x3 @250a,750.0,2344.0,ah,9376.0,8626.0,1150.1,2875.33,3000,25878000,5560,172,11990140,1000.0,tx_stack_med,15,
mangrove_stairs,4,mangrove_planks x6 @1717a,10302.0,6875.0,ah,27500.0,17198.0,166.9,2866.33,1500,25797000,13305,215,57204848,8910.0,tx_stack_med,15,
cartography_table,1,paper x2 @103o + pale_oak_planks x4 @655a,2825.8,20000.0,ah,20000.0,17174.2,607.8,2862.37,1500,25761360,4830,1274,82951579,22500.0,tx_med,15,STALE-JUN25
gray_bed,1,gray_wool x3 @501o + bamboo_planks x3 @469a,2910.3,20000.0,ah,20000.0,17089.7,587.2,2848.28,1500,25634550,516,516,8818285,20000.0,tx_med,15,STALE-JUN25
tuff_bricks,4,polished_tuff x4 @1852a,7406.4,4688.0,ah,18752.0,11345.6,153.2,2836.39,2250,25527510,118562,1936,336288071,1188.0,tx_stack_med,15,
black_dye,1,ink_sac x1 @151o,151.0,2969.0,ah,2969.0,2818.0,1866.2,2818.0,9000,25362000,129661,3101,365384698,50000.0,tx_stack_med,15,STALE-JUN25
orange_stained_glass,8,glass x8 @280o + orange_dye x1 @1402a,3642.1,3594.0,ah,28752.0,25110.0,689.4,2789.99,1000,25109950,103973,1690,326344604,2186.0,tx_stack_med,15,STALE-JUN25
cartography_table,1,paper x2 @103o + cherry_planks x4 @781a,3331.0,20000.0,ah,20000.0,16669.0,500.4,2778.17,1500,25003500,4830,1274,80511270,22500.0,tx_med,15,STALE-JUN25
polished_blackstone_bricks,4,polished_blackstone x4 @312o,1248.0,3078.0,ah,12312.0,11064.0,886.5,2766.0,2250,24894000,286112,4832,791385792,2247.0,tx_stack_med,15,STALE-JUN25
white_bed,1,white_wool x3 @103o + dark_oak_planks x3 @1041a,3431.7,20000.0,ah,20000.0,16568.3,482.8,2761.39,1500,24852495,11825,11825,195920502,20000.0,tx_med,15,STALE-JUN25
gray_bed,1,gray_wool x3 @501o + pale_oak_planks x3 @655a,3468.1,20000.0,ah,20000.0,16531.9,476.7,2755.31,1500,24797820,516,516,8530450,20000.0,tx_med,15,STALE-JUN25
jungle_trapdoor,2,jungle_planks x6 @250a,1500.0,9000.0,ah,18000.0,16500.0,1100.0,2750.0,1500,24750000,4545,276,37496250,9000.0,tx_med,15,
smithing_table,1,iron_ingot x2 @170o + warped_planks x4 @2049a,8536.2,25000.0,ah,25000.0,16463.8,192.9,2743.97,1500,24695700,18122,3460,298356984,25000.0,tx_med,15,STALE-JUN25
pumpkin_seeds,4,pumpkin x1 @70o,70.0,703.0,ah,2812.0,2742.0,3917.1,2742.0,9000,24678000,49780,932,34124190,673.0,tx_stack_med,15,STALE-JUN25
white_bed,1,white_wool x3 @103o + crimson_planks x3 @1094a,3591.0,20000.0,ah,20000.0,16409.0,456.9,2734.83,1500,24613500,11825,11825,194036425,20000.0,tx_med,15,STALE-JUN25
mud_bricks,4,packed_mud x4 @400o,1600.0,3125.0,ah,12500.0,10900.0,681.2,2725.0,2250,24525000,64542,1080,175876950,3661.0,tx_stack_med,15,STALE-JUN25
comparator,1,redstone_torch x3 @203o + quartz x1 @310o + stone x3 @14o,961.0,20000.0,ah,20000.0,19039.0,1981.2,2719.86,1286,24478714,122328,8689,2329002792,20000.0,tx_med,15,STALE-JUN25
bamboo_fence_gate,1,stick x4 @5o + bamboo_planks x2 @469a,958.0,17114.0,ah,17114.0,16156.0,1686.4,2692.67,1500,24234000,4968,118,80263008,85223.0,tx_stack_med,15,STALE-JUN25
gray_bed,1,gray_wool x3 @501o + cherry_planks x3 @781a,3847.1,20000.0,ah,20000.0,16153.0,419.9,2692.16,1500,24229425,516,516,8334922,20000.0,tx_med,15,STALE-JUN25
orange_dye,1,torchflower x1 @1500a,1500.0,4188.0,ah,4188.0,2688.0,179.2,2688.0,9000,24192000,99015,1632,266152320,1451.0,tx_stack_med,15,
jukebox,1,spruce_planks x8 @32o + diamond x1 @5713a,5968.7,30000.0,ah,30000.0,24031.3,402.6,2670.14,1000,24031300,5808,1502,139573790,30000.0,tx_med,15,STALE-JUN25
jukebox,1,acacia_planks x8 @45o + diamond x1 @5713a,6072.7,30000.0,ah,30000.0,23927.3,394.0,2658.59,1000,23927300,5808,1502,138969758,30000.0,tx_med,15,STALE-JUN25
bowl,4,bamboo_planks x3 @469a,1407.0,2344.0,ah,9376.0,7969.0,566.4,2656.33,3000,23907000,5560,172,11076910,1000.0,tx_stack_med,15,
jukebox,1,oak_planks x8 @52o + diamond x1 @5713a,6128.7,30000.0,ah,30000.0,23871.3,389.5,2652.37,1000,23871300,5808,1502,138644510,30000.0,tx_med,15,STALE-JUN25
light_blue_wool,1,light_blue_dye x1 @1247a + black_wool x1 @30o,1277.0,6563.0,ah,6563.0,5286.0,413.9,2643.0,4500,23787000,79277,1277,419058222,5885.0,tx_stack_med,15,STALE-JUN25
cartography_table,1,paper x2 @103o + dark_oak_planks x4 @1041a,4369.6,20000.0,ah,20000.0,15630.4,357.7,2605.07,1500,23445660,4830,1274,75495025,22500.0,tx_med,15,STALE-JUN25
tuff_stairs,4,tuff x6 @1o,6.0,3906.0,ah,15624.0,15618.0,260300.0,2603.0,1500,23427000,11772,187,45963774,6063.0,tx_stack_med,15,STALE-JUN25
cartography_table,1,paper x2 @103o + crimson_planks x4 @1094a,4582.0,20000.0,ah,20000.0,15418.0,336.5,2569.67,1500,23127000,4830,1274,74468940,22500.0,tx_med,15,STALE-JUN25
gray_bed,1,gray_wool x3 @501o + dark_oak_planks x3 @1041a,4626.0,20000.0,ah,20000.0,15374.0,332.3,2562.34,1500,23061045,516,516,7932999,20000.0,tx_med,15,STALE-JUN25
jukebox,1,birch_planks x8 @156a + diamond x1 @5713a,6962.7,30000.0,ah,30000.0,23037.3,330.9,2559.7,1000,23037300,5808,1502,133800638,30000.0,tx_med,15,
emerald_block,1,emerald x9 @556o,5004.0,27969.0,ah,27969.0,22965.0,458.9,2551.67,1000,22965000,230120,6385,5284705800,59000.0,tx_stack_med,15,STALE-JUN25
cyan_terracotta,8,terracotta x8 @250a + cyan_dye x1 @50o,2050.0,3125.0,ah,25000.0,22950.0,1119.5,2550.0,1000,22949990,105525,1664,302724712,4776.0,tx_stack_med,15,STALE-JUN25
birch_fence_gate,1,stick x4 @5o + birch_planks x2 @156a,332.5,15625.0,ah,15625.0,15292.5,4599.2,2548.75,1500,22938750,3348,270,51199290,118218.0,tx_stack_med,15,STALE-JUN25
fermented_spider_eye,1,spider_eye x1 @1328a + brown_mushroom x1 @10o + sugar x1 @344a,1682.1,9313.0,ah,9313.0,7630.9,453.6,2543.63,3000,22892640,86755,1752,662016994,5121.0,tx_med,15,STALE-JUN25
andesite_stairs,4,andesite x6 @11o,66.0,3828.0,ah,15312.0,15246.0,23100.0,2541.0,1500,22869000,24658,387,93983967,6685.0,tx_stack_med,15,STALE-JUN25
gray_bed,1,gray_wool x3 @501o + crimson_planks x3 @1094a,4785.3,20000.0,ah,20000.0,15214.7,317.9,2535.78,1500,22822050,516,516,7850785,20000.0,tx_med,15,STALE-JUN25
black_stained_glass,8,glass x8 @280o + black_dye x1 @90o,2330.0,3125.0,ah,25000.0,22670.0,973.0,2518.89,1000,22670000,347192,5674,983855330,1302.0,tx_stack_med,15,STALE-JUN25
diorite,2,cobblestone x2 @131a + quartz x2 @310o,882.7,5469.0,ah,10938.0,10055.3,1139.1,2513.82,2250,22624380,159811,2659,803472176,1203.0,tx_stack_med,15,STALE-JUN25
jukebox,1,jungle_planks x8 @250a + diamond x1 @5713a,7712.7,30000.0,ah,30000.0,22287.3,289.0,2476.37,1000,22287300,5808,1502,129444638,30000.0,tx_med,15,
bowl,4,pale_oak_planks x3 @655a,1964.8,2344.0,ah,9376.0,7411.2,377.2,2470.39,3000,22233540,5560,172,10301540,1000.0,tx_stack_med,15,
green_terracotta,8,terracotta x8 @250a + green_dye x1 @781a,2781.0,3125.0,ah,25000.0,22219.0,799.0,2468.78,1000,22219000,66215,1072,183903886,4674.0,tx_stack_med,15,
diorite_stairs,4,diorite x6 @1197a,7181.5,5469.0,ah,21876.0,14694.5,204.6,2449.08,1500,22041720,18305,303,67245614,6236.0,tx_stack_med,15,
white_bed,1,white_wool x3 @103o + mangrove_planks x3 @1717a,5460.0,20000.0,ah,20000.0,14540.0,266.3,2423.33,1500,21810000,11825,11825,171935500,20000.0,tx_med,15,STALE-JUN25
waxed_oxidized_copper,1,oxidized_copper x1 @1000o + honeycomb x1 @100o,1100.0,5938.0,ah,5938.0,4838.0,439.8,2419.0,4500,21771000,70111,1537,339197018,5109.0,tx_stack_med,15,STALE-JUN25
oak_wood,3,oak_log x4 @85o,340.2,3281.0,ah,9843.0,9502.8,2793.0,2375.69,2250,21381210,27104,442,85854269,4925.0,tx_stack_med,15,STALE-JUN25
repeater,1,redstone_torch x2 @203o + redstone x1 @361a + stone x3 @14o,808.9,15000.0,ah,15000.0,14191.1,1754.4,2365.19,1500,21286680,240365,13457,3411048559,20000.0,tx_med,15,STALE-JUN25
light_gray_bed,1,light_gray_wool x3 @1875a + spruce_planks x3 @32o,5721.0,19900.0,ah,19900.0,14179.0,247.8,2363.17,1500,21268500,141,141,1999239,19900.0,tx_med,15,STALE-JUN25
light_gray_bed,1,light_gray_wool x3 @1875a + acacia_planks x3 @45o,5760.0,19900.0,ah,19900.0,14140.0,245.5,2356.67,1500,21210000,141,141,1993740,19900.0,tx_med,15,STALE-JUN25
light_gray_bed,1,light_gray_wool x3 @1875a + oak_planks x3 @52o,5781.0,19900.0,ah,19900.0,14119.0,244.2,2353.17,1500,21178500,141,141,1990779,19900.0,tx_med,15,STALE-JUN25
bowl,4,cherry_planks x3 @781a,2343.8,2344.0,ah,9376.0,7032.2,300.0,2344.08,3000,21096750,5560,172,9774828,1000.0,tx_stack_med,15,
chiseled_polished_blackstone,1,polished_blackstone_slab x2 @1172a,2344.0,7031.0,ah,7031.0,4687.0,200.0,2343.5,4500,21091500,79272,1550,371547864,40000.0,tx_stack_med,15,
pale_oak_planks,4,pale_oak_log x1 @781a,781.0,781.0,ah,3124.0,2343.0,300.0,2343.0,9000,21087000,175772,2773,102958449,669.0,tx_stack_med,15,
deepslate_tile_wall,6,deepslate_tiles x6 @5o,30.0,2344.0,ah,14064.0,14034.0,46780.0,2339.0,1500,21051000,29132,460,68139748,2398.0,tx_stack_med,15,STALE-JUN25
stripped_warped_hyphae,3,stripped_warped_stem x4 @9375a,37500.0,15609.0,ah,46827.0,9327.0,24.9,2331.75,2250,20985750,3252,90,10110468,35006.0,tx_stack_med,15,
stone_pressure_plate,1,stone x2 @14o,28.0,4688.0,ah,4688.0,4660.0,16642.9,2330.0,4500,20970000,15858,931,73898280,7925.0,tx_stack_med,15,STALE-JUN25
crimson_planks,4,crimson_stem x1 @2047a,2046.9,1094.0,ah,4376.0,2329.1,113.8,2329.11,9000,20961990,29768,501,17333237,1948.0,tx_stack_med,15,
dark_oak_fence,3,dark_oak_planks x4 @1041a + stick x2 @5o,4173.6,6042.0,ah,18126.0,13952.4,334.3,2325.41,1500,20928660,14121,432,65674135,5736.0,tx_stack_med,15,STALE-JUN25
redstone,9,redstone_block x1 @1900o,1900.0,467.0,ah,4203.0,2303.0,121.2,2303.0,9000,20727000,727721,17641,186215718,448.0,tx_stack_med,15,
light_gray_bed,1,light_gray_wool x3 @1875a + birch_planks x3 @156a,6093.8,19900.0,ah,19900.0,13806.2,226.6,2301.04,1500,20709375,141,141,1946681,19900.0,tx_med,15,
black_carpet,3,black_wool x2 @30o,60.0,1547.0,ah,4641.0,4581.0,7635.0,2290.5,4500,20614500,104317,1710,159292059,2695.0,tx_stack_med,15,STALE-JUN25
quartz_bricks,4,quartz_block x4 @1100o,4400.0,3386.0,ah,13544.0,9144.0,207.8,2286.0,2250,20574000,53403,1139,122079258,3987.0,tx_stack_med,15,STALE-JUN25
jukebox,1,bamboo_planks x8 @469a + diamond x1 @5713a,9464.7,30000.0,ah,30000.0,20535.3,217.0,2281.7,1000,20535300,5808,1502,119269022,30000.0,tx_med,15,
polished_blackstone,4,blackstone x4 @850o,3400.0,3125.0,ah,12500.0,9100.0,267.6,2275.0,2250,20475000,241585,3942,549605875,12133.0,tx_stack_med,15,
gray_stained_glass_pane,8,glass_pane x8 @609a + gray_dye x1 @3538a,8409.7,3594.0,ah,28752.0,20342.3,241.9,2260.25,1000,20342280,12148,209,30889752,8098.0,tx_stack_med,15,
white_bed,1,white_wool x3 @103o + warped_planks x3 @2049a,6456.2,20000.0,ah,20000.0,13543.8,209.8,2257.31,1500,20315775,11825,11825,160156026,20000.0,tx_med,15,STALE-JUN25
jungle_fence_gate,1,stick x4 @5o + jungle_planks x2 @250a,520.0,14063.0,ah,14063.0,13543.0,2604.4,2257.17,1500,20314500,1479,57,20030097,8049.0,tx_stack_med,15,STALE-JUN25
light_gray_bed,1,light_gray_wool x3 @1875a + jungle_planks x3 @250a,6375.0,19900.0,ah,19900.0,13525.0,212.2,2254.17,1500,20287500,141,141,1907025,19900.0,tx_med,15,
minecart,1,iron_ingot x5 @170o,850.0,12000.0,ah,12000.0,11150.0,1311.8,2230.0,1800,20070000,7727,7727,86156050,12000.0,tx_med,15,STALE-JUN25
gray_bed,1,gray_wool x3 @501o + mangrove_planks x3 @1717a,6654.3,20000.0,ah,20000.0,13345.7,200.6,2224.28,1500,20018550,516,516,6886381,20000.0,tx_med,15,STALE-JUN25
packed_mud,1,mud x1 @1o + wheat x1 @225o,226.0,4672.0,ah,4672.0,4446.0,1967.3,2223.0,4500,20007000,44923,725,199727658,3747.0,tx_stack_med,15,STALE-JUN25
yellow_concrete_powder,8,yellow_dye x1 @312a + sand x4 @312a + gravel x4 @10o,1602.5,2683.0,ah,21464.0,19861.5,1239.4,2206.83,1000,19861500,27664,441,68681067,2746.0,tx_stack_med,15,STALE-JUN25
tuff_slab,6,tuff x3 @1o,3.0,1094.0,ah,6564.0,6561.0,218700.0,2187.0,3000,19683000,40004,634,43744374,9509.0,tx_stack_med,15,STALE-JUN25
white_stained_glass_pane,8,glass_pane x8 @609a + white_dye x1 @584a,5455.5,3109.0,ah,24872.0,19416.5,355.9,2157.39,1000,19416480,59628,1017,144720734,2100.0,tx_stack_med,15,
cartography_table,1,paper x2 @103o + mangrove_planks x4 @1717a,7074.0,20000.0,ah,20000.0,12926.0,182.7,2154.33,1500,19389000,4830,1274,62432580,22500.0,tx_med,15,STALE-JUN25
respawn_anchor,1,crying_obsidian x6 @201o + glowstone x3 @430o,2496.0,21873.0,ah,21873.0,19377.0,776.3,2153.0,1000,19377000,164388,5522,3185346276,30464.0,tx_stack_med,15,STALE-JUN25
blue_stained_glass_pane,8,glass_pane x8 @609a + blue_dye x1 @766a,5637.6,3125.0,ah,25000.0,19362.4,343.4,2151.38,1000,19362380,14251,233,34491660,3630.0,tx_stack_med,15,
pale_oak_boat,1,pale_oak_planks x5 @655a,3274.7,14000.0,ah,14000.0,10725.3,327.5,2145.06,1800,19305540,291,291,3121062,14000.0,tx_med,15,
light_gray_bed,1,light_gray_wool x3 @1875a + bamboo_planks x3 @469a,7032.0,19900.0,ah,19900.0,12868.0,183.0,2144.67,1500,19302000,141,141,1814388,19900.0,tx_med,15,
polished_granite_stairs,4,polished_granite x6 @1000a,6000.0,4688.0,ah,18752.0,12752.0,212.5,2125.33,1500,19128000,3941,65,12563908,9113.0,tx_stack_med,15,
jukebox,1,pale_oak_planks x8 @655a + diamond x1 @5713a,10952.2,30000.0,ah,30000.0,19047.8,173.9,2116.42,1000,19047780,5808,1502,110629506,30000.0,tx_med,15,
golden_apple,1,gold_ingot x8 @600o + apple x1 @90o,4890.0,23688.0,ah,23688.0,18798.0,384.4,2088.67,1000,18798000,303957,13709,5713783686,109053.0,tx_med,15,STALE-JUN25
bowl,4,dark_oak_planks x3 @1041a,3122.7,2344.0,ah,9376.0,6253.3,200.3,2084.44,3000,18759990,5560,172,8692129,1000.0,tx_stack_med,15,
orange_stained_glass_pane,8,glass_pane x8 @609a + orange_dye x1 @1402a,6274.1,3125.0,ah,25000.0,18726.0,298.5,2080.66,1000,18725950,6763,113,15830450,4522.0,tx_stack_med,15,
glowstone,1,glowstone_dust x4 @10o,40.0,8333.0,ah,8333.0,8293.0,20732.5,2073.25,2250,18659250,288488,10157,2392430984,5387.0,tx_med,15,STALE-JUN25
gray_bed,1,gray_wool x3 @501o + warped_planks x3 @2049a,7650.5,20000.0,ah,20000.0,12349.5,161.4,2058.26,1500,18524325,516,516,6372368,20000.0,tx_med,15,STALE-JUN25
smooth_sandstone_stairs,4,smooth_sandstone x6 @31o,186.0,3125.0,ah,12500.0,12314.0,6620.4,2052.33,1500,18471000,23873,379,73493030,3250.0,tx_stack_med,15,STALE-JUN25
light_gray_bed,1,light_gray_wool x3 @1875a + pale_oak_planks x3 @655a,7589.8,19900.0,ah,19900.0,12310.2,162.2,2051.7,1500,18465270,141,141,1735735,19900.0,tx_med,15,
yellow_terracotta,8,terracotta x8 @250a + yellow_dye x1 @312a,2312.5,2578.0,ah,20624.0,18311.5,791.8,2034.61,1000,18311500,61385,1012,140506428,1647.0,tx_stack_med,15,
bowl,4,crimson_planks x3 @1094a,3282.0,2344.0,ah,9376.0,6094.0,185.7,2031.33,3000,18282000,5560,172,8470660,1000.0,tx_stack_med,15,
oak_stairs,4,oak_planks x6 @52o,312.0,3125.0,ah,12500.0,12188.0,3906.4,2031.33,1500,18282000,41853,679,127526091,3434.0,tx_stack_med,15,STALE-JUN25
brown_wool,1,brown_dye x1 @1391a + black_wool x1 @30o,1420.6,5469.0,ah,5469.0,4048.4,285.0,2024.19,4500,18217710,35931,621,145462342,4637.0,tx_stack_med,15,STALE-JUN25
waxed_cut_copper_stairs,1,cut_copper_stairs x1 @11493a + honeycomb x1 @100o,11592.6,15625.0,ah,15625.0,4032.4,34.8,2016.2,4500,18145845,3119,89,12577087,37459.0,tx_stack_med,15,STALE-JUN25
smooth_quartz_stairs,4,smooth_quartz x6 @1100o,6600.0,4672.0,ah,18688.0,12088.0,183.2,2014.67,1500,18132000,25995,538,78556890,6705.0,tx_stack_med,15,STALE-JUN25
cherry_sign,3,cherry_planks x6 @781a + stick x1 @5o,4692.5,6250.0,ah,18750.0,14057.5,299.6,2008.21,1286,18073929,9808,847,45958653,10403.0,tx_stack_med,15,STALE-JUN25
gold_block,1,gold_ingot x9 @600o,5400.0,23438.0,ah,23438.0,18038.0,334.0,2004.22,1000,18038000,151938,5842,2740657644,27210.0,tx_stack_med,15,STALE-JUN25
jukebox,1,cherry_planks x8 @781a + diamond x1 @5713a,11962.7,30000.0,ah,30000.0,18037.3,150.8,2004.14,1000,18037300,5808,1502,104760638,30000.0,tx_med,15,
white_candle,1,candle x1 @100o + white_dye x1 @584a,683.5,4688.0,ah,4688.0,4004.5,585.9,2002.24,4500,18020160,28616,777,114592200,7579.0,tx_stack_med,15,STALE-JUN25
light_gray_bed,1,light_gray_wool x3 @1875a + cherry_planks x3 @781a,7968.8,19900.0,ah,19900.0,11931.2,149.7,1988.54,1500,17896875,141,141,1682306,19900.0,tx_med,15,
orange_wool,1,orange_dye x1 @1402a + black_wool x1 @30o,1432.0,5375.0,ah,5375.0,3942.9,275.3,1971.47,4500,17743275,49881,909,196678289,4426.0,tx_stack_med,15,STALE-JUN25
acacia_button,1,acacia_planks x1 @45o,45.0,2000.0,ah,2000.0,1955.0,4344.4,1955.0,9000,17595000,1595,133,3118225,2000.0,tx_med,15,STALE-JUN25
purple_carpet,1,purple_dye x1 @781a + black_carpet x1 @1547a,2327.9,6234.0,ah,6234.0,3906.1,167.8,1953.06,4500,17577540,27963,469,109226834,7631.0,tx_stack_med,15,
pale_oak_stairs,4,pale_oak_planks x6 @655a,3929.6,3906.0,ah,15624.0,11694.4,297.6,1949.06,1500,17541540,45063,743,131745736,6679.0,tx_stack_med,15,
copper_torch,4,copper_nugget x1 @303a + charcoal x1 @100o + stick x1 @5o,407.7,1563.0,ah,6252.0,5844.3,1433.4,1948.09,3000,17532810,7357,163,10749074,4372.0,tx_stack_med,15,STALE-JUN25
activator_rail,6,iron_ingot x6 @170o + stick x2 @5o + redstone_torch x1 @203o,1233.0,3125.0,ah,18750.0,17517.0,1420.7,1946.33,1000,17517000,60202,1457,175759739,29000.0,tx_stack_med,15,STALE-JUN25
blue_wool,1,blue_dye x1 @766a + black_wool x1 @30o,795.6,4688.0,ah,4688.0,3892.4,489.2,1946.19,4500,17515710,66517,1139,258909440,4780.0,tx_stack_med,15,STALE-JUN25
cyan_carpet,1,cyan_dye x1 @50o + black_carpet x1 @1547a,1596.9,5469.0,ah,5469.0,3872.1,242.5,1936.05,4500,17424495,11711,204,45346280,9468.0,tx_stack_med,15,STALE-JUN25
cartography_table,1,paper x2 @103o + warped_planks x4 @2049a,8402.2,20000.0,ah,20000.0,11597.8,138.0,1932.97,1500,17396700,4830,1274,56017374,22500.0,tx_med,15,STALE-JUN25
crimson_trapdoor,2,crimson_planks x6 @1094a,6564.0,9063.0,ah,18126.0,11562.0,176.1,1927.0,1500,17343000,7495,260,43328595,22993.0,tx_stack_med,15,
pink_concrete_powder,8,pink_dye x1 @141a + sand x4 @312a + gravel x4 @10o,1430.6,2344.0,ah,18752.0,17321.4,1210.8,1924.6,1000,17321380,15356,250,33248389,2745.0,tx_stack_med,15,STALE-JUN25
red_concrete_powder,8,red_dye x1 @156a + sand x4 @312a + gravel x4 @10o,1446.0,2344.0,ah,18752.0,17306.0,1196.8,1922.89,1000,17306000,76902,1235,166358252,1957.0,tx_stack_med,15,STALE-JUN25
copper_torch,4,copper_nugget x1 @303a + coal x1 @200o + stick x1 @5o,507.7,1563.0,ah,6252.0,5744.3,1131.4,1914.76,3000,17232810,7357,163,10565149,4372.0,tx_stack_med,15,STALE-JUN25
cyan_wool,1,cyan_dye x1 @50o + black_wool x1 @30o,80.0,3906.0,ah,3906.0,3826.0,4781.9,1912.99,4500,17216955,34651,561,132574379,4351.0,tx_stack_med,15,STALE-JUN25
pale_oak_fence,3,pale_oak_planks x4 @655a + stick x2 @5o,2629.8,4688.0,ah,14064.0,11434.2,434.8,1905.71,1500,17151360,30452,540,116065159,4399.0,tx_stack_med,15,STALE-JUN25
bamboo_door,3,bamboo_planks x6 @469a,2814.0,4688.0,ah,14064.0,11250.0,399.8,1875.0,1500,16875000,2203,194,8261250,11716.0,tx_stack_med,15,
green_stained_glass_pane,8,glass_pane x8 @609a + green_dye x1 @781a,5653.0,2813.0,ah,22504.0,16851.0,298.1,1872.33,1000,16851000,18536,298,39043767,6062.0,tx_stack_med,15,
cut_sandstone_slab,6,cut_sandstone x3 @2823a,8468.4,2344.0,ah,14064.0,5595.6,66.1,1865.19,3000,16786710,5503,94,5132070,7264.0,tx_stack_med,15,
red_wool,1,red_dye x1 @156a + black_wool x1 @30o,186.0,3906.0,ah,3906.0,3720.0,2000.0,1860.0,4500,16740000,131282,2125,488369040,3004.0,tx_stack_med,15,STALE-JUN25
light_gray_bed,1,light_gray_wool x3 @1875a + dark_oak_planks x3 @1041a,8747.7,19900.0,ah,19900.0,11152.3,127.5,1858.72,1500,16728495,141,141,1572479,19900.0,tx_med,15,
birch_pressure_plate,1,birch_planks x2 @156a,312.5,4000.0,ah,4000.0,3687.5,1180.0,1843.75,4500,16593750,2046,481,7544625,4000.0,tx_med,15,
light_blue_stained_glass,8,glass x8 @280o + light_blue_dye x1 @1247a,3487.0,2500.0,ah,20000.0,16513.0,473.6,1834.78,1000,16513000,125887,2011,259846504,2936.0,tx_stack_med,15,STALE-JUN25
tuff_brick_stairs,4,tuff_bricks x6 @1181a,7088.8,4523.0,ah,18092.0,11003.2,155.2,1833.86,1500,16504770,8556,142,23535802,4393.0,tx_stack_med,15,
light_gray_bed,1,light_gray_wool x3 @1875a + crimson_planks x3 @1094a,8907.0,19900.0,ah,19900.0,10993.0,123.4,1832.17,1500,16489500,141,141,1550013,19900.0,tx_med,15,
light_gray_carpet,1,light_gray_dye x1 @1023a + black_carpet x1 @1547a,2569.9,6203.0,ah,6203.0,3633.1,141.4,1816.56,4500,16349040,20448,355,74290038,7029.0,tx_stack_med,15,
chiseled_resin_bricks,1,resin_brick_slab x2 @6000a,12000.0,15625.0,ah,15625.0,3625.0,30.2,1812.5,4500,16312500,459,13,1663875,29707.0,tx_stack_med,15,
waxed_copper_bulb,4,waxed_copper_block x3 @505o + blaze_rod x1 @400o + redstone x1 @361a,2275.9,2813.0,ah,11252.0,8976.1,394.4,1795.22,1800,16156962,16910,877,37946420,70000.0,tx_stack_med,15,STALE-JUN25
jukebox,1,dark_oak_planks x8 @1041a + diamond x1 @5713a,14039.8,30000.0,ah,30000.0,15960.2,113.7,1773.35,1000,15960180,5808,1502,92696725,30000.0,tx_med,15,
polished_blackstone_stairs,4,polished_blackstone x6 @312o,1872.0,3125.0,ah,12500.0,10628.0,567.7,1771.33,1500,15942000,56698,1000,150646586,4244.0,tx_stack_med,15,STALE-JUN25
sandstone_stairs,4,sandstone x6 @312a,1875.0,3125.0,ah,12500.0,10625.0,566.7,1770.83,1500,15937500,29151,462,77432344,7755.0,tx_stack_med,15,
red_carpet,3,red_wool x2 @2943a,5886.9,3141.0,ah,9423.0,3536.1,60.1,1768.03,4500,15912270,151635,2511,178730153,2567.0,tx_stack_med,15,
red_stained_glass,8,glass x8 @280o + red_dye x1 @156a,2396.0,2266.0,ah,18128.0,15732.0,656.6,1748.0,1000,15732000,223708,3544,439921782,1371.0,tx_stack_med,15,STALE-JUN25
jukebox,1,crimson_planks x8 @1094a + diamond x1 @5713a,14464.7,30000.0,ah,30000.0,15535.3,107.4,1726.14,1000,15535300,5808,1502,90229022,30000.0,tx_med,15,
end_crystal,1,glass x7 @280o + ender_eye x1 @10o + ghast_tear x1 @10000o,11970.0,27500.0,ah,27500.0,15530.0,129.7,1725.56,1000,15530000,423402,18141,6575433060,21041.0,tx_med,15,STALE-JUN25
cherry_door,3,cherry_planks x6 @781a,4687.5,5000.0,ah,15000.0,10312.5,220.0,1718.75,1500,15468750,1940,258,6668750,25000.0,tx_med,15,
bamboo_sign,3,bamboo_planks x6 @469a + stick x1 @5o,2819.0,4938.0,ah,14814.0,11995.0,425.5,1713.57,1286,15422143,13562,880,54225397,13192.0,tx_stack_med,15,STALE-JUN25
crimson_sign,3,crimson_planks x6 @1094a + stick x1 @5o,6569.0,6188.0,ah,18564.0,11995.0,182.6,1713.57,1286,15422143,3834,259,15329610,100000.0,tx_stack_med,15,STALE-JUN25
light_gray_stained_glass,8,glass x8 @280o + light_gray_dye x1 @1023a,3263.0,2328.0,ah,18624.0,15361.0,470.8,1706.78,1000,15361000,105102,1675,201808978,2671.0,tx_stack_med,15,STALE-JUN25
cookie,8,wheat x2 @225o + cocoa_beans x1 @26o,476.0,694.0,ah,5552.0,5076.0,1066.4,1692.0,3000,15228000,72952,1195,46288044,2248.0,tx_stack_med,15,STALE-JUN25
magma_cream,1,blaze_powder x1 @30o + slime_ball x1 @40o,70.0,3438.0,ah,3438.0,3368.0,4811.4,1684.0,4500,15156000,38984,711,131298112,3108.0,tx_stack_med,15,STALE-JUN25
acacia_sign,3,acacia_planks x6 @45o + stick x1 @5o,275.0,4000.0,ah,12000.0,11725.0,4263.6,1675.0,1286,15075000,2133,497,8336475,4000.0,tx_med,15,STALE-JUN25
magenta_carpet,3,magenta_wool x2 @1843a,3686.0,2344.0,ah,7032.0,3346.0,90.8,1673.0,4500,15057000,7161,127,7986902,5883.0,tx_stack_med,15,
detector_rail,6,iron_ingot x6 @170o + stone_pressure_plate x1 @4062a + redstone x1 @361a,5443.2,3125.0,ah,18750.0,13306.8,244.5,1663.34,1125,14970105,18336,1065,40665459,43600.0,tx_stack_med,15,STALE-JUN25
bamboo_fence,3,bamboo_planks x4 @469a + stick x2 @5o,1886.0,3906.0,ah,11718.0,9832.0,521.3,1638.67,1500,14748000,22535,386,73854707,33541.0,tx_stack_med,15,STALE-JUN25
dark_oak_trapdoor,2,dark_oak_planks x6 @1041a,6245.3,8000.0,ah,16000.0,9754.7,156.2,1625.78,1500,14631990,46449,1156,226547101,8000.0,tx_med,15,
bamboo_mosaic_slab,6,bamboo_mosaic x3 @1578a,4734.0,1578.0,ah,9468.0,4734.0,100.0,1578.0,3000,14202000,1513,38,1193757,4260.0,tx_stack_med,15,
acacia_planks,4,acacia_log x1 @142o,142.5,430.0,ah,1720.0,1577.5,1107.0,1577.5,9000,14197500,13690,237,5398994,2111.0,tx_stack_med,15,STALE-JUN25
spruce_boat,1,spruce_planks x5 @32o,160.0,8000.0,ah,8000.0,7840.0,4900.0,1568.0,1800,14112000,9720,9720,76204800,8000.0,tx_med,15,STALE-JUN25
firework_rocket,3,gunpowder x1 @47o + paper x1 @103o,150.0,1094.0,ah,3282.0,3132.0,2088.0,1566.0,4500,14094000,532862,9410,556307928,2625.0,tx_stack_med,15,STALE-JUN25
warped_shelf,6,stripped_warped_stem x6 @9375a,56250.0,10938.0,ah,65628.0,9378.0,16.7,1563.0,1500,14067000,11733,231,18338679,10884.0,tx_stack_med,15,
cyan_dye,2,blue_dye x1 @766a + green_dye x1 @781a,1546.6,2328.0,ah,4656.0,3109.4,201.0,1554.69,4500,13992210,68518,1278,106524249,2689.0,tx_stack_med,15,
deepslate_brick_wall,6,deepslate_bricks x6 @10o,60.0,1563.0,ah,9378.0,9318.0,15530.0,1553.0,1500,13977000,23346,379,36256338,4050.0,tx_stack_med,15,STALE-JUN25
melon_seeds,1,melon_slice x1 @10o,10.0,1563.0,ah,1563.0,1553.0,15530.0,1553.0,9000,13977000,8985,290,13953705,2643.0,tx_stack_med,15,STALE-JUN25
cherry_shelf,6,stripped_cherry_log x6 @4688a,28125.0,6234.0,ah,37404.0,9279.0,33.0,1546.5,1500,13918500,5488,133,8487192,90000.0,tx_stack_med,15,
stone_brick_wall,6,stone_bricks x6 @5o,30.0,1547.0,ah,9282.0,9252.0,30840.0,1542.0,1500,13878000,106713,1681,164551446,3030.0,tx_stack_med,15,STALE-JUN25
oak_fence_gate,1,stick x4 @5o + oak_planks x2 @52o,124.0,9375.0,ah,9375.0,9251.0,7460.5,1541.83,1500,13876500,101909,2477,942760159,30000.0,tx_med,15,STALE-JUN25
polished_andesite,4,andesite x4 @11o,44.0,1547.0,ah,6188.0,6144.0,13963.6,1536.0,2250,13824000,148049,2356,227403264,2579.0,tx_stack_med,15,STALE-JUN25
lodestone,1,chiseled_stone_bricks x8 @16o + iron_ingot x1 @170o,298.0,14063.0,ah,14063.0,13765.0,4619.1,1529.44,1000,13765000,39160,1510,539037400,145000.0,tx_stack_med,15,STALE-JUN25
lime_wool,1,lime_dye x1 @50o + black_wool x1 @30o,80.0,3125.0,ah,3125.0,3045.0,3806.2,1522.5,4500,13702500,56047,912,170663115,3935.0,tx_stack_med,15,STALE-JUN25
light_gray_bed,1,light_gray_wool x3 @1875a + mangrove_planks x3 @1717a,10776.0,19900.0,ah,19900.0,9124.0,84.7,1520.67,1500,13686000,141,141,1286484,19900.0,tx_med,15,
lime_concrete_powder,8,lime_dye x1 @50o + sand x4 @312a + gravel x4 @10o,1340.0,1875.0,ah,15000.0,13660.0,1019.4,1517.78,1000,13660000,40454,655,69075205,4534.0,tx_stack_med,15,STALE-JUN25
acacia_pressure_plate,1,acacia_planks x2 @45o,90.0,3125.0,ah,3125.0,3035.0,3372.2,1517.5,4500,13657500,705,45,2139675,144500.0,tx_stack_med,15,STALE-JUN25
red_nether_bricks,1,nether_brick x2 @469a + nether_wart x2 @52o,1042.0,7109.0,ah,7109.0,6067.0,582.2,1516.75,2250,13650750,59457,941,360725619,5832.0,tx_stack_med,15,STALE-JUN25
ender_eye,1,ender_pearl x1 @55o + blaze_powder x1 @30o,85.0,3109.0,ah,3109.0,3024.0,3557.6,1512.0,4500,13608000,94772,2025,286590528,30000.0,tx_stack_med,15,STALE-JUN25
anvil,1,iron_block x3 @2500o + iron_ingot x4 @170o,8180.0,18750.0,ah,18750.0,10570.0,129.2,1510.0,1286,13590000,34190,9110,361388300,20000.0,tx_stack_med,15,STALE-JUN25
orange_concrete_powder,8,orange_dye x1 @1402a + sand x4 @312a + gravel x4 @10o,2692.1,2031.0,ah,16248.0,13556.0,503.6,1506.22,1000,13555950,18088,289,30650003,14457.0,tx_stack_med,15,STALE-JUN25
deepslate_tile_stairs,4,deepslate_tiles x6 @5o,30.0,2266.0,ah,9064.0,9034.0,30113.3,1505.67,1500,13551000,55512,946,125373852,6051.0,tx_stack_med,15,STALE-JUN25
pink_carpet,1,pink_dye x1 @141a + black_carpet x1 @1547a,1687.5,4688.0,ah,4688.0,3000.5,177.8,1500.25,4500,13502250,38904,646,116731452,3159.0,tx_stack_med,15,
iron_bars,16,iron_ingot x6 @170o,1020.0,625.0,ah,10000.0,8980.0,880.4,1496.67,1500,13470000,181866,2922,102072292,711.0,tx_stack_med,15,STALE-JUN25
fire_charge,3,gunpowder x1 @47o + blaze_powder x1 @30o + coal x1 @200o,277.0,1563.0,ah,4689.0,4412.0,1592.8,1470.67,3000,13236000,19186,761,28216211,50000.0,tx_stack_med,15,STALE-JUN25
crimson_hyphae,3,crimson_stem x4 @2047a,8187.6,4688.0,ah,14064.0,5876.4,71.8,1469.11,2250,13221990,17585,284,34445732,10738.0,tx_stack_med,15,
oak_slab,6,oak_planks x3 @52o,156.0,734.0,ah,4404.0,4248.0,2723.1,1416.0,3000,12744000,98000,1613,69384000,9000.0,tx_stack_med,15,STALE-JUN25
bowl,4,mangrove_planks x3 @1717a,5151.0,2344.0,ah,9376.0,4225.0,82.0,1408.33,3000,12675000,5560,172,5872750,1000.0,tx_stack_med,15,
black_wool,1,black_dye x1 @90o + blue_wool x1 @70o,160.0,2969.0,ah,2969.0,2809.0,1755.6,1404.5,4500,12640500,183946,3041,516704314,1721.0,tx_stack_med,15,STALE-JUN25
light_blue_stained_glass_pane,8,glass_pane x8 @609a + light_blue_dye x1 @1247a,6119.0,2344.0,ah,18752.0,12633.0,206.5,1403.67,1000,12633000,14337,236,22639915,5472.0,tx_stack_med,15,
quartz_stairs,4,quartz_block x6 @1100o,6600.0,3750.0,ah,15000.0,8400.0,127.3,1400.0,1500,12600000,112652,1946,236569200,7936.0,tx_stack_med,15,STALE-JUN25
heavy_weighted_pressure_plate,1,iron_ingot x2 @170o,340.0,3125.0,ah,3125.0,2785.0,819.1,1392.5,4500,12532500,24979,856,69566515,98989.0,tx_stack_med,15,STALE-JUN25
brown_dye,1,cocoa_beans x1 @26o,26.0,1406.0,ah,1406.0,1380.0,5307.7,1380.0,9000,12420000,59100,1023,81558000,1456.0,tx_stack_med,15,STALE-JUN25
light_gray_bed,1,light_gray_wool x3 @1875a + warped_planks x3 @2049a,11772.2,19900.0,ah,19900.0,8127.8,69.0,1354.64,1500,12191775,141,141,1146027,19900.0,tx_med,15,
glass_pane,16,glass x6 @280o,1680.0,609.0,ah,9744.0,8064.0,480.0,1344.0,1500,12096000,218992,3552,110371968,1046.0,tx_stack_med,15,STALE-JUN25
polished_granite_slab,6,polished_granite x3 @1000a,3000.0,1172.0,ah,7032.0,4032.0,134.4,1344.0,3000,12096000,3208,53,2155776,2652.0,tx_stack_med,15,
waxed_copper_block,1,copper_block x1 @642o + honeycomb x1 @100o,742.0,3398.0,ah,3398.0,2656.0,358.0,1328.0,4500,11952000,29434,601,78176704,7000.0,tx_stack_med,15,STALE-JUN25
blue_carpet,1,blue_dye x1 @766a + black_carpet x1 @1547a,2312.5,4966.0,ah,4966.0,2653.5,114.7,1326.75,4500,11940750,47303,767,125518510,3646.0,tx_stack_med,15,
stripped_oak_wood,3,stripped_oak_log x4 @5415a,21661.8,8984.0,ah,26952.0,5290.2,24.4,1322.56,2250,11903040,10666,173,18808567,149686.0,tx_stack_med,15,
blaze_powder,2,blaze_rod x1 @400o,400.0,859.0,ah,1718.0,1318.0,329.5,1318.0,9000,11862000,111079,1883,73201061,697.0,tx_stack_med,15,STALE-JUN25
acacia_trapdoor,2,acacia_planks x6 @45o,270.0,4000.0,ah,8000.0,7730.0,2863.0,1288.33,1500,11595000,4286,397,16565390,4000.0,tx_med,15,STALE-JUN25
mushroom_stew,1,brown_mushroom x1 @10o + red_mushroom x1 @781a + bowl x1 @2344a,3135.2,7000.0,ah,7000.0,3864.8,123.3,1288.25,3000,11594250,682,682,2635760,7000.0,tx_med,15,STALE-JUN25
cobblestone_stairs,4,cobblestone x6 @131a,788.2,2109.0,ah,8436.0,7647.8,970.3,1274.64,1500,11471760,133875,2114,255963645,450.0,tx_stack_med,15,
lime_stained_glass,8,glass x8 @280o + lime_dye x1 @50o,2290.0,1719.0,ah,13752.0,11462.0,500.5,1273.56,1000,11462000,145539,2330,208521002,2703.0,tx_stack_med,15,STALE-JUN25
bone_meal,3,bone x1 @137o,137.0,469.0,ah,1407.0,1270.0,927.0,1270.0,9000,11430000,1443928,23437,611262853,34100.0,tx_stack_med,15,
gray_carpet,1,gray_dye x1 @3538a + black_carpet x1 @1547a,5084.6,7591.0,ah,7591.0,2506.4,49.3,1253.2,4500,11278800,41360,679,103664704,4778.0,tx_stack_med,15,
bamboo_slab,6,bamboo_planks x3 @469a,1407.0,859.0,ah,5154.0,3747.0,266.3,1249.0,3000,11241000,0,0,0,,tx_stack_med,15,
end_stone_brick_slab,6,end_stone_bricks x3 @313a,939.0,781.0,ah,4686.0,3747.0,399.0,1249.0,3000,11241000,4159,70,2597296,2537.0,tx_stack_med,15,
prismarine,1,prismarine_shard x4 @23o,92.0,5078.0,ah,5078.0,4986.0,5419.6,1246.5,2250,11218500,78812,1349,392956632,2951.0,tx_stack_med,15,STALE-JUN25
blackstone_stairs,4,blackstone x6 @850o,5100.0,3125.0,ah,12500.0,7400.0,145.1,1233.33,1500,11100000,46158,847,85392300,5309.0,tx_stack_med,15,
waxed_copper_bulb,1,copper_bulb x1 @250o + honeycomb x1 @100o,350.0,2813.0,ah,2813.0,2463.0,703.7,1231.5,4500,11083500,16910,877,41649330,70000.0,tx_stack_med,15,STALE-JUN25
black_concrete_powder,8,black_dye x1 @90o + sand x4 @312a + gravel x4 @10o,1380.0,1555.0,ah,12440.0,11060.0,801.4,1228.89,1000,11060000,59593,1047,82387322,1978.0,tx_stack_med,15,STALE-JUN25
campfire,1,stick x3 @5o + charcoal x1 @100o + dark_oak_wood x3 @25o,190.0,8594.0,ah,8594.0,8404.0,4423.2,1200.57,1286,10805143,29423,2082,247270892,99000.0,tx_stack_med,15,STALE-JUN25
lime_dye,2,green_dye x1 @781a + white_dye x1 @584a,1364.5,1875.0,ah,3750.0,2385.5,174.8,1192.74,4500,10734660,115827,1837,138151496,837.0,tx_stack_med,15,
brown_carpet,1,brown_dye x1 @1391a + black_carpet x1 @1547a,2937.5,5297.0,ah,5297.0,2359.5,80.3,1179.75,4500,10617750,20281,329,47853020,7187.0,tx_stack_med,15,
mangrove_sign,3,mangrove_planks x6 @1717a + stick x1 @5o,10307.0,6188.0,ah,18564.0,8257.0,80.1,1179.57,1286,10616143,3194,259,8790953,27922.0,tx_stack_med,15,STALE-JUN25
campfire,1,stick x3 @5o + coal x1 @200o + acacia_wood x3 @50o,365.0,8594.0,ah,8594.0,8229.0,2254.5,1175.57,1286,10580143,29423,2082,242121867,99000.0,tx_stack_med,15,STALE-JUN25
campfire,1,stick x3 @5o + coal x1 @200o + oak_wood x3 @51o,367.7,8594.0,ah,8594.0,8226.3,2237.2,1175.19,1286,10576671,29423,2082,242042425,99000.0,tx_stack_med,15,STALE-JUN25
jukebox,1,mangrove_planks x8 @1717a + diamond x1 @5713a,19448.7,30000.0,ah,30000.0,10551.3,54.3,1172.37,1000,10551300,5808,1502,61281950,30000.0,tx_med,15,
polished_deepslate_stairs,4,polished_deepslate x6 @391a,2343.7,2344.0,ah,9376.0,7032.3,300.0,1172.05,1500,10548420,86064,1380,151306536,10000.0,tx_stack_med,15,
polished_deepslate_slab,6,polished_deepslate x3 @391a,1171.9,781.0,ah,4686.0,3514.1,299.9,1171.38,3000,10542420,55679,875,32610634,2554.0,tx_stack_med,15,
campfire,1,stick x3 @5o + coal x1 @200o + jungle_log x3 @66o,413.0,8594.0,ah,8594.0,8181.0,1980.9,1168.71,1286,10518429,29423,2082,240709563,99000.0,tx_stack_med,15,STALE-JUN25
campfire,1,stick x3 @5o + coal x1 @200o + spruce_log x3 @72o,431.0,8594.0,ah,8594.0,8163.0,1894.0,1166.14,1286,10495286,29423,2082,240179949,99000.0,tx_stack_med,15,STALE-JUN25
coarse_dirt,4,dirt x2 @12o + gravel x2 @10o,44.0,1172.0,ah,4688.0,4644.0,10554.5,1161.0,2250,10449000,31654,587,36750294,1341.0,tx_stack_med,15,STALE-JUN25
blue_concrete_powder,8,blue_dye x1 @766a + sand x4 @312a + gravel x4 @10o,2055.6,1563.0,ah,12504.0,10448.4,508.3,1160.93,1000,10448380,42865,679,55983726,3479.0,tx_stack_med,15,STALE-JUN25
campfire,1,stick x3 @5o + coal x1 @200o + oak_log x3 @85o,470.2,8594.0,ah,8594.0,8123.8,1727.8,1160.55,1286,10444911,29423,2082,239027156,99000.0,tx_stack_med,15,STALE-JUN25
wolf_armor,1,armadillo_scute x6 @512a,3073.0,10000.0,ah,10000.0,6927.0,225.4,1154.51,1500,10390560,743,743,5146791,10000.0,tx_med,15,
campfire,1,stick x3 @5o + coal x1 @200o + dark_oak_log x3 @100o,515.0,8594.0,ah,8594.0,8079.0,1568.7,1154.14,1286,10387286,29423,2082,237708417,99000.0,tx_stack_med,15,STALE-JUN25
campfire,1,stick x3 @5o + coal x1 @200o + cherry_log x3 @128o,599.0,8594.0,ah,8594.0,7995.0,1334.7,1142.14,1286,10279286,29423,2082,235236885,99000.0,tx_stack_med,15,STALE-JUN25
white_concrete_powder,8,white_dye x1 @584a + sand x4 @312a + gravel x4 @10o,1873.5,1516.0,ah,12128.0,10254.5,547.3,1139.39,1000,10254480,82301,1360,105494245,1443.0,tx_stack_med,15,STALE-JUN25
campfire,1,stick x3 @5o + coal x1 @200o + acacia_log x3 @142o,642.5,8594.0,ah,8594.0,7951.5,1237.6,1135.93,1286,10223357,29423,2082,233956984,99000.0,tx_stack_med,15,STALE-JUN25
oak_planks,4,oak_log x1 @85o,85.1,305.0,ah,1220.0,1134.9,1334.3,1134.94,9000,10214460,197728,3226,56102354,634.0,tx_stack_med,15,STALE-JUN25
campfire,1,stick x3 @5o + coal x1 @200o + spruce_wood x3 @150o,665.0,8594.0,ah,8594.0,7929.0,1192.3,1132.71,1286,10194429,29423,2082,233294967,99000.0,tx_stack_med,15,STALE-JUN25
campfire,1,stick x3 @5o + coal x1 @200o + birch_log x3 @160o,695.0,8594.0,ah,8594.0,7899.0,1136.5,1128.43,1286,10155857,29423,2082,232412277,99000.0,tx_stack_med,15,STALE-JUN25
campfire,1,stick x3 @5o + coal x1 @200o + stripped_oak_wood x3 @167o,716.0,8594.0,ah,8594.0,7878.0,1100.3,1125.43,1286,10128857,29423,2082,231794394,99000.0,tx_stack_med,15,STALE-JUN25
campfire,1,stick x3 @5o + coal x1 @200o + stripped_dark_oak_wood x3 @191o,788.0,8594.0,ah,8594.0,7806.0,990.6,1115.14,1286,10036286,29423,2082,229675938,99000.0,tx_stack_med,15,STALE-JUN25
campfire,1,stick x3 @5o + coal x1 @200o + warped_stem x3 @201o,818.0,8594.0,ah,8594.0,7776.0,950.6,1110.86,1286,9997714,29423,2082,228793248,99000.0,tx_stack_med,15,STALE-JUN25
purple_wool,1,purple_dye x1 @781a + black_wool x1 @30o,811.0,3031.0,ah,3031.0,2220.0,273.7,1110.0,4500,9990000,48764,804,108256080,2980.0,tx_stack_med,15,STALE-JUN25
cyan_stained_glass,8,glass x8 @280o + cyan_dye x1 @50o,2290.0,1531.0,ah,12248.0,9958.0,434.8,1106.44,1000,9957990,102490,1624,127574299,3763.0,tx_stack_med,15,STALE-JUN25
yellow_carpet,1,yellow_dye x1 @312a + black_carpet x1 @1547a,1859.4,4063.0,ah,4063.0,2203.6,118.5,1101.81,4500,9916290,26178,446,57686364,3925.0,tx_stack_med,15,
spruce_wood,3,spruce_log x4 @72o,288.0,1563.0,ah,4689.0,4401.0,1528.1,1100.25,2250,9902250,32882,527,48237894,2169.0,tx_stack_med,15,
redstone_block,1,redstone x9 @361a,3247.9,12999.0,ah,12999.0,9751.1,300.2,1083.45,1000,9751080,154981,9687,1511232129,12999.0,tx_med,15,
orange_carpet,3,orange_wool x2 @4313a,8625.9,3594.0,ah,10782.0,2156.1,25.0,1078.05,4500,9702450,17395,282,12501787,15080.0,tx_stack_med,15,
bowl,4,warped_planks x3 @2049a,6147.2,2344.0,ah,9376.0,3228.8,52.5,1076.28,3000,9686550,5560,172,4488101,1000.0,tx_stack_med,15,
warped_slab,6,warped_planks x3 @2049a,6147.2,1547.0,ah,9282.0,3134.8,51.0,1044.95,3000,9404550,28142,458,14703491,38404.0,tx_stack_med,15,
torch,4,charcoal x1 @100o + stick x1 @5o,105.0,547.0,ah,2188.0,2083.0,1983.8,1041.5,4500,9373500,580034,10737,302052706,10000.0,tx_stack_med,15,STALE-JUN25
stone_brick_stairs,4,stone_bricks x6 @5o,30.0,1563.0,ah,6252.0,6222.0,20740.0,1037.0,1500,9333000,76148,1205,118448214,3898.0,tx_stack_med,15,STALE-JUN25
mossy_stone_brick_stairs,4,mossy_stone_bricks x6 @1047a,6281.3,3125.0,ah,12500.0,6218.7,99.0,1036.45,1500,9328080,7360,119,11442445,11298.0,tx_stack_med,15,
polished_basalt,4,basalt x4 @62a,250.0,1094.0,ah,4376.0,4126.0,1650.4,1031.5,2250,9283500,102307,1612,105529670,617.0,tx_stack_med,15,
honey_block,1,honey_bottle x4 @375o,1500.0,5625.0,ah,5625.0,4125.0,275.0,1031.25,2250,9281250,65103,7113,268549875,7684.0,tx_stack_med,15,STALE-JUN25
waxed_oxidized_copper_grate,1,oxidized_copper_grate x1 @9982a + honeycomb x1 @100o,10082.0,12141.0,ah,12141.0,2059.0,20.4,1029.5,4500,9265500,14840,278,30555560,8275.0,tx_stack_med,15,STALE-JUN25
blue_stained_glass,8,glass x8 @280o + blue_dye x1 @766a,3005.6,1531.0,ah,12248.0,9242.4,307.5,1026.93,1000,9242380,222329,3707,256856138,1465.0,tx_stack_med,15,STALE-JUN25
purple_stained_glass,8,glass x8 @280o + purple_dye x1 @781a,3021.0,1531.0,ah,12248.0,9227.0,305.4,1025.22,1000,9227000,222331,3629,256431017,2248.0,tx_stack_med,15,STALE-JUN25
copper_bulb,4,copper_block x3 @642o + blaze_rod x1 @400o + redstone x1 @361a,2686.9,1953.0,ah,7812.0,5125.1,190.7,1025.02,1800,9225216,55262,2415,70806095,20000.0,tx_stack_med,15,STALE-JUN25
light_gray_dye,1,azure_bluet x1 @1o,1.0,1023.0,ah,1023.0,1022.0,102200.0,1022.0,9000,9198000,41765,811,42683830,2644.0,tx_stack_med,15,STALE-JUN25
deepslate_brick_stairs,4,deepslate_bricks x6 @10o,60.0,1547.0,ah,6188.0,6128.0,10213.3,1021.33,1500,9192000,101277,1599,155156364,1629.0,tx_stack_med,15,STALE-JUN25
birch_wood,3,birch_log x4 @160o,640.0,1563.0,ah,4689.0,4049.0,632.7,1012.25,2250,9110250,4550,82,6140983,8630.0,tx_stack_med,15,STALE-JUN25
pink_wool,1,pink_dye x1 @141a + black_wool x1 @30o,170.6,2188.0,ah,2188.0,2017.4,1182.4,1008.69,4500,9078210,64510,1099,130141184,2369.0,tx_stack_med,15,STALE-JUN25
saddle,1,leather x3 @283o + iron_ingot x1 @170o,1019.0,5000.0,ah,5000.0,3981.0,390.7,995.25,2250,8957250,2081,2081,8284461,5000.0,tx_med,15,STALE-JUN25
torch,4,coal x1 @200o + stick x1 @5o,205.0,547.0,ah,2188.0,1983.0,967.3,991.5,4500,8923500,580034,10737,287551856,10000.0,tx_stack_med,15,STALE-JUN25
sea_lantern,1,prismarine_shard x4 @23o + prismarine_crystals x5 @75o,467.0,9375.0,ah,9375.0,8908.0,1907.5,989.78,1000,8908000,185042,6277,1648354136,60000.0,tx_stack_med,15,STALE-JUN25
lightning_rod,1,copper_ingot x3 @63o,189.0,3109.0,ah,3109.0,2920.0,1545.0,973.33,3000,8760000,15101,765,44094920,143000.0,tx_stack_med,15,STALE-JUN25
tripwire_hook,2,iron_ingot x1 @170o + stick x1 @5o + spruce_planks x1 @32o,207.0,1547.0,ah,3094.0,2887.0,1394.7,962.33,3000,8661000,90120,3150,130088220,50000.0,tx_stack_med,15,STALE-JUN25
tripwire_hook,2,iron_ingot x1 @170o + stick x1 @5o + acacia_planks x1 @45o,220.0,1547.0,ah,3094.0,2874.0,1306.4,958.0,3000,8622000,90120,3150,129502440,50000.0,tx_stack_med,15,STALE-JUN25
tripwire_hook,2,iron_ingot x1 @170o + stick x1 @5o + oak_planks x1 @52o,227.0,1547.0,ah,3094.0,2867.0,1263.0,955.67,3000,8601000,90120,3150,129187020,50000.0,tx_stack_med,15,STALE-JUN25
magenta_concrete_powder,8,magenta_dye x1 @155a + sand x4 @312a + gravel x4 @10o,1445.0,1250.0,ah,10000.0,8555.0,592.0,950.56,1000,8555000,21654,350,23156246,2068.0,tx_stack_med,15,STALE-JUN25
end_stone_brick_stairs,4,end_stone_bricks x6 @313a,1878.0,1875.0,ah,7500.0,5622.0,299.4,937.0,1500,8433000,5514,95,7749927,14000.0,tx_stack_med,15,
jungle_planks,4,jungle_log x1 @66o,66.0,250.0,ah,1000.0,934.0,1415.2,934.0,9000,8406000,26040,443,6080340,1418.0,tx_stack_med,15,STALE-JUN25
tripwire_hook,2,iron_ingot x1 @170o + stick x1 @5o + birch_planks x1 @156a,331.2,1547.0,ah,3094.0,2762.8,834.0,920.92,3000,8288250,90120,3150,124489515,50000.0,tx_stack_med,15,STALE-JUN25
polished_diorite_stairs,4,polished_diorite x6 @1172a,7031.3,3125.0,ah,12500.0,5468.7,77.8,911.45,1500,8203080,46494,751,63565667,5431.0,tx_stack_med,15,
dried_kelp,9,dried_kelp_block x1 @500o,500.0,156.0,ah,1404.0,904.0,180.8,904.0,9000,8136000,154520,2506,15520676,215.0,tx_stack_med,15,STALE-JUN25
quartz_stairs,4,quartz_pillar x6 @1600a,9600.0,3750.0,ah,15000.0,5400.0,56.2,900.0,1500,8100000,112652,1946,152080200,7936.0,tx_stack_med,15,
andesite,2,diorite x1 @1197a + cobblestone x1 @131a,1328.3,1563.0,ah,3126.0,1797.7,135.3,898.86,4500,8089740,96696,1683,86916167,1749.0,tx_stack_med,15,
warped_sign,3,warped_planks x6 @2049a + stick x1 @5o,12299.3,6188.0,ah,18564.0,6264.7,50.9,894.96,1286,8054614,10797,917,22546655,75000.0,tx_stack_med,15,STALE-JUN25
tripwire_hook,2,iron_ingot x1 @170o + stick x1 @5o + jungle_planks x1 @250a,425.0,1547.0,ah,3094.0,2669.0,628.0,889.67,3000,8007000,90120,3150,120265140,50000.0,tx_stack_med,15,STALE-JUN25
green_concrete_powder,8,green_dye x1 @781a + sand x4 @312a + gravel x4 @10o,2071.0,1250.0,ah,10000.0,7929.0,382.9,881.0,1000,7929000,57868,1062,57354422,3215.0,tx_stack_med,15,STALE-JUN25
jukebox,1,warped_planks x8 @2049a + diamond x1 @5713a,22105.1,30000.0,ah,30000.0,7894.9,35.7,877.21,1000,7894900,5808,1502,45853579,30000.0,tx_med,15,
raw_iron_block,1,raw_iron x9 @121o,1089.0,8953.0,ah,8953.0,7864.0,722.1,873.78,1000,7864000,9111,336,71648904,23000.0,tx_stack_med,15,STALE-JUN25
campfire,1,stick x3 @5o + coal x1 @200o + pale_oak_log x3 @781a,2558.0,8594.0,ah,8594.0,6036.0,236.0,862.29,1286,7760571,29423,2082,177597228,99000.0,tx_stack_med,15,STALE-JUN25
pale_moss_carpet,3,pale_moss_block x2 @1406a,2812.5,1511.0,ah,4533.0,1720.5,61.2,860.25,4500,7742250,17682,306,10140627,1889.0,tx_stack_med,15,
campfire,1,stick x3 @5o + coal x1 @200o + crimson_hyphae x3 @800o,2615.0,8594.0,ah,8594.0,5979.0,228.6,854.14,1286,7687286,29423,2082,175920117,99000.0,tx_stack_med,15,STALE-JUN25
pink_stained_glass,8,glass x8 @280o + pink_dye x1 @141a,2380.6,1250.0,ah,10000.0,7619.4,320.1,846.6,1000,7619380,97750,1618,93099299,1695.0,tx_stack_med,15,STALE-JUN25
magenta_stained_glass,8,glass x8 @280o + magenta_dye x1 @155a,2395.0,1250.0,ah,10000.0,7605.0,317.5,845.0,1000,7605000,96906,1626,92121266,1538.0,tx_stack_med,15,STALE-JUN25
black_stained_glass_pane,8,glass_pane x8 @609a + black_dye x1 @90o,4962.0,1563.0,ah,12504.0,7542.0,152.0,838.0,1000,7542000,69233,1192,65269411,1419.0,tx_stack_med,15,STALE-JUN25
copper_trapdoor,1,copper_ingot x4 @63o,252.0,3594.0,ah,3594.0,3342.0,1326.2,835.5,2250,7519500,20902,369,69854484,3850.0,tx_stack_med,15,STALE-JUN25
magenta_stained_glass_pane,16,magenta_stained_glass x6 @1250a,7500.0,781.0,ah,12496.0,4996.0,66.6,832.67,1500,7494000,9289,176,2900490,2625.0,tx_stack_med,15,
pink_stained_glass_pane,8,glass_pane x8 @609a + pink_dye x1 @141a,5012.6,1563.0,ah,12504.0,7491.4,149.5,832.38,1000,7491380,12512,200,11716518,2699.0,tx_stack_med,15,
light_blue_concrete_powder,8,light_blue_dye x1 @1247a + sand x4 @312a + gravel x4 @10o,2537.0,1250.0,ah,10000.0,7463.0,294.2,829.22,1000,7463000,24360,389,22724835,4518.0,tx_stack_med,15,STALE-JUN25
magenta_wool,1,magenta_dye x1 @155a + black_wool x1 @30o,185.0,1843.0,ah,1843.0,1658.0,896.2,829.0,4500,7461000,50126,817,83108908,2397.0,tx_med,15,STALE-JUN25
cobbled_deepslate_stairs,4,cobbled_deepslate x6 @10o,60.0,1250.0,ah,5000.0,4940.0,8233.3,823.33,1500,7410000,27854,475,34399690,1510.0,tx_stack_med,15,STALE-JUN25
red_sandstone,1,red_sand x4 @253o,1012.0,4297.0,ah,4297.0,3285.0,324.6,821.24,2250,7391160,12869,210,42274150,4280.0,tx_stack_med,15,STALE-JUN25
tripwire_hook,2,iron_ingot x1 @170o + stick x1 @5o + bamboo_planks x1 @469a,644.0,1547.0,ah,3094.0,2450.0,380.4,816.67,3000,7350000,90120,3150,110397000,50000.0,tx_stack_med,15,STALE-JUN25
glass_bottle,3,glass x3 @280o,840.0,1094.0,ah,3282.0,2442.0,290.7,814.0,3000,7326000,220067,3619,179134538,790.0,tx_stack_med,15,STALE-JUN25
hopper,1,iron_ingot x5 @170o + chest x1 @558a,1408.2,6250.0,ah,6250.0,4841.8,343.8,806.96,1500,7262655,870368,32414,4214121671,3552.0,tx_med,15,STALE-JUN25
bamboo_planks,2,bamboo_block x1 @133o,133.0,469.0,ah,938.0,805.0,605.3,805.0,9000,7245000,124927,1994,50283118,622.0,tx_stack_med,15,
composter,1,spruce_slab x7 @94a,656.2,6250.0,ah,6250.0,5593.8,852.4,799.11,1286,7191964,97830,4192,547236562,22000.0,tx_med,15,
white_stained_glass,8,glass x8 @280o + white_dye x1 @584a,2823.5,1250.0,ah,10000.0,7176.5,254.2,797.39,1000,7176480,434788,6964,390030923,1352.0,tx_stack_med,15,STALE-JUN25
waxed_oxidized_cut_copper,4,waxed_oxidized_copper x4 @4685a,18739.2,5469.0,ah,21876.0,3136.8,16.7,784.19,2250,7057710,25413,462,19928620,5614.0,tx_stack_med,15,
composter,1,acacia_slab x7 @109a,765.7,6250.0,ah,6250.0,5484.3,716.3,783.48,1286,7051294,97830,4192,536532982,22000.0,tx_med,15,
cherry_fence_gate,1,stick x4 @5o + cherry_planks x2 @781a,1582.5,6250.0,ah,6250.0,4667.5,294.9,777.92,1500,7001250,4454,93,20789045,20000.0,tx_stack_med,15,STALE-JUN25
green_stained_glass,8,glass x8 @280o + green_dye x1 @781a,3021.0,1250.0,ah,10000.0,6979.0,231.0,775.44,1000,6979000,163885,2666,142969177,3412.0,tx_stack_med,15,STALE-JUN25
bucket,1,iron_ingot x3 @170o,510.0,2813.0,ah,2813.0,2303.0,451.6,767.67,3000,6909000,70599,5624,162589497,4708.0,tx_stack_med,15,STALE-JUN25
blue_dye,1,cornflower x1 @1o,1.0,766.0,ah,766.0,765.0,76500.0,765.0,9000,6885000,161011,2833,123173415,1202.0,tx_stack_med,15,STALE-JUN25
spruce_fence,3,spruce_planks x4 @32o + stick x2 @5o,138.0,1563.0,ah,4689.0,4551.0,3297.8,758.5,1500,6826500,207028,4528,314061476,20000.0,tx_stack_med,15,STALE-JUN25
tripwire_hook,2,iron_ingot x1 @170o + stick x1 @5o + pale_oak_planks x1 @655a,829.9,1547.0,ah,3094.0,2264.1,272.8,754.69,3000,6792180,90120,3150,102018544,50000.0,tx_stack_med,15,STALE-JUN25
polished_tuff_stairs,4,polished_tuff x6 @1852a,11109.7,3906.0,ah,15624.0,4514.3,40.6,752.39,1500,6771510,20324,322,22937362,4207.0,tx_stack_med,15,
oak_fence,3,oak_planks x4 @52o + stick x2 @5o,218.0,1563.0,ah,4689.0,4471.0,2050.9,745.17,1500,6706500,77374,1518,115313051,19382.0,tx_stack_med,15,STALE-JUN25
blue_dye,1,lapis_lazuli x1 @22o,22.0,766.0,ah,766.0,744.0,3381.8,744.0,9000,6696000,161011,2833,119792184,1202.0,tx_stack_med,15,STALE-JUN25
composter,1,dark_oak_slab x7 @156a,1092.0,6250.0,ah,6250.0,5158.0,472.3,736.86,1286,6631714,97830,4192,504607140,22000.0,tx_med,15,
dark_oak_stairs,4,dark_oak_planks x6 @1041a,6245.3,2656.0,ah,10624.0,4378.7,70.1,729.78,1500,6567990,50792,823,55600225,8728.0,tx_stack_med,15,
oak_pressure_plate,1,oak_planks x2 @52o,104.0,1563.0,ah,1563.0,1459.0,1402.9,729.5,4500,6565500,20136,530,29378424,15000.0,tx_stack_med,15,STALE-JUN25
red_carpet,1,red_dye x1 @156a + black_carpet x1 @1547a,1702.9,3141.0,ah,3141.0,1438.1,84.5,719.06,4500,6471540,151635,2511,218069326,2567.0,tx_stack_med,15,
cherry_stairs,4,cherry_planks x6 @781a,4687.5,2250.0,ah,9000.0,4312.5,92.0,718.75,1500,6468750,21829,377,23534391,7695.0,tx_stack_med,15,
waxed_cut_copper,1,cut_copper x1 @5000a + honeycomb x1 @100o,5100.0,6531.0,ah,6531.0,1431.0,28.1,715.5,4500,6439500,5504,123,7876224,25299.0,tx_stack_med,15,STALE-JUN25
light_gray_concrete_powder,8,light_gray_dye x1 @1023a + sand x4 @312a + gravel x4 @10o,2313.0,1094.0,ah,8752.0,6439.0,278.4,715.44,1000,6439000,21317,336,17157520,5645.0,tx_stack_med,15,STALE-JUN25
stone_stairs,4,stone x6 @14o,84.0,1094.0,ah,4376.0,4292.0,5109.5,715.33,1500,6438000,135183,2147,145051359,2091.0,tx_stack_med,15,STALE-JUN25
blackstone_wall,6,blackstone x6 @850o,5100.0,1563.0,ah,9378.0,4278.0,83.9,713.0,1500,6417000,22518,365,16055334,7003.0,tx_stack_med,15,
tripwire_hook,2,iron_ingot x1 @170o + stick x1 @5o + cherry_planks x1 @781a,956.2,1547.0,ah,3094.0,2137.8,223.6,712.58,3000,6413250,90120,3150,96327015,50000.0,tx_stack_med,15,STALE-JUN25
black_carpet,1,black_dye x1 @90o + blue_carpet x1 @50o,140.0,1547.0,ah,1547.0,1407.0,1005.0,703.5,4500,6331500,104317,1710,146774019,2695.0,tx_stack_med,15,STALE-JUN25
nether_bricks,1,nether_brick x4 @469a,1876.0,4688.0,ah,4688.0,2812.0,149.9,703.0,2250,6327000,96572,1575,271560464,2418.0,tx_stack_med,15,
smooth_stone_slab,6,smooth_stone x3 @80o,240.0,391.0,ah,2346.0,2106.0,877.5,702.0,3000,6318000,222467,3557,78085917,489.0,tx_stack_med,15,STALE-JUN25
moss_carpet,3,moss_block x2 @8o,16.2,469.0,ah,1407.0,1390.8,8585.2,695.4,4500,6258600,208747,3404,96775109,662.0,tx_stack_med,15,STALE-JUN25
yellow_stained_glass,8,glass x8 @280o + yellow_dye x1 @312a,2552.5,1094.0,ah,8752.0,6199.5,242.9,688.83,1000,6199500,135576,2155,105062926,2023.0,tx_stack_med,15,STALE-JUN25
honeycomb_block,1,honeycomb x4 @100o,400.0,3125.0,ah,3125.0,2725.0,681.2,681.25,2250,6131250,8114,302,22110650,5251.0,tx_stack_med,15,STALE-JUN25
brown_terracotta,8,terracotta x8 @250a + brown_dye x1 @1391a,3390.6,1172.0,ah,9376.0,5985.4,176.5,665.04,1000,5985380,50422,814,37724354,3037.0,tx_stack_med,15,
glistering_melon_slice,1,gold_nugget x8 @33o + melon_slice x1 @10o,274.0,6219.0,ah,6219.0,5945.0,2169.7,660.56,1000,5945000,9897,282,58837665,5551.0,tx_stack_med,15,STALE-JUN25
sugar,3,honey_bottle x1 @375o,375.0,344.0,ah,1032.0,657.0,175.2,657.0,9000,5913000,27172,537,5950668,711.0,tx_stack_med,15,STALE-JUN25
pale_oak_trapdoor,2,pale_oak_planks x6 @655a,3929.6,3906.0,ah,7812.0,3882.4,98.8,647.06,1500,5823540,58730,1654,114005501,92000.0,tx_stack_med,15,
gray_dye,1,closed_eyeblossom x1 @3263a,3263.4,3906.0,ah,3906.0,642.6,19.7,642.59,9000,5783310,65983,1071,42400016,3540.0,tx_stack_med,15,
mangrove_trapdoor,2,mangrove_planks x6 @1717a,10302.0,7031.0,ah,14062.0,3760.0,36.5,626.67,1500,5640000,14420,554,27109600,27581.0,tx_stack_med,15,
tripwire_hook,2,iron_ingot x1 @170o + stick x1 @5o + dark_oak_planks x1 @1041a,1215.9,1547.0,ah,3094.0,1878.1,154.5,626.04,3000,5634330,90120,3150,84627637,50000.0,tx_stack_med,15,STALE-JUN25
cherry_trapdoor,2,cherry_planks x6 @781a,4687.5,4219.0,ah,8438.0,3750.5,80.0,625.08,1500,5625750,15569,437,29195767,15000.0,tx_stack_med,15,
bread,1,wheat x3 @225o,675.0,2547.0,ah,2547.0,1872.0,277.3,624.0,3000,5616000,320708,6565,600365376,2073.0,tx_stack_med,15,STALE-JUN25
copper_chain,1,copper_nugget x2 @303a + copper_ingot x1 @63o,668.5,2500.0,ah,2500.0,1831.5,274.0,610.51,3000,5494620,11526,205,21110330,4465.0,tx_stack_med,15,STALE-JUN25
tripwire_hook,2,iron_ingot x1 @170o + stick x1 @5o + crimson_planks x1 @1094a,1269.0,1547.0,ah,3094.0,1825.0,143.8,608.33,3000,5475000,90120,3150,82234500,50000.0,tx_stack_med,15,STALE-JUN25
light_gray_dye,3,black_dye x1 @90o + white_dye x2 @584a,1257.0,1023.0,ah,3069.0,1812.0,144.1,603.99,3000,5435880,41765,811,25225503,2644.0,tx_stack_med,15,STALE-JUN25
map,1,paper x8 @103o + compass x1 @700o,1524.0,6953.0,ah,6953.0,5429.0,356.2,603.22,1000,5429000,785373,37807,4263790017,33769.0,tx_stack_med,15,STALE-JUN25
stick,4,spruce_planks x2 @32o,64.0,313.0,ah,1252.0,1188.0,1856.2,594.0,4500,5346000,466981,8234,138693357,10000.0,tx_stack_med,15,STALE-JUN25
coal_block,1,coal x9 @200o,1800.0,7031.0,ah,7031.0,5231.0,290.6,581.22,1000,5231000,119166,3264,623357346,4358.0,tx_stack_med,15,STALE-JUN25
stick,4,acacia_planks x2 @45o,90.0,313.0,ah,1252.0,1162.0,1291.1,581.0,4500,5229000,466981,8234,135657980,10000.0,tx_stack_med,15,STALE-JUN25
composter,1,birch_slab x7 @312a,2187.5,6250.0,ah,6250.0,4062.5,185.7,580.36,1286,5223214,97830,4192,397434375,22000.0,tx_med,15,
dark_prismarine,1,prismarine_shard x8 @23o + black_dye x1 @90o,274.0,5469.0,ah,5469.0,5195.0,1896.0,577.22,1000,5195000,51265,1012,266321675,7557.0,tx_stack_med,15,STALE-JUN25
paper,3,sugar_cane x3 @51o,153.0,625.0,ah,1875.0,1722.0,1125.5,574.0,3000,5166000,494320,8072,283739680,646.0,tx_stack_med,15,STALE-JUN25
stick,4,oak_planks x2 @52o,104.0,313.0,ah,1252.0,1148.0,1103.8,574.0,4500,5166000,466981,8234,134023547,10000.0,tx_stack_med,15,STALE-JUN25
light_blue_dye,2,blue_dye x1 @766a + white_dye x1 @584a,1349.1,1247.0,ah,2494.0,1144.9,84.9,572.43,4500,5151870,78181,1308,44753150,2184.0,tx_stack_med,15,
polished_granite,4,granite x4 @435a,1739.1,1000.0,ah,4000.0,2260.9,130.0,565.22,2250,5086980,24123,408,13634802,3110.0,tx_stack_med,15,
white_dye,1,bone_meal x1 @216a,216.1,781.0,ah,781.0,564.9,261.4,564.91,9000,5084190,216041,3544,122043721,598.0,tx_stack_med,15,
redstone_lamp,1,redstone x4 @361a + glowstone x1 @430o,1873.5,4688.0,ah,4688.0,2814.5,150.2,562.9,1800,5066064,44953,2814,126519319,27000.0,tx_stack_med,15,STALE-JUN25
rail,16,iron_ingot x6 @170o + stick x1 @5o,1025.0,309.0,ah,4944.0,3919.0,382.3,559.86,1286,5038714,386155,8657,94583840,811.0,tx_stack_med,15,STALE-JUN25
beehive,1,spruce_planks x6 @32o + honeycomb x3 @100o,492.0,5469.0,ah,5469.0,4977.0,1011.6,553.0,1000,4977000,42077,1647,209417229,350000.0,tx_stack_med,15,STALE-JUN25
spruce_planks,4,spruce_log x1 @72o,72.0,156.0,ah,624.0,552.0,766.7,552.0,9000,4968000,453483,7303,62580654,252.0,tx_stack_med,15,
beehive,1,acacia_planks x6 @45o + honeycomb x3 @100o,570.0,5469.0,ah,5469.0,4899.0,859.5,544.33,1000,4899000,42077,1647,206135223,350000.0,tx_stack_med,15,STALE-JUN25
beehive,1,oak_planks x6 @52o + honeycomb x3 @100o,612.0,5469.0,ah,5469.0,4857.0,793.6,539.67,1000,4857000,42077,1647,204367989,350000.0,tx_stack_med,15,STALE-JUN25
campfire,1,stick x3 @5o + coal x1 @200o + birch_wood x3 @1562a,4902.5,8594.0,ah,8594.0,3691.5,75.3,527.36,1286,4746214,29423,2082,108615004,99000.0,tx_stack_med,15,STALE-JUN25
sandstone_stairs,4,chiseled_sandstone x6 @1563a,9378.0,3125.0,ah,12500.0,3122.0,33.3,520.33,1500,4683000,29151,462,22752356,7755.0,tx_stack_med,15,
mossy_stone_bricks,1,stone_bricks x1 @5o + moss_block x1 @8o,13.1,1047.0,ah,1047.0,1033.9,7892.4,516.95,4500,4652550,71658,1155,74087206,11549.0,tx_stack_med,15,STALE-JUN25
blast_furnace,1,iron_ingot x5 @170o + furnace x1 @95a + smooth_stone x3 @80o,1185.3,5703.0,ah,5703.0,4517.7,381.1,501.97,1000,4517690,41752,3495,188622593,35000.0,tx_stack_med,15,STALE-JUN25
quartz_pillar,2,quartz_block x2 @1100o,2200.0,1600.0,ah,3200.0,1000.0,45.5,500.0,4500,4500000,91017,1659,45508500,100000.0,tx_stack_med,15,STALE-JUN25
red_candle,1,candle x1 @100o + red_dye x1 @156a,256.0,1250.0,ah,1250.0,994.0,388.3,497.0,4500,4473000,26247,705,26089518,4603.0,tx_stack_med,15,STALE-JUN25
bamboo_trapdoor,2,bamboo_planks x6 @469a,2814.0,2891.0,ah,5782.0,2968.0,105.5,494.67,1500,4452000,24342,658,36123528,8330.0,tx_stack_med,15,
spruce_stairs,4,spruce_planks x6 @32o,192.0,780.0,ah,3120.0,2928.0,1525.0,488.0,1500,4392000,163778,2615,119885496,1294.0,tx_stack_med,15,STALE-JUN25
scaffolding,6,bamboo x6 @14o + string x1 @72o,156.0,594.0,ah,3564.0,3408.0,2184.6,486.86,1286,4381714,441509,7179,250777112,815.0,tx_stack_med,15,STALE-JUN25
item_frame,1,stick x8 @5o + leather x1 @283o,323.0,4688.0,ah,4688.0,4365.0,1351.4,485.0,1000,4365000,331371,15166,1446434415,13000.0,tx_stack_med,15,STALE-JUN25
white_terracotta,8,terracotta x8 @250a + white_dye x1 @584a,2583.5,859.0,ah,6872.0,4288.5,166.0,476.5,1000,4288480,63018,1045,33781429,2489.0,tx_stack_med,15,
white_wool,1,white_dye x1 @584a + black_wool x1 @30o,613.5,1563.0,ah,1563.0,949.5,154.8,474.74,4500,4272660,274007,5798,260164166,1391.0,tx_stack_med,15,STALE-JUN25
beehive,1,birch_planks x6 @156a + honeycomb x3 @100o,1237.5,5469.0,ah,5469.0,4231.5,341.9,470.17,1000,4231500,42077,1647,178048826,350000.0,tx_stack_med,15,STALE-JUN25
birch_slab,6,birch_planks x3 @156a,468.8,313.0,ah,1878.0,1409.2,300.6,469.75,3000,4227750,20633,343,4846176,37722.0,tx_stack_med,15,
stick,4,birch_planks x2 @156a,312.5,313.0,ah,1252.0,939.5,300.6,469.75,4500,4227750,466981,8234,109682162,10000.0,tx_stack_med,15,
candle,1,string x1 @72o + honeycomb x1 @100o,172.0,1094.0,ah,1094.0,922.0,536.0,461.0,4500,4149000,29622,836,27311484,4934.0,tx_stack_med,15,STALE-JUN25
copper_block,1,copper_ingot x9 @63o,567.0,4688.0,ah,4688.0,4121.0,726.8,457.89,1000,4121000,47485,949,195685685,4854.0,tx_stack_med,15,STALE-JUN25
pumpkin_pie,1,pumpkin x1 @70o + sugar x1 @344a + egg x1 @28o,442.0,1815.0,ah,1815.0,1373.0,310.6,457.67,3000,4119000,10185,216,13984005,1748.0,tx_stack_med,15,STALE-JUN25
stone_bricks,4,stone x4 @14o,56.0,469.0,ah,1876.0,1820.0,3250.0,455.0,2250,4095000,504609,7949,229597095,306.0,tx_stack_med,15,STALE-JUN25
stonecutter,1,iron_ingot x1 @170o + stone x3 @14o,212.0,2031.0,ah,2031.0,1819.0,858.0,454.75,2250,4092750,12955,2217,23565145,40000.0,tx_stack_med,15,STALE-JUN25
barrel,1,spruce_planks x6 @32o + spruce_slab x2 @94a,379.5,3906.0,ah,3906.0,3526.5,929.2,440.81,1125,3967312,170346,6782,600725169,30000.0,tx_stack_med,15,STALE-JUN25
cherry_slab,6,cherry_planks x3 @781a,2343.8,609.0,ah,3654.0,1310.2,55.9,436.75,3000,3930750,19143,316,4180353,4392.0,tx_stack_med,15,
barrel,1,acacia_planks x6 @45o + acacia_slab x2 @109a,488.8,3906.0,ah,3906.0,3417.2,699.2,427.15,1125,3844395,170346,6782,582113165,30000.0,tx_stack_med,15,STALE-JUN25
end_rod,4,blaze_rod x1 @400o + popped_chorus_fruit x1 @1562a,1962.5,703.0,ah,2812.0,849.5,43.3,424.75,4500,3822750,101245,2989,21501907,2457.0,tx_stack_med,15,STALE-JUN25
clay,1,clay_ball x4 @359a,1437.6,3125.0,ah,3125.0,1687.4,117.4,421.86,2250,3796740,54778,921,92434588,1506.0,tx_stack_med,15,
leather,1,rabbit_hide x4 @13o,52.4,1719.0,ah,1719.0,1666.6,3180.5,416.65,2250,3749850,240201,5488,400318987,1753.0,tx_stack_med,15,STALE-JUN25
smoker,1,dark_oak_wood x4 @25o + furnace x1 @95a,195.3,2266.0,ah,2266.0,2070.7,1060.2,414.14,1800,3727242,186957,3841,387129990,1534.0,tx_stack_med,15,STALE-JUN25
prismarine_bricks,1,prismarine_shard x9 @23o,207.0,3906.0,ah,3906.0,3699.0,1787.0,411.0,1000,3699000,90385,1542,334334115,4351.0,tx_stack_med,15,STALE-JUN25
light_gray_wool,1,light_gray_dye x1 @1023a + black_wool x1 @30o,1053.0,1875.0,ah,1875.0,822.0,78.1,411.0,4500,3699000,60397,1356,49646334,2000.0,tx_stack_med,15,STALE-JUN25
spectral_arrow,2,glowstone_dust x4 @10o + arrow x1 @250a,290.0,1172.0,ah,2344.0,2054.0,708.3,410.8,1800,3697200,54827,931,56307329,2781.0,tx_stack_med,15,STALE-JUN25
beehive,1,jungle_planks x6 @250a + honeycomb x3 @100o,1800.0,5469.0,ah,5469.0,3669.0,203.8,407.67,1000,3669000,42077,1647,154380513,350000.0,tx_stack_med,15,STALE-JUN25
tripwire_hook,2,iron_ingot x1 @170o + stick x1 @5o + mangrove_planks x1 @1717a,1892.0,1547.0,ah,3094.0,1202.0,63.5,400.67,3000,3606000,90120,3150,54162120,50000.0,tx_stack_med,15,STALE-JUN25
smoker,1,acacia_wood x4 @50o + furnace x1 @95a,295.3,2266.0,ah,2266.0,1970.7,667.3,394.14,1800,3547242,186957,3841,368434290,1534.0,tx_stack_med,15,STALE-JUN25
smoker,1,oak_wood x4 @51o + furnace x1 @95a,298.9,2266.0,ah,2266.0,1967.1,658.1,393.42,1800,3540762,186957,3841,367761245,1534.0,tx_stack_med,15,STALE-JUN25
mossy_cobblestone_stairs,4,mossy_cobblestone x6 @24o,144.0,625.0,ah,2500.0,2356.0,1636.1,392.67,1500,3534000,13341,214,7857849,4440.0,tx_stack_med,15,STALE-JUN25
deepslate_bricks,4,polished_deepslate x4 @391a,1562.5,781.0,ah,3124.0,1561.5,99.9,390.38,2250,3513420,353645,5621,138055935,1185.0,tx_stack_med,15,
smoker,1,jungle_log x4 @66o + furnace x1 @95a,359.3,2266.0,ah,2266.0,1906.7,530.7,381.34,1800,3432042,186957,3841,356469042,1534.0,tx_stack_med,15,STALE-JUN25
polished_deepslate,4,cobbled_deepslate x4 @10o,40.0,391.0,ah,1564.0,1524.0,3810.0,381.0,2250,3429000,287797,4587,109650657,630.0,tx_stack_med,15,STALE-JUN25
jungle_fence,3,jungle_planks x4 @250a + stick x2 @5o,1010.0,1094.0,ah,3282.0,2272.0,225.0,378.67,1500,3408000,2513,75,1903179,11045.0,tx_stack_med,15,STALE-JUN25
smoker,1,spruce_log x4 @72o + furnace x1 @95a,383.3,2266.0,ah,2266.0,1882.7,491.2,376.54,1800,3388842,186957,3841,351982074,1534.0,tx_stack_med,15,
stick,4,jungle_planks x2 @250a,500.0,313.0,ah,1252.0,752.0,150.4,376.0,4500,3384000,466981,8234,87792428,10000.0,tx_stack_med,15,
green_wool,1,green_dye x1 @781a + black_wool x1 @30o,811.0,1563.0,ah,1563.0,752.0,92.7,376.0,4500,3384000,67024,1118,50402048,5919.0,tx_stack_med,15,STALE-JUN25
crafter,1,iron_ingot x5 @170o + crafting_table x1 @25o + redstone x2 @361a + dropper x1 @236o,1832.8,5156.0,ah,5156.0,3323.2,181.3,369.25,1000,3323240,234042,8329,777777736,5901.0,tx_stack_med,15,STALE-JUN25
waxed_copper_grate,1,copper_grate x1 @5413a + honeycomb x1 @100o,5513.4,6250.0,ah,6250.0,736.6,13.4,368.28,4500,3314520,13081,264,9634941,5703.0,tx_stack_med,15,STALE-JUN25
smoker,1,oak_log x4 @85o + furnace x1 @95a,435.6,2266.0,ah,2266.0,1830.5,420.3,366.09,1800,3294810,186957,3841,342215441,1534.0,tx_stack_med,15,STALE-JUN25
iron_chain,1,iron_nugget x2 @148a + iron_ingot x1 @170o,466.3,1563.0,ah,1563.0,1096.7,235.2,365.57,3000,3290100,84228,2698,92372848,49000.0,tx_stack_med,15,STALE-JUN25
spruce_pressure_plate,1,spruce_planks x2 @32o,64.0,781.0,ah,781.0,717.0,1120.3,358.5,4500,3226500,174843,3284,125362431,922.0,tx_stack_med,15,STALE-JUN25
light_gray_terracotta,8,terracotta x8 @250a + light_gray_dye x1 @1023a,3023.0,781.0,ah,6248.0,3225.0,106.7,358.33,1000,3225000,28925,505,11660391,2730.0,tx_stack_med,15,
smoker,1,dark_oak_log x4 @100o + furnace x1 @95a,495.3,2266.0,ah,2266.0,1770.7,357.5,354.14,1800,3187242,186957,3841,331042890,1534.0,tx_stack_med,15,STALE-JUN25
iron_block,1,iron_ingot x9 @170o,1530.0,4688.0,ah,4688.0,3158.0,206.4,350.89,1000,3158000,251217,15090,793343286,5185.0,tx_stack_med,15,STALE-JUN25
dispenser,1,cobblestone x7 @131a + bow x1 @70o + redstone x1 @361a,1350.4,4500.0,ah,4500.0,3149.6,233.2,349.96,1000,3149600,190276,12189,599293290,3821.0,tx_stack_med,15,STALE-JUN25
granite_stairs,4,granite x6 @435a,2608.7,1172.0,ah,4688.0,2079.3,79.7,346.55,1500,3118980,3257,52,1693086,7309.0,tx_stack_med,15,
oak_button,1,oak_planks x1 @52o,52.0,391.0,ah,391.0,339.0,651.9,339.0,9000,3051000,34331,1013,11638209,8500.0,tx_stack_med,15,STALE-JUN25
copper_lantern,1,copper_nugget x8 @303a + copper_torch x1 @1563a,3984.8,7031.0,ah,7031.0,3046.2,76.4,338.46,1000,3046160,7135,194,21734352,8160.0,tx_stack_med,15,
cobblestone_slab,6,cobblestone x3 @131a,394.1,234.0,ah,1404.0,1009.9,256.3,336.64,3000,3029760,292692,4664,49265917,503.0,tx_stack_med,15,
smoker,1,cherry_log x4 @128o + furnace x1 @95a,607.3,2266.0,ah,2266.0,1658.7,273.1,331.74,1800,2985642,186957,3841,310103706,1534.0,tx_stack_med,15,STALE-JUN25
orange_carpet,1,orange_dye x1 @1402a + black_carpet x1 @1547a,2948.9,3594.0,ah,3594.0,645.1,21.9,322.53,4500,2902815,17395,282,11220993,15080.0,tx_stack_med,15,
magenta_carpet,1,magenta_dye x1 @155a + black_carpet x1 @1547a,1701.9,2344.0,ah,2344.0,642.1,37.7,321.06,4500,2889540,7161,127,4598221,5883.0,tx_stack_med,15,
mossy_cobblestone,1,cobblestone x1 @131a + moss_block x1 @8o,139.5,781.0,ah,781.0,641.5,460.0,320.77,4500,2886930,129014,2071,82767642,689.0,tx_stack_med,15,STALE-JUN25
purple_dye,2,blue_dye x1 @766a + red_dye x1 @156a,921.6,781.0,ah,1562.0,640.4,69.5,320.19,4500,2881710,102779,1699,32908808,1998.0,tx_stack_med,15,
smoker,1,acacia_log x4 @142o + furnace x1 @95a,665.3,2266.0,ah,2266.0,1600.7,240.6,320.14,1800,2881242,186957,3841,299260200,1534.0,tx_stack_med,15,STALE-JUN25
campfire,1,stick x3 @5o + coal x1 @200o + crimson_stem x3 @2047a,6355.7,8594.0,ah,8594.0,2238.3,35.2,319.76,1286,2877853,29423,2082,65858384,99000.0,tx_stack_med,15,STALE-JUN25
white_wool,1,string x4 @72o,288.0,1563.0,ah,1563.0,1275.0,442.7,318.75,2250,2868750,274007,5798,349358925,1391.0,tx_stack_med,15,STALE-JUN25
smoker,1,spruce_wood x4 @150o + furnace x1 @95a,695.3,2266.0,ah,2266.0,1570.7,225.9,314.14,1800,2827242,186957,3841,293651490,1534.0,tx_stack_med,15,STALE-JUN25
yellow_dye,2,sunflower x1 @469a,468.8,391.0,ah,782.0,313.2,66.8,313.25,9000,2819250,189445,3109,29671823,457.0,tx_stack_med,15,
smoker,1,birch_log x4 @160o + furnace x1 @95a,735.3,2266.0,ah,2266.0,1530.7,208.2,306.14,1800,2755242,186957,3841,286173210,1534.0,tx_stack_med,15,STALE-JUN25
smoker,1,stripped_oak_wood x4 @167o + furnace x1 @95a,763.3,2266.0,ah,2266.0,1502.7,196.9,300.54,1800,2704842,186957,3841,280938414,1534.0,tx_stack_med,15,STALE-JUN25
tnt,1,gunpowder x5 @47o + red_sand x4 @253o,1247.0,3906.0,ah,3906.0,2659.0,213.2,295.44,1000,2658960,871838,22975,2318182368,3006.0,tx_stack_med,15,STALE-JUN25
sugar,1,sugar_cane x1 @51o,51.0,344.0,ah,344.0,293.0,574.5,293.0,9000,2637000,27172,537,7961396,711.0,tx_stack_med,15,STALE-JUN25
barrel,1,birch_planks x6 @156a + birch_slab x2 @312a,1562.5,3906.0,ah,3906.0,2343.5,150.0,292.94,1125,2636438,170346,6782,399205851,30000.0,tx_stack_med,15,
tripwire_hook,2,iron_ingot x1 @170o + stick x1 @5o + warped_planks x1 @2049a,2224.1,1547.0,ah,3094.0,869.9,39.1,289.98,3000,2609850,90120,3150,39199947,50000.0,tx_stack_med,15,STALE-JUN25
golden_carrot,1,gold_nugget x8 @33o + carrot x1 @90o,354.0,2953.0,ah,2953.0,2599.0,734.2,288.78,1000,2599000,211048,5325,548513752,217710.0,tx_stack_med,15,STALE-JUN25
composter,1,cherry_slab x7 @609a,4263.0,6250.0,ah,6250.0,1987.0,46.6,283.86,1286,2554714,97830,4192,194388210,22000.0,tx_med,15,
brewing_stand,1,blaze_rod x1 @400o + cobbled_deepslate x3 @10o,430.0,1563.0,ah,1563.0,1133.0,263.5,283.25,2250,2549250,93261,5488,105664713,25000.0,tx_stack_med,15,STALE-JUN25
smoker,1,stripped_dark_oak_wood x4 @191o + furnace x1 @95a,859.3,2266.0,ah,2266.0,1406.7,163.7,281.34,1800,2532042,186957,3841,262990542,1534.0,tx_stack_med,15,STALE-JUN25
spruce_button,1,spruce_planks x1 @32o,32.0,313.0,ah,313.0,281.0,878.1,281.0,9000,2529000,246625,4831,69301625,565.0,tx_stack_med,15,STALE-JUN25
gold_ingot,1,gold_nugget x9 @33o,297.0,2813.0,ah,2813.0,2516.0,847.1,279.56,1000,2516000,196989,5897,495624324,4900.0,tx_stack_med,15,STALE-JUN25
spruce_slab,6,spruce_planks x3 @32o,96.0,155.0,ah,930.0,834.0,868.8,278.0,3000,2502000,598430,9551,83181770,119.0,tx_stack_med,15,STALE-JUN25
smoker,1,warped_stem x4 @201o + furnace x1 @95a,899.3,2266.0,ah,2266.0,1366.7,152.0,273.34,1800,2460042,186957,3841,255512262,1534.0,tx_stack_med,15,STALE-JUN25
tnt,1,gunpowder x5 @47o + sand x4 @312a,1485.0,3906.0,ah,3906.0,2421.0,163.0,269.0,1000,2421000,871838,22975,2110719798,3006.0,tx_stack_med,15,STALE-JUN25
acacia_slab,6,acacia_planks x3 @45o,135.0,156.0,ah,936.0,801.0,593.3,267.0,3000,2403000,1984,40,264864,10000.0,tx_stack_med,15,STALE-JUN25
chiseled_bookshelf,1,spruce_planks x6 @32o + spruce_slab x3 @94a,473.2,2875.0,ah,2875.0,2401.8,507.5,266.86,1000,2401750,48952,1046,117570466,3485.0,tx_stack_med,15,STALE-JUN25
barrel,1,oak_planks x6 @52o + oak_slab x2 @734a,1780.0,3906.0,ah,3906.0,2126.0,119.4,265.75,1125,2391750,170346,6782,362155596,30000.0,tx_stack_med,15,STALE-JUN25
beehive,1,bamboo_planks x6 @469a + honeycomb x3 @100o,3114.0,5469.0,ah,5469.0,2355.0,75.6,261.67,1000,2355000,42077,1647,99091335,350000.0,tx_stack_med,15,STALE-JUN25
cherry_fence,3,cherry_planks x4 @781a + stick x2 @5o,3135.0,1563.0,ah,4689.0,1554.0,49.6,259.0,1500,2331000,10304,220,5337472,25871.0,tx_stack_med,15,STALE-JUN25
piston,1,spruce_planks x3 @32o + cobblestone x4 @131a + iron_ingot x1 @170o + redstone x1 @361a,1152.3,3438.0,ah,3438.0,2285.7,198.4,253.96,1000,2285680,413236,15960,944525260,120886.0,tx_med,15,STALE-JUN25
chiseled_bookshelf,1,acacia_planks x6 @45o + acacia_slab x3 @109a,598.1,2875.0,ah,2875.0,2276.9,380.7,252.98,1000,2276860,48952,1046,111456851,3485.0,tx_stack_med,15,STALE-JUN25
armor_stand,1,stick x6 @5o + smooth_stone_slab x1 @15o,45.1,1813.0,ah,1813.0,1767.9,3920.0,252.56,1286,2273014,195139,12908,344986238,1507.0,tx_stack_med,15,STALE-JUN25
arrow,4,flint x1 @5o + stick x1 @5o + feather x1 @234a,244.1,250.0,ah,1000.0,755.9,309.7,251.97,3000,2267700,673991,10800,127367449,333.0,tx_stack_med,15,STALE-JUN25
piston,1,acacia_planks x3 @45o + cobblestone x4 @131a + iron_ingot x1 @170o + redstone x1 @361a,1191.3,3438.0,ah,3438.0,2246.7,188.6,249.63,1000,2246680,413236,15960,928409056,120886.0,tx_med,15,STALE-JUN25
piston,1,oak_planks x3 @52o + cobblestone x4 @131a + iron_ingot x1 @170o + redstone x1 @361a,1212.3,3438.0,ah,3438.0,2225.7,183.6,247.3,1000,2225680,413236,15960,919731100,120886.0,tx_med,15,STALE-JUN25
birch_sign,3,birch_planks x6 @156a + stick x1 @5o,942.5,875.0,ah,2625.0,1682.5,178.5,240.36,1286,2163214,16957,1805,9510051,3243.0,tx_stack_med,15,STALE-JUN25
spruce_sign,3,spruce_planks x6 @32o + stick x1 @5o,197.0,625.0,ah,1875.0,1678.0,851.8,239.71,1286,2157429,192701,19912,107784093,9900.0,tx_stack_med,15,STALE-JUN25
raw_copper_block,1,raw_copper x9 @50o,450.0,2578.0,ah,2578.0,2128.0,472.9,236.44,1000,2128000,2734,96,5817952,5000.0,tx_stack_med,15,STALE-JUN25
birch_button,1,birch_planks x1 @156a,156.2,391.0,ah,391.0,234.8,150.2,234.75,9000,2112750,9952,467,2336232,2079.0,tx_stack_med,15,
chiseled_tuff,1,tuff_slab x2 @1094a,2187.5,2656.0,ah,2656.0,468.5,21.4,234.25,4500,2108250,23016,377,10782996,4353.0,tx_stack_med,15,
piston,1,birch_planks x3 @156a + cobblestone x4 @131a + iron_ingot x1 @170o + redstone x1 @361a,1525.1,3438.0,ah,3438.0,1912.9,125.4,212.55,1000,1912930,413236,15960,790491541,120886.0,tx_med,15,STALE-JUN25
campfire,1,stick x3 @5o + coal x1 @200o + stripped_spruce_log x3 @2344a,7246.2,8594.0,ah,8594.0,1347.8,18.6,192.54,1286,1732821,29423,2082,39654848,99000.0,tx_stack_med,15,STALE-JUN25
campfire,1,stick x3 @5o + coal x1 @200o + stripped_birch_wood x3 @2344a,7247.0,8594.0,ah,8594.0,1347.0,18.6,192.43,1286,1731857,29423,2082,39632781,99000.0,tx_stack_med,15,STALE-JUN25
brewing_stand,1,blaze_rod x1 @400o + cobblestone x3 @131a,794.1,1563.0,ah,1563.0,768.9,96.8,192.23,2250,1730070,93261,5488,71710248,25000.0,tx_stack_med,15,STALE-JUN25
jungle_sign,3,jungle_planks x6 @250a + stick x1 @5o,1505.0,938.0,ah,2814.0,1309.0,87.0,187.0,1286,1683000,6089,634,2656834,5000.0,tx_stack_med,15,STALE-JUN25
red_dye,2,rose_bush x1 @125a,125.0,156.0,ah,312.0,187.0,149.6,187.0,9000,1683000,330375,5429,30890062,188.0,tx_stack_med,15,
lapis_block,1,lapis_lazuli x9 @22o,198.0,1875.0,ah,1875.0,1677.0,847.0,186.33,1000,1677000,96025,2051,161033925,4092.0,tx_stack_med,15,STALE-JUN25
oak_trapdoor,2,oak_planks x6 @52o,312.0,703.0,ah,1406.0,1094.0,350.6,182.33,1500,1641000,80148,3198,43840956,8000.0,tx_stack_med,15,STALE-JUN25
pink_dye,1,pink_petals x1 @6o,6.0,188.0,ah,188.0,182.0,3033.3,182.0,9000,1638000,162208,2624,29521856,267.0,tx_stack_med,15,
cobblestone_wall,6,cobblestone x6 @131a,788.2,313.0,ah,1878.0,1089.8,138.3,181.64,1500,1634760,369449,5824,67106716,228.0,tx_stack_med,15,
piston,1,jungle_planks x3 @250a + cobblestone x4 @131a + iron_ingot x1 @170o + redstone x1 @361a,1806.3,3438.0,ah,3438.0,1631.7,90.3,181.3,1000,1631680,413236,15960,674268916,120886.0,tx_med,15,STALE-JUN25
dried_kelp_block,1,dried_kelp x9 @50o,450.0,2000.0,ah,2000.0,1550.0,344.4,172.22,1000,1550000,113748,3947,176309400,2000.0,tx_med,15,STALE-JUN25
target,1,redstone x4 @361a + hay_block x1 @2100o,3543.5,4375.0,ah,4375.0,831.5,23.5,166.3,1800,1496664,56323,2558,46831448,19500.0,tx_stack_med,15,STALE-JUN25
melon,1,melon_slice x9 @10o,90.0,1563.0,ah,1563.0,1473.0,1636.7,163.67,1000,1473000,35758,628,52671534,1654.0,tx_stack_med,15,STALE-JUN25
composter,1,oak_slab x7 @734a,5138.0,6250.0,ah,6250.0,1112.0,21.6,158.86,1286,1429714,97830,4192,108786960,22000.0,tx_med,15,
stick,4,bamboo_planks x2 @469a,938.0,313.0,ah,1252.0,314.0,33.5,157.0,4500,1413000,466981,8234,36658008,10000.0,tx_stack_med,15,
magenta_dye,1,allium x1 @1o,1.0,155.0,ah,155.0,154.0,15400.0,154.0,9000,1386000,100429,1684,15466066,245.0,tx_stack_med,15,STALE-JUN25
spruce_trapdoor,2,spruce_planks x6 @32o,192.0,547.0,ah,1094.0,902.0,469.8,150.33,1500,1353000,333873,11906,150576723,9000.0,tx_stack_med,15,STALE-JUN25
orange_terracotta,8,terracotta x8 @250a + orange_dye x1 @1402a,3402.1,586.0,ah,4688.0,1285.9,37.8,142.88,1000,1285950,37243,649,5986579,1821.0,tx_stack_med,15,
stick,1,bamboo x2 @14o,28.0,313.0,ah,313.0,285.0,1017.9,142.5,4500,1282500,466981,8234,133089585,10000.0,tx_stack_med,15,
pink_dye,1,pink_tulip x1 @46o,46.2,188.0,ah,188.0,141.8,306.9,141.8,9000,1276200,162208,2624,23001094,267.0,tx_stack_med,15,STALE-JUN25
beehive,1,pale_oak_planks x6 @655a + honeycomb x3 @100o,4229.6,5469.0,ah,5469.0,1239.4,29.3,137.71,1000,1239360,42077,1647,52148551,350000.0,tx_stack_med,15,STALE-JUN25
magenta_stained_glass_pane,8,glass_pane x8 @609a + magenta_dye x1 @155a,5027.0,781.0,ah,6248.0,1221.0,24.3,135.67,1000,1221000,9289,176,1417734,2625.0,tx_stack_med,15,
red_dye,1,beetroot x1 @25o,25.0,156.0,ah,156.0,131.0,524.0,131.0,9000,1179000,330375,5429,43279125,188.0,tx_stack_med,15,STALE-JUN25
ladder,3,stick x7 @5o,35.0,313.0,ah,939.0,904.0,2582.9,129.14,1286,1162286,587225,9835,176950467,30000.0,tx_stack_med,15,STALE-JUN25
lantern,1,iron_nugget x8 @148a + torch x1 @10o,1195.2,2344.0,ah,2344.0,1148.8,96.1,127.64,1000,1148800,87367,4204,100367210,5232.0,tx_stack_med,15,STALE-JUN25
crafting_table,1,spruce_planks x4 @32o,128.0,625.0,ah,625.0,497.0,388.3,124.25,2250,1118250,383443,13912,190571171,10000.0,tx_stack_med,15,STALE-JUN25
composter,1,bamboo_slab x7 @781a,5468.8,6250.0,ah,6250.0,781.2,14.3,111.61,1286,1004464,97830,4192,76429688,22000.0,tx_med,15,
crafting_table,1,acacia_planks x4 @45o,180.0,625.0,ah,625.0,445.0,247.2,111.25,2250,1001250,383443,13912,170632135,10000.0,tx_stack_med,15,STALE-JUN25
chiseled_bookshelf,1,birch_planks x6 @156a + birch_slab x3 @312a,1875.0,2875.0,ah,2875.0,1000.0,53.3,111.11,1000,1000000,48952,1046,48952000,3485.0,tx_stack_med,15,
piston,1,bamboo_planks x3 @469a + cobblestone x4 @131a + iron_ingot x1 @170o + redstone x1 @361a,2463.3,3438.0,ah,3438.0,974.7,39.6,108.3,1000,974680,413236,15960,402772864,120886.0,tx_med,15,STALE-JUN25
crafting_table,1,oak_planks x4 @52o,208.0,625.0,ah,625.0,417.0,200.5,104.25,2250,938250,383443,13912,159895731,10000.0,tx_stack_med,15,STALE-JUN25
spruce_fence_gate,1,stick x4 @5o + spruce_planks x2 @32o,84.0,547.0,ah,547.0,463.0,551.2,77.17,1500,694500,219848,5634,101789624,1530.0,tx_stack_med,15,STALE-JUN25
chest,1,spruce_planks x8 @32o,256.0,781.0,ah,781.0,525.0,205.1,65.62,1125,590625,717651,21030,376766775,40000.0,tx_stack_med,15,STALE-JUN25
magma_block,1,magma_cream x4 @37o,148.0,391.0,ah,391.0,243.0,164.2,60.75,2250,546750,189409,3410,46026387,30000.0,tx_stack_med,15,STALE-JUN25
tinted_glass,2,amethyst_shard x4 @625a + glass x1 @280o,2780.0,1528.0,ah,3056.0,276.0,9.9,55.2,1800,496800,119018,2035,16424484,2686.0,tx_stack_med,15,STALE-JUN25
beehive,1,cherry_planks x6 @781a + honeycomb x3 @100o,4987.5,5469.0,ah,5469.0,481.5,9.7,53.5,1000,481500,42077,1647,20260076,350000.0,tx_stack_med,15,STALE-JUN25
polished_diorite,4,diorite x4 @1197a,4787.7,1250.0,ah,5000.0,212.3,4.4,53.08,2250,477720,167527,2656,8892333,1511.0,tx_stack_med,15,
chest,1,acacia_planks x8 @45o,360.0,781.0,ah,781.0,421.0,116.9,52.62,1125,473625,717651,21030,302131071,40000.0,tx_stack_med,15,STALE-JUN25
nether_wart_block,1,nether_wart x9 @52o,468.0,938.0,ah,938.0,470.0,100.4,52.22,1000,470000,23039,410,10828330,4128.0,tx_stack_med,15,STALE-JUN25
bamboo_block,1,bamboo x9 @14o,126.0,594.0,ah,594.0,468.0,371.4,52.0,1000,468000,133218,2235,62346024,442.0,tx_stack_med,15,
piston,1,pale_oak_planks x3 @655a + cobblestone x4 @131a + iron_ingot x1 @170o + redstone x1 @361a,3021.1,3438.0,ah,3438.0,416.9,13.8,46.32,1000,416860,413236,15960,172261559,120886.0,tx_med,15,STALE-JUN25
chest,1,oak_planks x8 @52o,416.0,781.0,ah,781.0,365.0,87.7,45.62,1125,410625,717651,21030,261942615,40000.0,tx_stack_med,15,STALE-JUN25
chiseled_bookshelf,1,oak_planks x6 @52o + oak_slab x3 @734a,2514.0,2875.0,ah,2875.0,361.0,14.4,40.11,1000,361000,48952,1046,17671672,3485.0,tx_stack_med,15,STALE-JUN25
observer,1,cobblestone x6 @131a + redstone x2 @361a + quartz x1 @310o,1819.9,2172.0,ah,2172.0,352.1,19.3,39.12,1000,352080,494942,22683,174259179,25000.0,tx_stack_med,15,STALE-JUN25
jungle_pressure_plate,1,jungle_planks x2 @250a,500.0,578.0,ah,578.0,78.0,15.6,39.0,4500,351000,380,46,29640,4191.0,tx_stack_med,15,
pale_oak_fence_gate,1,stick x4 @5o + pale_oak_planks x2 @655a,1329.9,1563.0,ah,1563.0,233.1,17.5,38.85,1500,349680,33132,829,7723732,69500.0,tx_stack_med,15,STALE-JUN25
raw_copper,9,raw_copper_block x1 @2419a,2419.3,273.0,ah,2457.0,37.7,1.6,37.65,9000,338850,86657,1817,362515,355.0,tx_stack_med,15,
note_block,1,spruce_planks x8 @32o + redstone x1 @361a,616.9,938.0,ah,938.0,321.1,52.1,35.68,1000,321120,193919,7826,62271269,14200.0,tx_stack_med,15,STALE-JUN25
blue_ice,1,packed_ice x9 @296o,2664.0,2961.0,ah,2961.0,297.0,11.1,33.0,1000,297000,205137,4970,60925689,3213.0,tx_stack_med,15,STALE-JUN25
note_block,1,acacia_planks x8 @45o + redstone x1 @361a,720.9,938.0,ah,938.0,217.1,30.1,24.12,1000,217120,193919,7826,42103693,14200.0,tx_stack_med,15,STALE-JUN25
snow,6,snow_block x3 @604a,1813.0,313.0,ah,1878.0,65.0,3.6,21.67,3000,195030,54687,882,592534,1171.0,tx_stack_med,15,
note_block,1,oak_planks x8 @52o + redstone x1 @361a,776.9,938.0,ah,938.0,161.1,20.7,17.9,1000,161120,193919,7826,31244229,14200.0,tx_stack_med,15,STALE-JUN25
lever,1,stick x1 @5o + cobblestone x1 @131a,136.4,156.0,ah,156.0,19.6,14.4,9.82,4500,88380,242744,13620,4767492,5000.0,tx_stack_med,15,STALE-JUN25
furnace,1,cobbled_deepslate x8 @10o,80.0,156.0,ah,156.0,76.0,95.0,9.5,1125,85500,452920,8022,34421920,6400.0,tx_stack_med,15,STALE-JUN25
bamboo_mosaic,1,bamboo_slab x2 @781a,1562.5,1578.0,ah,1578.0,15.5,1.0,7.75,4500,69750,8815,142,136632,7323.0,tx_stack_med,15,
piston,1,cherry_planks x3 @781a + cobblestone x4 @131a + iron_ingot x1 @170o + redstone x1 @361a,3400.1,3438.0,ah,3438.0,37.9,1.1,4.21,1000,37930,413236,15960,15674041,120886.0,tx_med,15,STALE-JUN25
purpur_block,4,popped_chorus_fruit x4 @1562a,6250.0,1563.0,ah,6252.0,2.0,0.0,0.5,2250,4500,123363,1995,61682,1733.0,tx_stack_med,15,
crafting_table,1,birch_planks x4 @156a,625.0,625.0,ah,625.0,0.0,0.0,0.0,2250,0,383443,13912,0,10000.0,tx_stack_med,15,
stripped_cherry_wood,3,stripped_cherry_log x4 @4688a,18750.0,6250.0,ah,18750.0,0.0,0.0,0.0,2250,0,1604,28,0,13435.0,tx_stack_med,15,
stripped_spruce_wood,3,stripped_spruce_log x4 @2344a,9375.0,3125.0,ah,9375.0,0.0,0.0,0.0,2250,0,20328,348,0,10795.0,tx_stack_med,15,
magenta_dye,2,lilac x1 @312a,312.5,155.0,ah,310.0,-2.5,-0.8,-2.5,9000,-22500,100429,1684,-125536,245.0,tx_stack_med,15,
snow_block,1,snowball x4 @219a,876.0,781.0,ah,781.0,-95.0,-10.8,-23.75,2250,-213750,213897,3513,-20320215,617.0,tx_stack_med,15,
stick,4,pale_oak_planks x2 @655a,1309.9,313.0,ah,1252.0,-57.9,-4.4,-28.94,4500,-260460,466981,8234,-6757215,10000.0,tx_stack_med,15,
soul_lantern,1,iron_nugget x8 @148a + soul_torch x1 @2280a,3465.5,3109.0,ah,3109.0,-356.5,-10.3,-39.62,1000,-356540,43698,2362,-15580085,50000.0,tx_stack_med,15,
dark_oak_boat,1,dark_oak_planks x5 @1041a,5204.5,5000.0,ah,5000.0,-204.5,-3.9,-40.89,1800,-368010,866,866,-177054,5000.0,tx_med,15,
black_harness,1,black_dye x1 @90o + blue_harness x1 @100000a,100090.0,100000.0,ah,100000.0,-90.0,-0.1,-45.0,4500,-405000,160,160,-14400,100000.0,tx_med,15,STALE-JUN25
white_carpet,1,white_dye x1 @584a + black_carpet x1 @1547a,2130.4,2031.0,ah,2031.0,-99.4,-4.7,-49.7,4500,-447300,284479,4753,-28277213,1085.0,tx_stack_med,15,
chest,1,birch_planks x8 @156a,1250.0,781.0,ah,781.0,-469.0,-37.5,-58.62,1125,-527625,717651,21030,-336578319,40000.0,tx_stack_med,15,
barrel,1,bamboo_planks x6 @469a + bamboo_slab x2 @781a,4376.5,3906.0,ah,3906.0,-470.5,-10.8,-58.81,1125,-529312,170346,6782,-80147793,30000.0,tx_stack_med,15,
dropper,1,cobblestone x7 @131a + redstone x1 @361a,1280.4,780.0,ah,780.0,-500.4,-39.1,-62.55,1125,-562950,219275,6550,-109725210,17000.0,tx_stack_med,15,
iron_ingot,1,iron_nugget x9 @148a,1333.4,677.0,ah,677.0,-656.4,-49.2,-72.93,1000,-656350,614588,12891,-403384834,8000.0,tx_stack_med,15,
end_stone_bricks,4,end_stone x4 @387a,1548.6,313.0,ah,1252.0,-296.6,-19.2,-74.14,2250,-667260,29635,492,-2197139,1668.0,tx_stack_med,15,
note_block,1,birch_planks x8 @156a + redstone x1 @361a,1610.9,938.0,ah,938.0,-672.9,-41.8,-74.76,1000,-672880,193919,7826,-130484217,14200.0,tx_stack_med,15,
red_harness,1,red_dye x1 @156a + black_harness x1 @100000a,100156.0,100000.0,ah,100000.0,-156.0,-0.2,-78.0,4500,-702000,78,78,-12168,100000.0,tx_med,15,
piston,1,dark_oak_planks x3 @1041a + cobblestone x4 @131a + iron_ingot x1 @170o + redstone x1 @361a,4179.0,3438.0,ah,3438.0,-741.0,-17.7,-82.33,1000,-740990,413236,15960,-306203744,120886.0,tx_med,15,STALE-JUN25
crafting_table,1,jungle_planks x4 @250a,1000.0,625.0,ah,625.0,-375.0,-37.5,-93.75,2250,-843750,383443,13912,-143791125,10000.0,tx_stack_med,15,
piston,1,crimson_planks x3 @1094a + cobblestone x4 @131a + iron_ingot x1 @170o + redstone x1 @361a,4338.3,3438.0,ah,3438.0,-900.3,-20.8,-100.04,1000,-900320,413236,15960,-372044636,120886.0,tx_med,15,STALE-JUN25
furnace,1,cobblestone x8 @131a,1050.9,156.0,ah,156.0,-894.9,-85.2,-111.86,1125,-1006740,452920,8022,-405309050,6400.0,tx_stack_med,15,
beehive,1,dark_oak_planks x6 @1041a + honeycomb x3 @100o,6545.3,5469.0,ah,5469.0,-1076.3,-16.4,-119.59,1000,-1076340,42077,1647,-45289158,350000.0,tx_stack_med,15,STALE-JUN25
bone_block,1,bone_meal x9 @216a,1944.8,771.0,ah,771.0,-1173.8,-60.4,-130.42,1000,-1173810,625747,11476,-734508086,7000.0,tx_stack_med,15,
campfire,1,stick x3 @5o + coal x1 @200o + stripped_spruce_wood x3 @3125a,9590.0,8594.0,ah,8594.0,-996.0,-10.4,-142.29,1286,-1280571,29423,2082,-29305308,99000.0,tx_stack_med,15,STALE-JUN25
chest,1,jungle_planks x8 @250a,2000.0,781.0,ah,781.0,-1219.0,-61.0,-152.38,1125,-1371375,717651,21030,-874816569,40000.0,tx_stack_med,15,
beehive,1,crimson_planks x6 @1094a + honeycomb x3 @100o,6864.0,5469.0,ah,5469.0,-1395.0,-20.3,-155.0,1000,-1395000,42077,1647,-58697415,350000.0,tx_stack_med,15,STALE-JUN25
stick,4,cherry_planks x2 @781a,1562.5,313.0,ah,1252.0,-310.5,-19.9,-155.25,4500,-1397250,466981,8234,-36249400,10000.0,tx_stack_med,15,
note_block,1,jungle_planks x8 @250a + redstone x1 @361a,2360.9,938.0,ah,938.0,-1422.9,-60.3,-158.1,1000,-1422880,193919,7826,-275923467,14200.0,tx_stack_med,15,
chiseled_deepslate,1,cobbled_deepslate_slab x2 @1562a,3125.0,2766.0,ah,2766.0,-359.0,-11.5,-179.5,4500,-1615500,34467,569,-12373653,1477.0,tx_stack_med,15,
pink_dye,2,red_dye x1 @156a + white_dye x1 @584a,739.5,188.0,ah,376.0,-363.5,-49.2,-181.76,4500,-1635840,162208,2624,-29482926,267.0,tx_stack_med,15,
mossy_stone_bricks,1,stone_bricks x1 @5o + vine x1 @1406a,1411.2,1047.0,ah,1047.0,-364.2,-25.8,-182.12,4500,-1639125,71658,1155,-26101426,11549.0,tx_stack_med,15,STALE-JUN25
smoker,1,pale_oak_log x4 @781a + furnace x1 @95a,3219.3,2266.0,ah,2266.0,-953.3,-29.6,-190.66,1800,-1715958,186957,3841,-178227978,1534.0,tx_stack_med,15,
magenta_dye,3,blue_dye x1 @766a + red_dye x1 @156a + pink_dye x1 @141a,1062.2,155.0,ah,465.0,-597.2,-56.2,-199.08,3000,-1791720,100429,1684,-19993405,245.0,tx_stack_med,15,
smoker,1,crimson_hyphae x4 @800o + furnace x1 @95a,3295.3,2266.0,ah,2266.0,-1029.3,-31.2,-205.86,1800,-1852758,186957,3841,-192436710,1534.0,tx_stack_med,15,STALE-JUN25
pink_dye,2,peony x1 @585a,585.5,188.0,ah,376.0,-209.5,-35.8,-209.48,9000,-1885320,162208,2624,-16989666,267.0,tx_stack_med,15,
crimson_door,3,crimson_planks x6 @1094a,6564.0,1758.0,ah,5274.0,-1290.0,-19.7,-215.0,1500,-1935000,2128,263,-915040,44500.0,tx_stack_med,15,
gray_wool,1,gray_dye x1 @3538a + black_wool x1 @30o,3567.7,3109.0,ah,3109.0,-458.7,-12.9,-229.36,4500,-2064240,97253,1632,-44611896,3804.0,tx_stack_med,15,STALE-JUN25
copper_ingot,1,copper_nugget x9 @303a,2724.6,625.0,ah,625.0,-2099.6,-77.1,-233.29,1000,-2099570,144234,2552,-302829379,2882.0,tx_stack_med,15,
amethyst_block,1,amethyst_shard x4 @625a,2500.0,1563.0,ah,1563.0,-937.0,-37.5,-234.25,2250,-2108250,313852,6112,-294079324,1478.0,tx_stack_med,15,
sandstone,1,sand x4 @312a,1250.0,313.0,ah,313.0,-937.0,-75.0,-234.25,2250,-2108250,200334,3249,-187712958,581.0,tx_stack_med,15,
barrel,1,cherry_planks x6 @781a + cherry_slab x2 @609a,5905.5,3906.0,ah,3906.0,-1999.5,-33.9,-249.94,1125,-2249438,170346,6782,-340606827,30000.0,tx_stack_med,15,
creaking_heart,1,pale_oak_log x2 @781a + resin_block x1 @3256a,4817.8,4063.0,ah,4063.0,-754.8,-15.7,-251.6,3000,-2264430,4927,246,-3718949,52500.0,tx_stack_med,15,
chiseled_bookshelf,1,bamboo_planks x6 @469a + bamboo_slab x3 @781a,5157.8,2875.0,ah,2875.0,-2282.8,-44.3,-253.64,1000,-2282750,48952,1046,-111745178,3485.0,tx_stack_med,15,
magenta_dye,4,blue_dye x1 @766a + red_dye x2 @156a + white_dye x1 @584a,1661.1,155.0,ah,620.0,-1041.1,-62.7,-260.28,2250,-2342565,100429,1684,-26140162,245.0,tx_stack_med,15,
campfire,1,stick x3 @5o + coal x1 @200o + mangrove_log x3 @3463a,10605.1,8594.0,ah,8594.0,-2011.1,-19.0,-287.31,1286,-2585751,29423,2082,-59173772,99000.0,tx_stack_med,15,STALE-JUN25
magenta_dye,2,purple_dye x1 @781a + pink_dye x1 @141a,921.6,155.0,ah,310.0,-611.6,-66.4,-305.81,4500,-2752290,100429,1684,-30712192,245.0,tx_stack_med,15,
piston,1,mangrove_planks x3 @1717a + cobblestone x4 @131a + iron_ingot x1 @170o + redstone x1 @361a,6207.3,3438.0,ah,3438.0,-2769.3,-44.6,-307.7,1000,-2769320,413236,15960,-1144382720,120886.0,tx_med,15,STALE-JUN25
crafting_table,1,bamboo_planks x4 @469a,1876.0,625.0,ah,625.0,-1251.0,-66.7,-312.75,2250,-2814750,383443,13912,-479687193,10000.0,tx_stack_med,15,
barrel,1,dark_oak_planks x6 @1041a + dark_oak_slab x2 @156a,6557.3,3906.0,ah,3906.0,-2651.3,-40.4,-331.42,1125,-2982758,170346,6782,-451645164,30000.0,tx_stack_med,15,
diamond_block,1,diamond x9 @5713a,51414.3,48422.0,ah,48422.0,-2992.3,-5.8,-332.48,1000,-2992300,302490,11476,-905140827,50910.0,tx_stack_med,15,
campfire,1,stick x3 @5o + coal x1 @200o + pale_oak_wood x3 @3577a,10947.1,8594.0,ah,8594.0,-2353.1,-21.5,-336.16,1286,-3025466,29423,2082,-69236438,99000.0,tx_stack_med,15,STALE-JUN25
brewing_stand,1,blaze_rod x1 @400o + blackstone x3 @850o,2950.0,1563.0,ah,1563.0,-1387.0,-47.0,-346.75,2250,-3120750,93261,5488,-129353007,25000.0,tx_stack_med,15,STALE-JUN25
note_block,1,bamboo_planks x8 @469a + redstone x1 @361a,4112.9,938.0,ah,938.0,-3174.9,-77.2,-352.76,1000,-3174880,193919,7826,-615669555,14200.0,tx_stack_med,15,
granite,1,diorite x1 @1197a + quartz x1 @310o,1506.9,781.0,ah,781.0,-725.9,-48.2,-362.96,4500,-3266640,34103,708,-24756050,1616.0,tx_stack_med,15,STALE-JUN25
chest,1,bamboo_planks x8 @469a,3752.0,781.0,ah,781.0,-2971.0,-79.2,-371.38,1125,-3342375,717651,21030,-2132141121,40000.0,tx_stack_med,15,
mossy_cobblestone,1,cobblestone x1 @131a + vine x1 @1406a,1537.6,781.0,ah,781.0,-756.6,-49.2,-378.31,4500,-3404745,129014,2071,-97613283,689.0,tx_stack_med,15,
resin_bricks,1,resin_brick x4 @2328a,9312.0,7797.0,ah,7797.0,-1515.0,-16.3,-378.75,2250,-3408750,20768,371,-31463520,5651.0,tx_stack_med,15,
waxed_chiseled_copper,1,chiseled_copper x1 @6250a + honeycomb x1 @100o,6350.0,5579.0,ah,5579.0,-771.0,-12.1,-385.5,4500,-3469500,2981,158,-2298351,100000.0,tx_stack_med,15,STALE-JUN25
yellow_dye,1,dandelion x1 @781a,781.0,391.0,ah,391.0,-390.0,-49.9,-390.0,9000,-3510000,189445,3109,-73883550,457.0,tx_stack_med,15,
barrel,1,pale_oak_planks x6 @655a + pale_oak_slab x2 @1571a,7072.5,3906.0,ah,3906.0,-3166.5,-44.8,-395.81,1125,-3562312,170346,6782,-539400609,30000.0,tx_stack_med,15,
packed_ice,1,ice x9 @452o,4068.0,436.0,ah,436.0,-3632.0,-89.3,-403.56,1000,-3632000,548781,8782,-1993172592,422.0,tx_stack_med,15,STALE-JUN25
chiseled_bookshelf,1,cherry_planks x6 @781a + cherry_slab x3 @609a,6514.5,2875.0,ah,2875.0,-3639.5,-55.9,-404.39,1000,-3639500,48952,1046,-178160804,3485.0,tx_stack_med,15,
stick,4,dark_oak_planks x2 @1041a,2081.8,313.0,ah,1252.0,-829.8,-39.9,-414.89,4500,-3734010,466981,8234,-96872874,10000.0,tx_stack_med,15,
piston,1,warped_planks x3 @2049a + cobblestone x4 @131a + iron_ingot x1 @170o + redstone x1 @361a,7203.5,3438.0,ah,3438.0,-3765.5,-52.3,-418.39,1000,-3765470,413236,15960,-1556027761,120886.0,tx_med,15,STALE-JUN25
chiseled_bookshelf,1,dark_oak_planks x6 @1041a + dark_oak_slab x3 @156a,6713.3,2875.0,ah,2875.0,-3838.3,-57.2,-426.48,1000,-3838340,48952,1046,-187894420,3485.0,tx_stack_med,15,
cyan_dye,2,pitcher_plant x1 @5094a,5094.5,2328.0,ah,4656.0,-438.5,-8.6,-438.47,9000,-3946230,68518,1278,-15021544,2689.0,tx_stack_med,15,
stick,4,crimson_planks x2 @1094a,2188.0,313.0,ah,1252.0,-936.0,-42.8,-468.0,4500,-4212000,466981,8234,-109273554,10000.0,tx_stack_med,15,
campfire,1,stick x3 @5o + coal x1 @200o + stripped_pale_oak_log x3 @3906a,11933.8,8594.0,ah,8594.0,-3339.8,-28.0,-477.11,1286,-4293964,29423,2082,-98265464,99000.0,tx_stack_med,15,STALE-JUN25
barrel,1,jungle_planks x6 @250a + jungle_slab x2 @3125a,7750.0,3906.0,ah,3906.0,-3844.0,-49.6,-480.5,1125,-4324500,170346,6782,-654810024,30000.0,tx_stack_med,15,
campfire,1,stick x3 @5o + coal x1 @200o + stripped_acacia_log x3 @3920a,11975.0,8594.0,ah,8594.0,-3381.0,-28.2,-483.0,1286,-4347000,29423,2082,-99479163,99000.0,tx_stack_med,15,STALE-JUN25
crafting_table,1,pale_oak_planks x4 @655a,2619.8,625.0,ah,625.0,-1994.8,-76.1,-498.69,2250,-4488210,383443,13912,-764876759,10000.0,tx_stack_med,15,
dark_oak_button,1,dark_oak_planks x1 @1041a,1040.9,531.0,ah,531.0,-509.9,-49.0,-509.89,9000,-4589010,8731,172,-4451850,10000.0,tx_stack_med,15,
light_gray_harness,1,light_gray_dye x1 @1023a + black_harness x1 @100000a,101023.0,100000.0,ah,100000.0,-1023.0,-1.0,-511.5,4500,-4603500,38,38,-38874,100000.0,tx_med,15,
note_block,1,pale_oak_planks x8 @655a + redstone x1 @361a,5600.4,938.0,ah,938.0,-4662.4,-83.3,-518.04,1000,-4662400,193919,7826,-904127946,14200.0,tx_stack_med,15,
light_gray_dye,1,white_tulip x1 @1562a,1562.5,1023.0,ah,1023.0,-539.5,-34.5,-539.5,9000,-4855500,41765,811,-22532218,2644.0,tx_stack_med,15,
light_blue_dye,1,blue_orchid x1 @1787a,1787.2,1247.0,ah,1247.0,-540.2,-30.2,-540.22,9000,-4861980,78181,1308,-42234940,2184.0,tx_stack_med,15,
muddy_mangrove_roots,1,mud x1 @1o + mangrove_roots x1 @1391a,1392.0,297.0,ah,297.0,-1095.0,-78.7,-547.5,4500,-4927500,7567,224,-8285865,2296.0,tx_stack_med,15,STALE-JUN25
chest,1,pale_oak_planks x8 @655a,5239.5,781.0,ah,781.0,-4458.5,-85.1,-557.32,1125,-5015835,717651,21030,-3199661337,40000.0,tx_stack_med,15,
resin_block,1,resin_clump x9 @1016a,9144.0,4063.0,ah,4063.0,-5081.0,-55.6,-564.56,1000,-5081000,15707,265,-79807267,6228.0,tx_stack_med,15,
beehive,1,mangrove_planks x6 @1717a + honeycomb x3 @100o,10602.0,5469.0,ah,5469.0,-5133.0,-48.4,-570.33,1000,-5133000,42077,1647,-215981241,350000.0,tx_stack_med,15,STALE-JUN25
light_blue_carpet,1,light_blue_dye x1 @1247a + black_carpet x1 @1547a,2793.9,1563.0,ah,1563.0,-1230.9,-44.1,-615.44,4500,-5538960,14662,248,-18047163,5651.0,tx_stack_med,15,
crafting_table,1,cherry_planks x4 @781a,3125.0,625.0,ah,625.0,-2500.0,-80.0,-625.0,2250,-5625000,383443,13912,-958607500,10000.0,tx_stack_med,15,
dark_oak_sign,3,dark_oak_planks x6 @1041a + stick x1 @5o,6250.3,625.0,ah,1875.0,-4375.3,-70.0,-625.05,1286,-5625437,13538,1302,-19744451,2500.0,tx_stack_med,15,STALE-JUN25
note_block,1,cherry_planks x8 @781a + redstone x1 @361a,6610.9,938.0,ah,938.0,-5672.9,-85.8,-630.32,1000,-5672880,193919,7826,-1100079217,14200.0,tx_stack_med,15,
chiseled_bookshelf,1,pale_oak_planks x6 @655a + pale_oak_slab x3 @1571a,8643.9,2875.0,ah,2875.0,-5768.9,-66.7,-640.99,1000,-5768930,48952,1046,-282400661,3485.0,tx_stack_med,15,
composter,1,warped_slab x7 @1547a,10828.2,6250.0,ah,6250.0,-4578.2,-42.3,-654.02,1286,-5886206,97830,4192,-447881393,22000.0,tx_med,15,
composter,1,pale_oak_slab x7 @1571a,11000.0,6250.0,ah,6250.0,-4750.0,-43.2,-678.57,1286,-6107156,97830,4192,-464693478,22000.0,tx_med,15,
chest,1,cherry_planks x8 @781a,6250.0,781.0,ah,781.0,-5469.0,-87.5,-683.62,1125,-6152625,717651,21030,-3924833319,40000.0,tx_stack_med,15,
dark_oak_pressure_plate,1,dark_oak_planks x2 @1041a,2081.8,625.0,ah,625.0,-1456.8,-70.0,-728.39,4500,-6555510,3238,119,-4717054,22000.0,tx_stack_med,15,
dark_oak_slab,6,dark_oak_planks x3 @1041a,3122.7,156.0,ah,936.0,-2186.7,-70.0,-728.89,3000,-6560010,35562,569,-12960393,4298.0,tx_stack_med,15,
birch_hanging_sign,6,iron_chain x2 @1563a + stripped_birch_log x6 @5141a,33972.0,4688.0,ah,28128.0,-5844.0,-17.2,-730.5,1125,-6574500,331,34,-322394,138544.0,tx_stack_med,15,
sandstone_stairs,4,cut_sandstone x6 @2823a,16936.9,3125.0,ah,12500.0,-4436.9,-26.2,-739.48,1500,-6655290,29151,462,-32334726,7755.0,tx_stack_med,15,
bamboo_shelf,6,stripped_bamboo_block x6 @2344a,14062.5,1563.0,ah,9378.0,-4684.5,-33.3,-780.75,1500,-7026750,6367,114,-4971035,15000.0,tx_stack_med,15,
dripstone_block,1,pointed_dripstone x4 @938a,3752.0,625.0,ah,625.0,-3127.0,-83.3,-781.75,2250,-7035750,24862,526,-77743474,10000.0,tx_stack_med,15,
beehive,1,warped_planks x6 @2049a + honeycomb x3 @100o,12594.3,5469.0,ah,5469.0,-7125.3,-56.6,-791.7,1000,-7125300,42077,1647,-299811248,350000.0,tx_stack_med,15,STALE-JUN25
campfire,1,stick x3 @5o + coal x1 @200o + stripped_cherry_log x3 @4688a,14277.5,8594.0,ah,8594.0,-5683.5,-39.8,-811.93,1286,-7307357,29423,2082,-167225620,99000.0,tx_stack_med,15,STALE-JUN25
campfire,1,stick x3 @5o + coal x1 @200o + cherry_wood x3 @4688a,14277.5,8594.0,ah,8594.0,-5683.5,-39.8,-811.93,1286,-7307357,29423,2082,-167225620,99000.0,tx_stack_med,15,STALE-JUN25
smoker,1,birch_wood x4 @1562a + furnace x1 @95a,6345.3,2266.0,ah,2266.0,-4079.3,-64.3,-815.86,1800,-7342758,186957,3841,-762655560,1534.0,tx_stack_med,15,
red_dye,1,poppy x1 @973a,973.3,156.0,ah,156.0,-817.3,-84.0,-817.28,9000,-7355520,330375,5429,-270008880,188.0,tx_stack_med,15,
furnace,1,blackstone x8 @850o,6800.0,156.0,ah,156.0,-6644.0,-97.7,-830.5,1125,-7474500,452920,8022,-3009200480,6400.0,tx_stack_med,15,
note_block,1,dark_oak_planks x8 @1041a + redstone x1 @361a,8688.0,938.0,ah,938.0,-7750.0,-89.2,-861.11,1000,-7750000,193919,7826,-1502872250,14200.0,tx_stack_med,15,
light_blue_carpet,3,light_blue_wool x2 @3215a,6430.0,1563.0,ah,4689.0,-1741.0,-27.1,-870.5,4500,-7834500,14662,248,-8508847,5651.0,tx_stack_med,15,
crafting_table,1,dark_oak_planks x4 @1041a,4163.6,625.0,ah,625.0,-3538.6,-85.0,-884.64,2250,-7961760,383443,13912,-1356836062,10000.0,tx_stack_med,15,
chiseled_bookshelf,1,jungle_planks x6 @250a + jungle_slab x3 @3125a,10875.0,2875.0,ah,2875.0,-8000.0,-73.6,-888.89,1000,-8000000,48952,1046,-391616000,3485.0,tx_stack_med,15,
green_harness,1,green_dye x1 @781a + black_harness x1 @100000a,100781.0,99000.0,ah,99000.0,-1781.0,-1.8,-890.5,4500,-8014500,28,28,-49868,99000.0,tx_med,15,
composter,1,mangrove_slab x7 @1786a,12502.0,6250.0,ah,6250.0,-6252.0,-50.0,-893.14,1286,-8038286,97830,4192,-611633160,22000.0,tx_med,15,
note_block,1,crimson_planks x8 @1094a + redstone x1 @361a,9112.9,938.0,ah,938.0,-8174.9,-89.7,-908.32,1000,-8174880,193919,7826,-1585264555,14200.0,tx_stack_med,15,
crafting_table,1,crimson_planks x4 @1094a,4376.0,625.0,ah,625.0,-3751.0,-85.7,-937.75,2250,-8439750,383443,13912,-1438294693,10000.0,tx_stack_med,15,
chest,1,dark_oak_planks x8 @1041a,8327.1,781.0,ah,781.0,-7546.1,-90.6,-943.27,1125,-8489385,717651,21030,-5415480564,40000.0,tx_stack_med,15,
campfire,1,stick x3 @5o + coal x1 @200o + jungle_wood x3 @5087a,15474.6,8594.0,ah,8594.0,-6880.6,-44.5,-982.94,1286,-8846434,29423,2082,-202446717,99000.0,tx_stack_med,15,STALE-JUN25
chest,1,crimson_planks x8 @1094a,8752.0,781.0,ah,781.0,-7971.0,-91.1,-996.38,1125,-8967375,717651,21030,-5720396121,40000.0,tx_stack_med,15,
campfire,1,stick x3 @5o + coal x1 @200o + stripped_birch_log x3 @5141a,15638.0,8594.0,ah,8594.0,-7044.0,-45.0,-1006.29,1286,-9056571,29423,2082,-207255612,99000.0,tx_stack_med,15,STALE-JUN25
barrel,1,crimson_planks x6 @1094a + crimson_slab x2 @2802a,12168.8,3906.0,ah,3906.0,-8262.8,-67.9,-1032.85,1125,-9295672,170346,6782,-1407538336,30000.0,tx_stack_med,15,
light_gray_dye,2,gray_dye x1 @3538a + white_dye x1 @584a,4121.2,1023.0,ah,2046.0,-2075.2,-50.4,-1037.62,4500,-9338580,41765,811,-43336199,2644.0,tx_stack_med,15,
decorated_pot,1,brick x4 @2634a,10536.5,6234.0,ah,6234.0,-4302.5,-40.8,-1075.62,2250,-9680580,19027,694,-81863287,79000.0,tx_stack_med,15,
stick,4,mangrove_planks x2 @1717a,3434.0,313.0,ah,1252.0,-2182.0,-63.5,-1091.0,4500,-9819000,466981,8234,-254738136,10000.0,tx_stack_med,15,
chiseled_quartz_block,1,quartz_slab x2 @4500a,9000.4,6785.0,ah,6785.0,-2215.4,-24.6,-1107.72,4500,-9969480,36327,595,-80480289,17500.0,tx_stack_med,15,
campfire,1,stick x3 @5o + coal x1 @200o + stripped_oak_log x3 @5415a,16461.3,8594.0,ah,8594.0,-7867.3,-47.8,-1123.9,1286,-10115126,29423,2082,-231480156,99000.0,tx_stack_med,15,STALE-JUN25
yellow_dye,1,wildflowers x1 @1562a,1562.5,391.0,ah,391.0,-1171.5,-75.0,-1171.5,9000,-10543500,189445,3109,-221934818,457.0,tx_stack_med,15,
smoker,1,crimson_stem x4 @2047a + furnace x1 @95a,8282.9,2266.0,ah,2266.0,-6016.9,-72.6,-1203.37,1800,-10830366,186957,3841,-1124895965,1534.0,tx_stack_med,15,
barrel,1,mangrove_planks x6 @1717a + mangrove_slab x2 @1786a,13874.0,3906.0,ah,3906.0,-9968.0,-71.8,-1246.0,1125,-11214000,170346,6782,-1698008928,30000.0,tx_stack_med,15,
campfire,1,stick x3 @5o + coal x1 @200o + stripped_crimson_stem x3 @5781a,17558.0,8594.0,ah,8594.0,-8964.0,-51.1,-1280.57,1286,-11525143,29423,2082,-263747772,99000.0,tx_stack_med,15,STALE-JUN25
chiseled_bookshelf,1,crimson_planks x6 @1094a + crimson_slab x3 @2802a,14971.2,2875.0,ah,2875.0,-12096.2,-80.8,-1344.03,1000,-12096230,48952,1046,-592134651,3485.0,tx_stack_med,15,
chiseled_bookshelf,1,mangrove_planks x6 @1717a + mangrove_slab x3 @1786a,15660.0,2875.0,ah,2875.0,-12785.0,-81.6,-1420.56,1000,-12785000,48952,1046,-625851320,3485.0,tx_stack_med,15,
stick,4,warped_planks x2 @2049a,4098.1,313.0,ah,1252.0,-2846.1,-69.4,-1423.05,4500,-12807450,466981,8234,-332268656,10000.0,tx_stack_med,15,
barrel,1,warped_planks x6 @2049a + warped_slab x2 @1547a,15388.1,3906.0,ah,3906.0,-11482.1,-74.6,-1435.26,1125,-12917318,170346,6782,-1955922993,30000.0,tx_stack_med,15,
smoker,1,stripped_spruce_log x4 @2344a + furnace x1 @95a,9470.3,2266.0,ah,2266.0,-7204.3,-76.1,-1440.86,1800,-12967758,186957,3841,-1346896185,1534.0,tx_stack_med,15,
smoker,1,stripped_birch_wood x4 @2344a + furnace x1 @95a,9471.3,2266.0,ah,2266.0,-7205.3,-76.1,-1441.06,1800,-12969558,186957,3841,-1347083142,1534.0,tx_stack_med,15,
note_block,1,mangrove_planks x8 @1717a + redstone x1 @361a,14096.9,938.0,ah,938.0,-13158.9,-93.3,-1462.1,1000,-13158880,193919,7826,-2551756851,14200.0,tx_stack_med,15,
campfire,1,stick x3 @5o + coal x1 @200o + stripped_cherry_wood x3 @6250a,18965.0,8594.0,ah,8594.0,-10371.0,-54.7,-1481.57,1286,-13334143,29423,2082,-305145933,99000.0,tx_stack_med,15,STALE-JUN25
campfire,1,stick x3 @5o + coal x1 @200o + stripped_acacia_wood x3 @6250a,18965.0,8594.0,ah,8594.0,-10371.0,-54.7,-1481.57,1286,-13334143,29423,2082,-305145933,99000.0,tx_stack_med,15,STALE-JUN25
crafting_table,1,mangrove_planks x4 @1717a,6868.0,625.0,ah,625.0,-6243.0,-90.9,-1560.75,2250,-14046750,383443,13912,-2393834649,10000.0,tx_stack_med,15,
chiseled_bookshelf,1,warped_planks x6 @2049a + warped_slab x3 @1547a,16934.9,2875.0,ah,2875.0,-14059.9,-83.0,-1562.22,1000,-14059940,48952,1046,-688262183,3485.0,tx_stack_med,15,
waxed_weathered_copper_grate,1,weathered_copper_grate x1 @15625a + honeycomb x1 @100o,15725.0,12500.0,ah,12500.0,-3225.0,-20.5,-1612.5,4500,-14512500,0,0,0,1000000.0,tx_stack_med,13,STALE-JUN25
chest,1,mangrove_planks x8 @1717a,13736.0,781.0,ah,781.0,-12955.0,-94.3,-1619.38,1125,-14574375,717651,21030,-9297168705,40000.0,tx_stack_med,15,
campfire,1,stick x3 @5o + coal x1 @200o + stripped_mangrove_log x3 @6579a,19951.8,8594.0,ah,8594.0,-11357.8,-56.9,-1622.55,1286,-14602950,29423,2082,-334182021,99000.0,tx_stack_med,15,STALE-JUN25
waxed_oxidized_copper_bulb,1,oxidized_copper_bulb x1 @15806a + honeycomb x1 @100o,15905.6,12500.0,ah,12500.0,-3405.6,-21.4,-1702.82,4500,-15325380,18772,1008,-63930674,133495.0,tx_stack_med,15,STALE-JUN25
note_block,1,warped_planks x8 @2049a + redstone x1 @361a,16753.3,938.0,ah,938.0,-15815.3,-94.4,-1757.25,1000,-15815280,193919,7826,-3066883282,14200.0,tx_stack_med,15,
gray_harness,1,gray_dye x1 @3538a + black_harness x1 @100000a,103537.7,100000.0,ah,100000.0,-3537.7,-3.4,-1768.86,4500,-15919740,14,14,-49528,100000.0,tx_med,15,
suspicious_stew,1,bowl x1 @2344a + brown_mushroom x1 @10o + red_mushroom x1 @781a + lily_of_the_valley x1 @30000a,33135.2,26000.0,ah,26000.0,-7135.2,-21.5,-1783.81,2250,-16054312,685,685,-4887646,26000.0,tx_med,15,STALE-JUN25
waxed_oxidized_chiseled_copper,1,waxed_oxidized_cut_copper_slab x2 @6156a,12312.0,8734.0,ah,8734.0,-3578.0,-29.1,-1789.0,4500,-16101000,2067,39,-7395726,16787.0,tx_stack_med,15,
crimson_shelf,6,stripped_crimson_stem x6 @5781a,34686.0,3906.0,ah,23436.0,-11250.0,-32.4,-1875.0,1500,-16875000,2087,66,-3913125,14967.0,tx_stack_med,15,
campfire,1,stick x3 @5o + coal x1 @200o + stripped_dark_oak_log x3 @7188a,21777.5,8594.0,ah,8594.0,-13183.5,-60.5,-1883.36,1286,-16950214,29423,2082,-387898120,99000.0,tx_stack_med,15,STALE-JUN25
crafting_table,1,warped_planks x4 @2049a,8196.2,625.0,ah,625.0,-7571.2,-92.4,-1892.8,2250,-17035200,383443,13912,-2903123642,10000.0,tx_stack_med,15,
composter,1,crimson_slab x7 @2802a,19616.9,6250.0,ah,6250.0,-13366.9,-68.1,-1909.55,1286,-17185976,97830,4192,-1307680892,22000.0,tx_med,15,
chest,1,warped_planks x8 @2049a,16392.4,781.0,ah,781.0,-15611.4,-95.2,-1951.43,1125,-17562825,717651,21030,-11203536821,40000.0,tx_stack_med,15,
chiseled_stone_bricks,1,stone_brick_slab x2 @2344a,4688.0,766.0,ah,766.0,-3922.0,-83.7,-1961.0,4500,-17649000,60212,961,-236151464,1436.0,tx_stack_med,15,
smoker,1,stripped_spruce_wood x4 @3125a + furnace x1 @95a,12595.3,2266.0,ah,2266.0,-10329.3,-82.0,-2065.86,1800,-18592758,186957,3841,-1931136810,1534.0,tx_stack_med,15,
light_gray_dye,1,oxeye_daisy x1 @3125a,3125.0,1023.0,ah,1023.0,-2102.0,-67.3,-2101.98,9000,-18917820,41765,811,-87789195,2644.0,tx_stack_med,15,
bricks,1,brick x4 @2634a,10536.5,1953.0,ah,1953.0,-8583.5,-81.5,-2145.87,2250,-19312830,39817,679,-341768423,3506.0,tx_stack_med,15,
composter,1,jungle_slab x7 @3125a,21875.0,6250.0,ah,6250.0,-15625.0,-71.4,-2232.14,1286,-20089286,97830,4192,-1528593750,22000.0,tx_med,15,
campfire,1,stick x3 @5o + coal x1 @200o + warped_hyphae x3 @8003a,24223.8,8594.0,ah,8594.0,-15629.8,-64.5,-2232.82,1286,-20095406,29423,2082,-459874428,99000.0,tx_stack_med,15,STALE-JUN25
smoker,1,mangrove_log x4 @3463a + furnace x1 @95a,13948.8,2266.0,ah,2266.0,-11682.8,-83.8,-2336.57,1800,-21029094,186957,3841,-2184186848,1534.0,tx_stack_med,15,
waxed_oxidized_cut_copper_stairs,4,waxed_oxidized_cut_copper x6 @5469a,32814.0,4688.0,ah,18752.0,-14062.0,-42.9,-2343.67,1500,-21093000,22659,391,-79657714,7907.0,tx_stack_med,15,
purple_harness,1,purple_dye x1 @781a + black_harness x1 @100000a,100781.0,96000.0,ah,96000.0,-4781.0,-4.7,-2390.5,4500,-21514500,27,27,-129087,96000.0,tx_med,15,
smoker,1,pale_oak_wood x4 @3577a + furnace x1 @95a,14404.8,2266.0,ah,2266.0,-12138.8,-84.3,-2427.77,1800,-21849894,186957,3841,-2269439240,1534.0,tx_stack_med,15,
red_dye,1,red_tulip x1 @2618a,2618.2,156.0,ah,156.0,-2462.2,-94.0,-2462.17,9000,-22159530,330375,5429,-813439414,188.0,tx_stack_med,15,
dark_oak_shelf,6,stripped_dark_oak_log x6 @7188a,43125.0,4688.0,ah,28128.0,-14997.0,-34.8,-2499.5,1500,-22495500,10099,223,-25242450,14006.0,tx_stack_med,15,
red_bed,1,red_dye x1 @156a + black_bed x1 @90000a,90156.0,85000.0,ah,85000.0,-5156.0,-5.7,-2578.0,4500,-23202000,2104,2104,-10848224,85000.0,tx_med,15,
waxed_oxidized_copper_golem_statue,1,oxidized_copper_golem_statue x1 @65104a + honeycomb x1 @100o,65204.2,60000.0,ah,60000.0,-5204.2,-8.0,-2602.08,4500,-23418765,194,24,-1009609,100000.0,tx_med,15,STALE-JUN25
smoker,1,stripped_pale_oak_log x4 @3906a + furnace x1 @95a,15720.3,2266.0,ah,2266.0,-13454.3,-85.6,-2690.86,1800,-24217758,186957,3841,-2515377435,1534.0,tx_stack_med,15,
smoker,1,stripped_acacia_log x4 @3920a + furnace x1 @95a,15775.3,2266.0,ah,2266.0,-13509.3,-85.6,-2701.86,1800,-24316758,186957,3841,-2525660070,1534.0,tx_stack_med,15,
waxed_oxidized_cut_copper_stairs,1,oxidized_cut_copper_stairs x1 @10179a + honeycomb x1 @100o,10278.7,4688.0,ah,4688.0,-5590.7,-54.4,-2795.33,4500,-25157970,22659,391,-126678765,7907.0,tx_stack_med,15,STALE-JUN25
campfire,1,stick x3 @5o + coal x1 @200o + stripped_warped_stem x3 @9375a,28340.0,8594.0,ah,8594.0,-19746.0,-69.7,-2820.86,1286,-25387714,29423,2082,-580986558,99000.0,tx_stack_med,15,STALE-JUN25
waxed_oxidized_cut_copper_slab,1,oxidized_cut_copper_slab x1 @12172a + honeycomb x1 @100o,12272.0,6156.0,ah,6156.0,-6116.0,-49.8,-3058.0,4500,-27522000,5831,97,-35662396,12741.0,tx_stack_med,15,STALE-JUN25
campfire,1,stick x3 @5o + coal x1 @200o + stripped_pale_oak_wood x3 @10156a,30683.8,8594.0,ah,8594.0,-22089.8,-72.0,-3155.68,1286,-28401107,29423,2082,-649946714,99000.0,tx_stack_med,15,STALE-JUN25
smoker,1,stripped_cherry_log x4 @4688a + furnace x1 @95a,18845.3,2266.0,ah,2266.0,-16579.3,-88.0,-3315.86,1800,-29842758,186957,3841,-3099618060,1534.0,tx_stack_med,15,
smoker,1,cherry_wood x4 @4688a + furnace x1 @95a,18845.3,2266.0,ah,2266.0,-16579.3,-88.0,-3315.86,1800,-29842758,186957,3841,-3099618060,1534.0,tx_stack_med,15,
stripped_birch_wood,3,stripped_birch_log x4 @5141a,20564.0,2344.0,ah,7032.0,-13532.0,-65.8,-3383.0,2250,-30447000,9016,147,-40668171,2619.0,tx_stack_med,15,
campfire,1,stick x3 @5o + coal x1 @200o + stripped_jungle_log x3 @10743a,32443.4,8594.0,ah,8594.0,-23849.4,-73.5,-3407.06,1286,-30663514,29423,2082,-701720896,99000.0,tx_stack_med,15,STALE-JUN25
chiseled_copper,1,cut_copper_slab x2 @6556a,13112.5,6250.0,ah,6250.0,-6862.5,-52.3,-3431.25,4500,-30881250,1141,26,-7830112,7906.0,tx_stack_med,15,
smoker,1,jungle_wood x4 @5087a + furnace x1 @95a,20441.4,2266.0,ah,2266.0,-18175.4,-88.9,-3635.08,1800,-32715702,186957,3841,-3398016388,1534.0,tx_stack_med,15,
smoker,1,stripped_birch_log x4 @5141a + furnace x1 @95a,20659.3,2266.0,ah,2266.0,-18393.3,-89.0,-3678.66,1800,-33107958,186957,3841,-3438758058,1534.0,tx_stack_med,15,
smoker,1,stripped_oak_log x4 @5415a + furnace x1 @95a,21757.1,2266.0,ah,2266.0,-19491.1,-89.6,-3898.21,1800,-35083926,186957,3841,-3643991974,1534.0,tx_stack_med,15,
chiseled_sandstone,1,sandstone_slab x2 @4688a,9376.0,1563.0,ah,1563.0,-7813.0,-83.3,-3906.5,4500,-35158500,18855,302,-147314115,3081.0,tx_stack_med,15,
campfire,1,stick x3 @5o + coal x1 @200o + mangrove_wood x3 @12318a,37169.8,8594.0,ah,8594.0,-28575.8,-76.9,-4082.25,1286,-36740250,29423,2082,-840784292,99000.0,tx_stack_med,15,STALE-JUN25
smoker,1,stripped_crimson_stem x4 @5781a + furnace x1 @95a,23219.3,2266.0,ah,2266.0,-20953.3,-90.2,-4190.66,1800,-37715958,186957,3841,-3917367978,1534.0,tx_stack_med,15,
quartz_stairs,4,chiseled_quartz_block x6 @6785a,40710.0,3750.0,ah,15000.0,-25710.0,-63.2,-4285.0,1500,-38565000,112652,1946,-724070730,7936.0,tx_stack_med,15,
smoker,1,stripped_cherry_wood x4 @6250a + furnace x1 @95a,25095.3,2266.0,ah,2266.0,-22829.3,-91.0,-4565.86,1800,-41092758,186957,3841,-4268099310,1534.0,tx_stack_med,15,
smoker,1,stripped_acacia_wood x4 @6250a + furnace x1 @95a,25095.3,2266.0,ah,2266.0,-22829.3,-91.0,-4565.86,1800,-41092758,186957,3841,-4268099310,1534.0,tx_stack_med,15,
campfire,1,stick x3 @5o + coal x1 @200o + stripped_jungle_wood x3 @13542a,40840.0,8594.0,ah,8594.0,-32246.0,-79.0,-4606.57,1286,-41459156,29423,2082,-948774352,99000.0,tx_stack_med,15,STALE-JUN25
chiseled_tuff_bricks,1,tuff_brick_slab x2 @6234a,12468.0,3094.0,ah,3094.0,-9374.0,-75.2,-4687.0,4500,-42183000,43277,709,-405678598,3369.0,tx_stack_med,15,
jungle_hanging_sign,6,iron_chain x2 @1563a + stripped_jungle_log x6 @10743a,67582.8,5000.0,ah,30000.0,-37582.8,-55.6,-4697.85,1125,-42280650,268,22,-1678698,100000.0,tx_stack_med,15,
campfire,1,stick x3 @5o + coal x1 @200o + stripped_crimson_hyphae x3 @13781a,41558.8,8594.0,ah,8594.0,-32964.8,-79.3,-4709.25,1286,-42383250,29423,2082,-969921839,99000.0,tx_stack_med,15,STALE-JUN25
smoker,1,stripped_mangrove_log x4 @6579a + furnace x1 @95a,26411.1,2266.0,ah,2266.0,-24145.1,-91.4,-4829.02,1800,-43461198,186957,3841,-4514097330,1534.0,tx_stack_med,15,
pink_dye,1,cactus_flower x1 @5202a,5201.6,188.0,ah,188.0,-5013.6,-96.4,-5013.61,9000,-45122490,162208,2624,-813247651,267.0,tx_stack_med,15,
smoker,1,stripped_dark_oak_log x4 @7188a + furnace x1 @95a,28845.3,2266.0,ah,2266.0,-26579.3,-92.1,-5315.86,1800,-47842758,186957,3841,-4969188060,1534.0,tx_stack_med,15,
orange_dye,1,open_eyeblossom x1 @9524a,9523.8,4188.0,ah,4188.0,-5335.8,-56.0,-5335.81,9000,-48022290,99015,1632,-528325227,1451.0,tx_stack_med,15,
chiseled_red_sandstone,1,red_sandstone_slab x2 @6891a,13782.7,3000.0,ah,3000.0,-10782.7,-78.2,-5391.36,4500,-48522240,256,4,-2760376,3000.0,tx_med,15,
campfire,1,stick x3 @5o + coal x1 @200o + stripped_warped_hyphae x3 @15609a,47042.0,8594.0,ah,8594.0,-38448.0,-81.7,-5492.57,1286,-49433143,29423,2082,-1131255504,99000.0,tx_stack_med,15,STALE-JUN25
campfire,1,stick x3 @5o + coal x1 @200o + stripped_mangrove_wood x3 @15625a,47090.0,8594.0,ah,8594.0,-38496.0,-81.7,-5499.43,1286,-49494857,29423,2082,-1132667808,99000.0,tx_stack_med,15,STALE-JUN25
cyan_bed,1,cyan_dye x1 @50o + black_bed x1 @90000a,90050.0,79000.0,ah,79000.0,-11050.0,-12.3,-5525.0,4500,-49725045,229,229,-2530452,79000.0,tx_med,15,STALE-JUN25
smoker,1,warped_hyphae x4 @8003a + furnace x1 @95a,32107.0,2266.0,ah,2266.0,-29841.0,-92.9,-5968.2,1800,-53713782,186957,3841,-5578981967,1534.0,tx_stack_med,15,
waxed_weathered_copper_grate,4,waxed_weathered_copper x4 @19231a,76923.1,12500.0,ah,50000.0,-26923.1,-35.0,-6730.77,2250,-60576930,0,0,0,1000000.0,tx_stack_med,13,
smoker,1,stripped_warped_stem x4 @9375a + furnace x1 @95a,37595.3,2266.0,ah,2266.0,-35329.3,-94.0,-7065.86,1800,-63592758,186957,3841,-6605061810,1534.0,tx_stack_med,15,
oxidized_cut_copper_slab,6,oxidized_cut_copper x3 @31526a,94579.0,12172.0,ah,73032.0,-21547.0,-22.8,-7182.32,3000,-64640880,983,32,-3530110,61254.0,tx_stack_med,15,
lime_bed,1,lime_dye x1 @50o + black_bed x1 @90000a,90050.0,74999.0,ah,74999.0,-15051.0,-16.7,-7525.5,4500,-67729500,467,467,-7028817,74999.0,tx_med,15,STALE-JUN25
smoker,1,stripped_pale_oak_wood x4 @10156a + furnace x1 @95a,40720.3,2266.0,ah,2266.0,-38454.3,-94.4,-7690.86,1800,-69217758,186957,3841,-7189302435,1534.0,tx_stack_med,15,
dried_ghast,1,ghast_tear x8 @10000o + soul_sand x1 @85o,80085.0,10000.0,ah,10000.0,-70085.0,-87.5,-7787.22,1000,-70085000,15357,756,-1076295345,10000.0,tx_med,15,
smoker,1,stripped_jungle_log x4 @10743a + furnace x1 @95a,43066.5,2266.0,ah,2266.0,-40800.5,-94.7,-8160.1,1800,-73440918,186957,3841,-7627940948,1534.0,tx_stack_med,15,
smoker,1,mangrove_wood x4 @12318a + furnace x1 @95a,49368.3,2266.0,ah,2266.0,-47102.3,-95.4,-9420.46,1800,-84784158,186957,3841,-8806106571,1534.0,tx_stack_med,15,
purpur_pillar,1,purpur_slab x2 @11053a,22107.0,1484.0,ah,1484.0,-20623.0,-93.3,-10311.48,4500,-92803320,13628,246,-281049699,4450.0,tx_stack_med,15,
waxed_chiseled_copper,1,waxed_cut_copper_slab x2 @13158a,26316.0,5579.0,ah,5579.0,-20737.0,-78.8,-10368.5,4500,-93316500,2981,158,-61816997,100000.0,tx_stack_med,15,
smoker,1,stripped_jungle_wood x4 @13542a + furnace x1 @95a,54262.0,2266.0,ah,2266.0,-51996.0,-95.8,-10399.2,1800,-93592782,186957,3841,-9721014302,1534.0,tx_stack_med,15,
smoker,1,stripped_crimson_hyphae x4 @13781a + furnace x1 @95a,55220.3,2266.0,ah,2266.0,-52954.3,-95.9,-10590.86,1800,-95317758,186957,3841,-9900178935,1534.0,tx_stack_med,15,
pink_bed,1,pink_dye x1 @141a + black_bed x1 @90000a,90140.6,66641.0,ah,66641.0,-23499.6,-26.1,-11749.81,4500,-105748290,696,696,-16355736,66641.0,tx_med,15,
smoker,1,stripped_warped_hyphae x4 @15609a + furnace x1 @95a,62531.3,2266.0,ah,2266.0,-60265.3,-96.4,-12053.06,1800,-108477558,186957,3841,-11267021562,1534.0,tx_stack_med,15,
smoker,1,stripped_mangrove_wood x4 @15625a + furnace x1 @95a,62595.3,2266.0,ah,2266.0,-60329.3,-96.4,-12065.86,1800,-108592758,186957,3841,-11278986810,1534.0,tx_stack_med,15,
waxed_oxidized_cut_copper,1,oxidized_cut_copper x1 @31526a + honeycomb x1 @100o,31626.3,5469.0,ah,5469.0,-26157.3,-82.7,-13078.66,4500,-117707940,25413,462,-664735973,5614.0,tx_stack_med,15,STALE-JUN25
waxed_exposed_copper_bulb,1,exposed_copper_bulb x1 @66615a + honeycomb x1 @100o,66715.0,40000.0,ah,40000.0,-26715.0,-40.0,-13357.5,4500,-120217500,799,173,-21345285,75000.0,tx_med,15,STALE-JUN25
waxed_exposed_cut_copper_stairs,4,waxed_exposed_cut_copper x6 @49900a,299400.0,54688.0,ah,218752.0,-80648.0,-26.9,-13441.33,1500,-120972000,388,12,-7822856,30000.0,tx_stack_med,15,
oxidized_cut_copper_stairs,4,oxidized_cut_copper x6 @31526a,189157.9,20582.0,ah,82328.0,-106829.9,-56.5,-17804.99,1500,-160244880,550,40,-14689114,22050.0,tx_med,15,
waxed_exposed_chiseled_copper,1,exposed_chiseled_copper x1 @70000a + honeycomb x1 @100o,70100.0,33333.0,ah,33333.0,-36767.0,-52.4,-18383.5,4500,-165451500,1,1,-36767,30000.0,tx_med,7,STALE-JUN25
magenta_harness,1,magenta_dye x1 @155a + black_harness x1 @100000a,100155.0,60000.0,ah,60000.0,-40155.0,-40.1,-20077.5,4500,-180697500,89,89,-3573795,60000.0,tx_med,15,
white_harness,1,white_dye x1 @584a + black_harness x1 @100000a,100583.5,60000.0,ah,60000.0,-40583.5,-40.3,-20291.76,4500,-182625840,639,639,-25932869,60000.0,tx_med,15,
orange_bed,1,orange_dye x1 @1402a + black_bed x1 @90000a,91402.1,50001.0,ah,50001.0,-41401.1,-45.3,-20700.53,4500,-186304725,238,238,-9853450,50001.0,tx_med,15,
waxed_weathered_cut_copper_stairs,1,weathered_cut_copper_stairs x1 @75000a + honeycomb x1 @100o,75100.0,31250.0,ah,31250.0,-43850.0,-58.4,-21925.0,4500,-197325000,851,20,-37316350,61810.0,tx_stack_med,15,STALE-JUN25
waxed_exposed_cut_copper_stairs,1,exposed_cut_copper_stairs x1 @100000a + honeycomb x1 @100o,100100.0,54688.0,ah,54688.0,-45412.0,-45.4,-22706.0,4500,-204354000,388,12,-17619856,30000.0,tx_stack_med,15,STALE-JUN25
brown_harness,1,brown_dye x1 @1391a + black_harness x1 @100000a,101390.6,54000.0,ah,54000.0,-47390.6,-46.7,-23695.31,4500,-213257790,38,38,-1800844,54000.0,tx_med,15,
waxed_exposed_copper_golem_statue,1,exposed_copper_golem_statue x1 @200000a + honeycomb x1 @100o,200100.0,150000.0,ah,150000.0,-50100.0,-25.0,-25050.0,4500,-225450000,3,3,-150300,150000.0,tx_med,15,STALE-JUN25
yellow_bed,1,yellow_dye x1 @312a + black_bed x1 @90000a,90312.5,40000.0,ah,40000.0,-50312.5,-55.7,-25156.25,4500,-226406250,515,515,-25910938,40000.0,tx_med,15,
weathered_copper_grate,4,weathered_copper x4 @43750a,175000.0,15625.0,ah,62500.0,-112500.0,-64.3,-28125.0,2250,-253125000,10,1,-281250,150000.0,tx_stack_med,15,
waxed_weathered_cut_copper_slab,1,weathered_cut_copper_slab x1 @120000a + honeycomb x1 @100o,120100.0,62500.0,ah,62500.0,-57600.0,-48.0,-28800.0,4500,-259200000,443,8,-25516800,56704.0,tx_stack_med,15,STALE-JUN25
white_dye,1,lily_of_the_valley x1 @30000a,30000.0,781.0,ah,781.0,-29219.0,-97.4,-29219.0,9000,-262971000,216041,3544,-6312501979,598.0,tx_stack_med,15,
magenta_bed,1,magenta_dye x1 @155a + black_bed x1 @90000a,90155.0,30000.0,ah,30000.0,-60155.0,-66.7,-30077.5,4500,-270697500,646,646,-38860130,30000.0,tx_med,15,
yellow_harness,1,yellow_dye x1 @312a + black_harness x1 @100000a,100312.5,40000.0,ah,40000.0,-60312.5,-60.1,-30156.25,4500,-271406250,9,9,-542812,40000.0,tx_med,15,
blue_bed,1,blue_dye x1 @766a + black_bed x1 @90000a,90765.6,28900.0,ah,28900.0,-61865.6,-68.2,-30932.81,4500,-278395290,807,807,-49925555,28900.0,tx_med,15,
waxed_weathered_copper_bulb,1,weathered_copper_bulb x1 @100000a + honeycomb x1 @100o,100100.0,35000.0,ah,35000.0,-65100.0,-65.0,-32550.0,4500,-292950000,909,143,-59175900,35000.0,tx_med,15,STALE-JUN25
waxed_oxidized_chiseled_copper,1,oxidized_chiseled_copper x1 @78125a + honeycomb x1 @100o,78225.0,8734.0,ah,8734.0,-69491.0,-88.8,-34745.5,4500,-312709500,2067,39,-143637897,16787.0,tx_stack_med,15,STALE-JUN25
white_bed,1,white_dye x1 @584a + black_bed x1 @90000a,90583.5,20000.0,ah,20000.0,-70583.5,-77.9,-35291.76,4500,-317625840,11825,11825,-834650124,20000.0,tx_med,15,
light_gray_bed,1,light_gray_dye x1 @1023a + black_bed x1 @90000a,91023.0,19900.0,ah,19900.0,-71123.0,-78.1,-35561.5,4500,-320053500,141,141,-10028343,19900.0,tx_med,15,
gray_bed,1,gray_dye x1 @3538a + black_bed x1 @90000a,93537.7,20000.0,ah,20000.0,-73537.7,-78.6,-36768.86,4500,-330919740,516,516,-37945464,20000.0,tx_med,15,
waxed_weathered_cut_copper_stairs,4,waxed_weathered_cut_copper x6 @62500a,375000.0,31250.0,ah,125000.0,-250000.0,-66.7,-41666.67,1500,-375000000,851,20,-53187500,61810.0,tx_stack_med,15,
waxed_exposed_chiseled_copper,1,waxed_exposed_cut_copper_slab x2 @75000a,150000.0,33333.0,ah,33333.0,-116667.0,-77.8,-58333.5,4500,-525001500,1,1,-116667,30000.0,tx_med,7,
waxed_weathered_copper_trapdoor,1,weathered_copper_trapdoor x1 @140469a + honeycomb x1 @100o,140569.0,1563.0,ah,1563.0,-139006.0,-98.9,-69503.0,4500,-625527000,887,20,-123298322,1175000.0,tx_stack_med,15,STALE-JUN25
weathered_chiseled_copper,1,weathered_cut_copper_slab x2 @120000a,240000.0,13000.0,ah,13000.0,-227000.0,-94.6,-113500.0,4500,-1021500000,12,12,-2724000,13000.0,tx_med,15,
waxed_oxidized_copper_door,1,oxidized_copper_door x1 @299000a + honeycomb x1 @100o,299100.0,69207.0,ah,69207.0,-229893.0,-76.9,-114946.5,4500,-1034518500,96,87,-22069728,69207.0,tx_med,15,STALE-JUN25
waxed_weathered_copper_golem_statue,1,weathered_copper_golem_statue x1 @500000a + honeycomb x1 @100o,500100.0,250000.0,ah,250000.0,-250100.0,-50.0,-125050.0,4500,-1125450000,5,5,-1250500,250000.0,tx_med,15,STALE-JUN25
