id,name,display,stack,ah_d_price,ah_d_vol,ah_d_trades,ah_d_min,ah_d_max,ah_ds_price,ah_ds_vol,ah_ds_trades,ah_stack_unit,ah_h_price,ah_h_vol,ah_h_trades,jp_last_unit,jp_last_count,jp_volume,ls_ah_floor,ls_order_bid,ls_order_bid_high,ls_updated,fin_order_realistic,fin_order_instant,fin_order_top5,fin_order_median,fin_order_count,fin_fill_rate,fin_liq,fin_ah_last,log_bought_unit_med,log_bought_n,log_listed_unit_med,log_listed_n,base_sell,n_tx,tx_med,tx_p25,tx_p75,tx_min,n_stack,tx_stack_med,n_single,tx_single_med,tx_newest_ms,enchantable,ah_sell_unit,sell_basis,ah_sell_single,ah_buy_unit,order_buy,order_buy_src,best_buy,best_buy_src
0,air,Air,64,0.0,0.0,0.0,0.0,0.0,0.0,0.0,0.0,,0.0,0.0,0.0,,,,,,,,,,,,,,,,,,,,,,,,,,,,,,,0,,,,,,,,
1,stone,Stone,64,508.0,737837.0,11820.0,20.0,1000000.0,29565.0,722432.0,11288.0,461.95,30207.0,201802.0,3246.0,546.86,64,17121,,,,,14,15,14.5,6,34,61.1,77,231.25,,,,,,15,547.0,547.0,547.0,547.0,15,547.0,0,,1788026570112,0,547.0,tx_stack_med,508.0,461.95,14,finance_jun25,14,orders
2,granite,Granite,64,1616.0,34103.0,708.0,20.5,390625.0,112714.0,28544.0,446.0,1761.16,997.0,6386.0,135.0,434.78,23,895,,,,,,,,,,,,,,,,,,15,781.0,547.0,781.0,20.0,11,781.0,0,,1788025956722,0,781.0,tx_stack_med,1616.0,434.78,,,434.78,ah
3,polished_granite,Polished Granite,64,3110.0,24123.0,408.0,31.25,310938.0,206186.0,22336.0,349.0,3221.66,1359.0,5600.0,91.0,1711.86,59,315,,,,,,,,,,,,,,,,,,15,1000.0,750.0,1547.0,234.0,11,1000.0,0,,1788025912590,0,1000.0,tx_stack_med,3110.0,1000.0,,,1000.0,ah
4,diorite,Diorite,64,1203.0,159811.0,2659.0,25.0,156250.0,76603.0,153280.0,2395.0,1196.92,1566.0,35164.0,593.0,5468.75,64,2200,,,,,,,,,,,,,,,,,,15,5469.0,1875.0,7031.0,995.0,14,5469.0,0,,1788026408273,0,5469.0,tx_stack_med,1203.0,1196.92,,,1196.92,ah
5,polished_diorite,Polished Diorite,64,1511.0,167527.0,2656.0,78.12,25000.0,96817.0,164864.0,2576.0,1512.77,1238.0,52200.0,826.0,1171.88,64,3203,,,,,,,,,,,,,,,,,,15,1250.0,1250.0,1563.0,1172.0,15,1250.0,0,,1788026572756,0,1250.0,tx_stack_med,1511.0,1171.88,,,1171.88,ah
6,andesite,Andesite,64,1749.0,96696.0,1683.0,20.83,100000.0,110620.0,91008.0,1422.0,1728.44,1631.0,20747.0,372.0,2173.91,46,1477,,,,,11,11,11,1,7,78.9,87,,,,,,,15,1563.0,781.0,2174.0,62.5,11,1563.0,0,,1788026363188,0,1563.0,tx_stack_med,1749.0,1563.0,11,finance_jun25,11,orders
7,polished_andesite,Polished Andesite,64,2579.0,148049.0,2356.0,33.33,80000.0,165642.0,145856.0,2279.0,2588.16,2630.0,27345.0,446.0,1546.88,64,2688,,,,,,,,,,,,,,,,,,15,1547.0,1547.0,1719.0,1547.0,15,1547.0,0,,1788026553021,0,1547.0,tx_stack_med,2579.0,1546.88,,,1546.88,ah
8,deepslate,Deepslate,64,252.0,572821.0,10414.0,15.62,1000000.0,14310.0,476416.0,7444.0,223.59,277.0,172006.0,3065.0,454.55,44,8090,,,,,,,,1,3,,,,,,,,,15,453.0,313.0,453.0,313.0,13,453.0,0,,1788026163808,0,453.0,tx_stack_med,252.0,223.59,,,223.59,ah
9,cobbled_deepslate,Cobbled Deepslate,64,167.0,662928.0,10773.0,21.87,7000000.0,9368.0,629056.0,9829.0,146.38,192.0,165973.0,2704.0,312.5,64,13144,,,,,10,10,10,6,15,83.9,90,151.56,73.4,1,,,,15,306.0,234.0,313.0,167.0,12,313.0,0,,1788026419041,0,313.0,tx_stack_med,167.0,146.38,10,finance_jun25,10,orders
10,polished_deepslate,Polished Deepslate,64,630.0,287797.0,4587.0,31.25,29500.0,39960.0,278400.0,4350.0,624.38,482.0,77474.0,1240.0,390.62,64,10730,,,,,,,,,,,,,,,,,,15,391.0,391.0,391.0,391.0,14,391.0,0,,1788026641546,0,391.0,tx_stack_med,630.0,390.62,,,390.62,ah
11,calcite,Calcite,64,719.0,208680.0,3435.0,38.46,100000.0,45465.0,196416.0,3069.0,710.39,609.0,59547.0,972.0,1171.88,64,6707,,,,,,,,,,,,,,,,,,15,1557.0,1172.0,1563.0,333.0,12,1523.0,0,,1788025780998,0,1523.0,tx_stack_med,719.0,710.39,,,710.39,ah
12,tuff,Tuff,64,3757.0,208020.0,3465.0,22.0,9375000.0,249308.0,196864.0,3076.0,3895.44,678.0,56766.0,946.0,781.25,64,4706,,,,,1,1,1,1,6,80.7,88,,,,,,,15,750.0,750.0,781.0,500.0,13,750.0,0,,1788025791547,0,750.0,tx_stack_med,3757.0,750.0,1,finance_jun25,1,orders
13,tuff_slab,Tuff Slab,64,9509.0,40004.0,634.0,31.25,1546875.0,628140.0,38592.0,603.0,9814.69,969.0,3169.0,50.0,1093.75,64,384,,,,,,,,,,,,,,,,,,15,1094.0,1094.0,1094.0,781.0,15,1094.0,0,,1788024724917,0,1094.0,tx_stack_med,9509.0,1093.75,,,1093.75,ah
14,tuff_stairs,Tuff Stairs,64,6063.0,11772.0,187.0,387.0,15625.0,395011.0,11200.0,175.0,6172.05,5008.0,1680.0,27.0,3906.25,64,320,,,,,,,,,,,,,,,,,,15,3906.0,3125.0,3906.0,2063.0,12,3906.0,0,,1788026228391,0,3906.0,tx_stack_med,6063.0,3906.0,,,3906.0,ah
15,tuff_wall,Tuff Wall,64,7438.0,14023.0,224.0,469.0,23438.0,471864.0,13632.0,213.0,7372.88,3841.0,3399.0,56.0,15625.0,64,0,,,,,,,,,,,,,,,,,,15,3906.0,2656.0,15625.0,2656.0,13,3906.0,2,30000.0,1788020280236,0,3906.0,tx_stack_med,7438.0,3906.0,,,3906.0,ah
16,chiseled_tuff,Chiseled Tuff,64,4353.0,23016.0,377.0,159.0,15000.0,280228.0,21888.0,342.0,4378.56,3380.0,2842.0,48.0,1875.0,64,273,,,,,,,,,,,,,,,,,,15,2656.0,1875.0,6563.0,588.0,12,2656.0,0,,1788025490329,0,2656.0,tx_stack_med,4353.0,1875.0,,,1875.0,ah
17,polished_tuff,Polished Tuff,64,1848.0,75186.0,1219.0,48.38,46875.0,118503.0,71872.0,1123.0,1851.61,2277.0,11177.0,183.0,7812.5,64,528,,,,,,,,,,,,,,,,,,15,2833.0,1875.0,7813.0,781.0,11,3125.0,0,,1788025900448,0,3125.0,tx_stack_med,1848.0,1851.61,,,1851.61,ah
18,polished_tuff_slab,Polished Tuff Slab,64,63889.0,10202.0,177.0,156.0,6875000.0,4382993.0,9280.0,145.0,68484.27,4047.0,2002.0,34.0,7812.5,64,384,,,,,,,,,,,,,,,,,,15,6641.0,4297.0,7813.0,4297.0,13,6641.0,1,10000.0,1788025436545,0,6641.0,tx_stack_med,63889.0,6641.0,,,6641.0,ah
19,polished_tuff_stairs,Polished Tuff Stairs,64,4207.0,20324.0,322.0,313.0,200000.0,259003.0,19840.0,310.0,4046.92,5179.0,2171.0,34.0,3906.25,64,768,,,,,,,,,,,,,,,,,,15,3906.0,3906.0,3906.0,3594.0,15,3906.0,0,,1788025459828,0,3906.0,tx_stack_med,4207.0,3906.0,,,3906.0,ah
20,polished_tuff_wall,Polished Tuff Wall,64,8709.0,5370.0,85.0,781.0,31250.0,559831.0,5312.0,83.0,8747.36,11146.0,1093.0,19.0,10781.25,64,64,,,,,,,,,,,,,,,,,,15,7813.0,7188.0,12500.0,769.0,11,10781.0,0,,1788026602168,0,10781.0,tx_stack_med,8709.0,7813.0,,,7813.0,ah
21,tuff_bricks,Tuff Bricks,64,1188.0,118562.0,1936.0,16.66,60000.0,75614.0,113600.0,1775.0,1181.47,777.0,31317.0,506.0,4687.5,64,2496,,,,,,,,,,,,,,,750.0,1,,15,4688.0,3125.0,4688.0,781.0,14,4688.0,0,,1788024768115,0,4688.0,tx_stack_med,1188.0,1181.47,,,1181.47,ah
22,tuff_brick_slab,Tuff Brick Slab,64,6787.0,6509.0,105.0,31.25,78125.0,418780.0,5888.0,92.0,6543.44,6493.0,1047.0,18.0,6234.38,64,192,,,,,,,,,,,,,,,,,,15,6234.0,6234.0,10938.0,15.63,14,6242.0,0,,1788026594797,0,6242.0,tx_stack_med,6787.0,6234.0,,,6234.0,ah
23,tuff_brick_stairs,Tuff Brick Stairs,64,4393.0,8556.0,142.0,625.0,25000.0,286566.0,8128.0,127.0,4477.59,4166.0,1742.0,30.0,4671.88,64,192,,,,,,,,,,,,,,,,,,15,4375.0,3125.0,4688.0,926.0,12,4523.0,0,,1788025097144,0,4523.0,tx_stack_med,4393.0,4375.0,,,4375.0,ah
24,tuff_brick_wall,Tuff Brick Wall,64,20141.0,10837.0,172.0,385.0,1546875.0,1322744.0,10496.0,164.0,20667.88,6998.0,1909.0,30.0,12500.0,64,192,,,,,,,,,,,,,,,,,,15,12500.0,6250.0,12500.0,3750.0,15,12500.0,0,,1788023662530,0,12500.0,tx_stack_med,20141.0,12500.0,,,12500.0,ah
25,chiseled_tuff_bricks,Chiseled Tuff Bricks,64,3369.0,43277.0,709.0,78.12,100000.0,214135.0,42048.0,657.0,3345.86,2100.0,7702.0,127.0,3124.98,64,640,,,,,,,,,,,,,,,2500.0,1,,15,3094.0,1719.0,3109.0,1406.0,15,3094.0,0,,1788026114001,0,3094.0,tx_stack_med,3369.0,3094.0,,,3094.0,ah
26,dripstone_block,Dripstone Block,64,1248.0,24862.0,526.0,31.25,59000.0,73225.0,19840.0,310.0,1144.14,1162.0,4422.0,111.0,1875.0,16,324,,,,,,,,,,,,,,,,,,15,1316.0,625.0,10000.0,383.0,3,625.0,5,10000.0,1788025851540,0,625.0,tx_stack_med,10000.0,625.0,,,625.0,ah
27,grass_block,Grass Block,64,1559.0,323416.0,5852.0,123.0,100000000.0,74931.0,305216.0,4769.0,1170.8,724.0,92511.0,1689.0,625.0,64,9931,,,,,9,9,11.01,11,5,81.8,89,312.5,,,,,,15,625.0,609.0,50000.0,609.0,10,609.0,4,70000.0,1788026531808,0,609.0,tx_stack_med,70000.0,609.0,9,finance_jun25,9,orders
28,dirt,Dirt,64,152308.0,712590.0,12938.0,60.0,26019999252.0,21587.0,683264.0,10676.0,337.3,2662.0,239191.0,4195.0,10000.0,1,17370,,,,,12,14,22,5,27,76.1,86,,,,,,,15,625.0,469.0,781.0,469.0,12,570.0,2,10000.0,1788026637756,0,570.0,tx_stack_med,152308.0,337.3,12,finance_jun25,12,orders
29,coarse_dirt,Coarse Dirt,64,1341.0,31654.0,587.0,50.0,88999.0,80894.0,29760.0,465.0,1263.97,1470.0,10476.0,170.0,1093.75,64,412,,,,,,,,50,3,,,937.5,,,,,,15,1172.0,469.0,1563.0,313.0,13,1172.0,0,,1788026180452,0,1172.0,tx_stack_med,1341.0,1093.75,,,1093.75,ah
30,podzol,Podzol,64,1666.0,17657.0,307.0,156.0,50000.0,98753.0,16256.0,254.0,1543.02,1298.0,4658.0,79.0,1562.5,64,64,,,,,,,,,,,,,,,,,,15,1172.0,1132.0,1547.0,469.0,14,1172.0,0,,1788026646176,0,1172.0,tx_stack_med,1666.0,1172.0,,,1172.0,ah
31,rooted_dirt,Rooted Dirt,64,1588.0,23546.0,435.0,234.0,100000.0,98815.0,21248.0,332.0,1543.98,1761.0,5968.0,100.0,1406.25,64,241,,,,,,,,,,,,,,,,,,15,1406.0,1250.0,1563.0,1154.0,9,1406.0,1,5000.0,1788026245254,0,1406.0,tx_stack_med,1588.0,1406.0,,,1406.0,ah
32,mud,Mud,64,1171.0,232764.0,4212.0,100.0,156250.0,70181.0,218112.0,3408.0,1096.58,1387.0,58481.0,1084.0,7656.23,64,3860,,,,,1,1,12,10,5,99.6,100,,,,,,,15,3047.0,2641.0,7656.0,1563.0,11,3031.0,3,45000.0,1788026695109,0,3031.0,tx_stack_med,45000.0,1096.58,1,finance_jun25,1,orders
33,crimson_nylium,Crimson Nylium,64,2703.0,34765.0,562.0,212.0,100000.0,173748.0,33472.0,523.0,2714.81,3560.0,6466.0,108.0,19999.0,1,323,,,,,,,,2,3,,,,,,,,,15,19999.0,3438.0,19999.0,3390.0,4,3438.0,10,19999.0,1788025021569,0,3438.0,tx_stack_med,19999.0,2714.81,,,2714.81,ah
34,warped_nylium,Warped Nylium,64,2657.0,25597.0,422.0,656.0,100000.0,168136.0,24384.0,381.0,2627.12,2510.0,4761.0,78.0,3125.0,64,164,,,,,,,,,,,,,,,,,,15,8333.0,2344.0,50000.0,1724.0,8,4105.0,4,50000.0,1788025504495,0,4105.0,tx_stack_med,50000.0,2627.12,,,2627.12,ah
35,cobblestone,Cobblestone,64,156.0,837194.0,13874.0,2.0,1000000.0,8407.0,791040.0,12360.0,131.36,125.0,223971.0,3652.0,156.25,64,11313,,,,,,,,,,,,,31.2,22,,,,15,156.0,96.15,200.0,52.63,9,155.0,0,,1788026583789,0,155.0,tx_stack_med,156.0,131.36,,,131.36,ah
36,oak_planks,Oak Planks,64,634.0,197728.0,3226.0,40.0,1000000.0,38796.0,189504.0,2961.0,606.19,583.0,56821.0,944.0,303.12,64,6077,,,,,52,55,55,15,9,68.3,81,,,,,,,15,305.0,303.0,313.0,266.0,14,305.0,0,,1788026550766,0,305.0,tx_stack_med,634.0,303.12,52,finance_jun25,52,orders
37,spruce_planks,Spruce Planks,64,252.0,453483.0,7303.0,15.62,200000.0,15086.0,438976.0,6859.0,235.72,272.0,138440.0,2214.0,312.5,32,18236,,,,,32,32,32,20,11,7.4,44,781.25,,,125.0,3,,15,233.0,156.0,313.0,156.0,9,156.0,0,,1788025958748,0,156.0,tx_stack_med,252.0,156.0,32,finance_jun25,32,orders
38,birch_planks,Birch Planks,64,1274.0,39042.0,693.0,19.23,249750.0,79817.0,35008.0,547.0,1247.14,923.0,11022.0,203.0,156.25,64,437,,,,,,,,,,,,,,,,,,15,625.0,250.0,1563.0,111.0,8,1016.0,0,,1788024906550,0,1016.0,tx_stack_med,1274.0,156.25,,,156.25,ah
39,jungle_planks,Jungle Planks,64,1418.0,26040.0,443.0,69.76,1000000.0,86764.0,24640.0,385.0,1355.69,735.0,4115.0,82.0,250.0,64,579,,,,,,,,,,,,,,,,,,15,250.0,250.0,250.0,156.0,14,250.0,0,,1788026040646,0,250.0,tx_stack_med,1418.0,250.0,,,250.0,ah
40,acacia_planks,Acacia Planks,64,2111.0,13690.0,237.0,78.12,100000.0,134635.0,12480.0,195.0,2103.67,759.0,444.0,13.0,2812.5,64,194,,,,,45,45,45,10,7,56.5,74,,,,,,,15,781.0,313.0,1000.0,196.0,6,430.0,1,1000.0,1788025653132,0,430.0,tx_stack_med,2111.0,430.0,45,finance_jun25,45,orders
41,cherry_planks,Cherry Planks,64,1044.0,79676.0,1292.0,20.0,50000.0,66154.0,75648.0,1182.0,1033.66,1311.0,23592.0,378.0,781.25,64,1591,,,,,,,,,,,,,,,,,,15,859.0,734.0,1563.0,625.0,15,859.0,0,,1788025915498,0,859.0,tx_stack_med,1044.0,781.25,,,781.25,ah
42,dark_oak_planks,Dark Oak Planks,64,1054.0,72454.0,1167.0,62.5,100000.0,66617.0,70720.0,1105.0,1040.89,926.0,12227.0,199.0,1562.5,64,320,,,,,,,,14.1,3,,,,,,,,,15,1250.0,234.0,1563.0,156.0,11,1563.0,0,,1788025530052,0,1563.0,tx_stack_med,1054.0,1040.89,,,1040.89,ah
43,pale_oak_planks,Pale Oak Planks,64,669.0,175772.0,2773.0,46.87,13333.0,41916.0,172288.0,2692.0,654.94,743.0,40732.0,644.0,1041.67,48,2930,,,,,,,,,,,,,,,,,,15,781.0,764.0,781.0,764.0,14,781.0,0,,1788026364642,0,781.0,tx_stack_med,669.0,654.94,,,654.94,ah
44,mangrove_planks,Mangrove Planks,64,2627.0,29993.0,494.0,122.0,20000.0,167797.0,28416.0,444.0,2621.83,2097.0,4515.0,76.0,1875.0,64,425,,,,,,,,,,,,,,,,,,15,1717.0,781.0,2058.0,749.0,14,1796.0,0,,1788025532438,0,1796.0,tx_stack_med,2627.0,1717.0,,,1717.0,ah
45,bamboo_planks,Bamboo Planks,64,622.0,124927.0,1994.0,78.12,46875.0,38997.0,121472.0,1898.0,609.33,529.0,27285.0,435.0,531.25,32,834,,,,,,,,13,3,,,,,,,,,15,469.0,234.0,469.0,100.0,11,469.0,1,100.0,1788025878248,0,469.0,tx_stack_med,622.0,469.0,,,469.0,ah
46,crimson_planks,Crimson Planks,64,1948.0,29768.0,501.0,250.0,100000.0,124144.0,27776.0,434.0,1939.75,1607.0,8237.0,134.0,1600.0,50,198,,,,,,,,,,,,,,,,,,15,1094.0,625.0,1563.0,500.0,13,1094.0,0,,1788026376341,0,1094.0,tx_stack_med,1948.0,1094.0,,,1094.0,ah
47,warped_planks,Warped Planks,64,2053.0,65932.0,1063.0,156.0,50000.0,131139.0,63744.0,996.0,2049.05,1507.0,14330.0,258.0,78125.0,64,748,,,,,,,,,,,,,,,,,,15,2188.0,1292.0,2344.0,156.0,14,2266.0,0,,1788025027690,0,2266.0,tx_stack_med,2053.0,2049.05,,,2049.05,ah
48,bamboo_mosaic,Bamboo Mosaic,64,7323.0,8815.0,142.0,250.0,156250.0,468271.0,8512.0,133.0,7316.73,1679.0,2515.0,41.0,2380.95,63,0,,,,,,,,,,,,,,,,,,15,1578.0,1547.0,2344.0,1547.0,14,1578.0,0,,1788020470164,0,1578.0,tx_stack_med,7323.0,1578.0,,,1578.0,ah
49,oak_sapling,Oak Sapling,64,4344.0,29903.0,1085.0,100.0,1000000.0,195287.0,26112.0,408.0,3051.36,3365.0,5228.0,203.0,1562.5,64,233,,,,,,,,,,,,,,,,,,15,1000.0,1000.0,2308.0,1000.0,2,1563.0,11,1000.0,1788025884830,0,1000.0,tx_med,1000.0,1000.0,,,1000.0,ah
50,spruce_sapling,Spruce Sapling,64,304687.0,85482.0,1661.0,25.0,404687503.0,20209026.0,82432.0,1288.0,315766.03,943.0,30662.0,528.0,1406.25,64,2797,,,,,,,,,,,,,,,,,,15,1406.0,1391.0,1406.0,1391.0,14,1406.0,1,20200.0,1788025980710,0,1406.0,tx_stack_med,304687.0,1406.0,,,1406.0,ah
51,birch_sapling,Birch Sapling,64,6840.0,1763.0,255.0,8.0,1000000.0,313750.0,512.0,8.0,4902.34,8765.0,504.0,83.0,5000.0,1,16,,,,,,,,,,,,,,,,,,15,3333.0,590.0,15000.0,222.0,0,,11,3000.0,1788026602300,0,3333.0,tx_med,3000.0,3333.0,,,3333.0,ah
52,jungle_sapling,Jungle Sapling,64,30848.0,1037.0,83.0,40.0,1000000.0,1859304.0,768.0,12.0,29051.62,65639.0,89.0,45.0,7500.0,2,4,,,,,,,,,,,,,,,,,,15,25000.0,8750.0,25000.0,1450.0,0,,3,44000.0,1788023871126,0,25000.0,tx_med,44000.0,7500.0,,,7500.0,ah
53,acacia_sapling,Acacia Sapling,64,3883.0,2092.0,130.0,30.0,200000.0,137909.0,1408.0,22.0,2154.83,5310.0,446.0,22.0,781.25,64,201,,,,,,,,,,,,,,,,,,15,781.0,781.0,781.0,781.0,12,781.0,1,2000.0,1788024071424,0,781.0,tx_stack_med,3883.0,781.0,,,781.0,ah
54,cherry_sapling,Cherry Sapling,64,2908.0,31621.0,1103.0,78.12,450000.0,133943.0,28288.0,442.0,2092.86,3499.0,3399.0,187.0,30000.0,1,165,,,,,,,,,,,,,,,,,,15,30000.0,9000.0,30000.0,3125.0,1,3125.0,12,30000.0,1788026538708,0,30000.0,tx_med,30000.0,2092.86,,,2092.86,ah
55,dark_oak_sapling,Dark Oak Sapling,64,6536.0,7648.0,256.0,541.0,999000.0,251283.0,6336.0,99.0,3926.3,4213.0,749.0,31.0,5000.0,2,58,,,,,111,111,250,111,3,53.9,72,,,,,,,15,4688.0,667.0,6731.0,83.33,4,6172.0,2,9500.0,1788022980447,0,6172.0,tx_stack_med,6536.0,3926.3,111,finance_jun25,111,orders
56,pale_oak_sapling,Pale Oak Sapling,64,7410.0,14080.0,595.0,111.0,1000000.0,333008.0,11712.0,183.0,5203.25,4939.0,4408.0,159.0,6248.44,64,211,,,,,,,,,,,,,,,,,,15,50000.0,8750.0,100000.0,3616.0,3,5469.0,6,100000.0,1788025377730,0,5469.0,tx_stack_med,100000.0,5203.25,,,5203.25,ah
57,mangrove_propagule,Mangrove Propagule,64,10087.0,4818.0,416.0,200.0,300000.0,324704.0,3008.0,47.0,5073.5,14672.0,590.0,71.0,7000.0,1,4,,,,,,,,,,,,,,,,,,15,6000.0,3000.0,10000.0,1000.0,1,12484.0,12,5500.0,1788025091033,0,6000.0,tx_med,5500.0,5073.5,,,5073.5,ah
58,bedrock,Bedrock,64,0.0,0.0,0.0,0.0,0.0,0.0,0.0,0.0,,0.0,0.0,0.0,,,,,,,,,,,,,,,,,,,,,,,,,,,,,,,0,,,,,,,,
59,sand,Sand,64,44878.0,577405.0,9601.0,219.0,25600000000.0,34022.0,551232.0,8613.0,531.59,3383.0,169936.0,2829.0,312.5,64,11520,,,,,,,,,,,,,,,,,,15,313.0,313.0,438.0,312.0,13,313.0,0,,1788026189527,0,313.0,tx_stack_med,44878.0,312.5,,,312.5,ah
60,suspicious_sand,Suspicious Sand,64,759825.0,293.0,190.0,110000.0,50000000.0,0.0,0.0,0.0,,1019816.0,73.0,45.0,999000.0,1,0,,,,,,,,,,,,,,,,,,15,1000000.0,990000.0,1000000.0,650000.0,0,,15,1000000.0,1788009693771,0,1000000.0,tx_med,1000000.0,999000.0,,,999000.0,ah
61,suspicious_gravel,Suspicious Gravel,64,573552.0,452.0,191.0,50000.0,10000000.0,124999997.0,64.0,1.0,1953124.95,454955.0,180.0,27.0,109949.0,1,1,,,,,,,,,,,,,,,,,,15,120000.0,109949.0,229941.0,65000.0,0,,13,120000.0,1788022968506,0,120000.0,tx_med,120000.0,109949.0,,,109949.0,ah
62,red_sand,Red Sand,64,452.0,54237.0,908.0,156.0,30000.0,28330.0,51136.0,799.0,442.66,565.0,12640.0,210.0,468.75,64,1536,,,,,253.01,253.01,253.01,251,8,98.7,99,625,,,,,,15,469.0,469.0,469.0,391.0,14,469.0,0,,1788026501189,0,469.0,tx_stack_med,452.0,442.66,253.01,finance_jun25,253.01,orders
63,gravel,Gravel,64,696.0,165594.0,2915.0,70.17,100000.0,42803.0,152448.0,2382.0,668.8,452.0,49592.0,858.0,609.38,64,5978,,,,,10,10,20,9.1,14,14.1,48,,,,,,,15,609.0,313.0,654.0,313.0,12,430.0,0,,1788026659129,0,430.0,tx_stack_med,696.0,430.0,10,finance_jun25,10,orders
64,coal_ore,Coal Ore,64,2303.0,19131.0,656.0,217.0,50000.0,128587.0,13248.0,207.0,2009.17,2003.0,3363.0,97.0,3076.92,13,492,,,,,105,105,120,105,3,96.5,98,,,,,,,15,1875.0,1429.0,3077.0,943.0,3,1484.0,2,7500.0,1788025543791,0,1484.0,tx_stack_med,2303.0,1484.0,105,finance_jun25,105,orders
65,deepslate_coal_ore,Deepslate Coal Ore,64,15340.0,2800.0,470.0,2222.0,100000.0,848835.0,1600.0,25.0,13263.05,6575.0,797.0,102.0,30000.0,1,47,,,,,1100,1100,1100,450,18,65.4,79,,,,,,,15,30000.0,20000.0,33333.0,1453.0,0,,11,30000.0,1788025663117,0,30000.0,tx_med,30000.0,13263.05,1100,finance_jun25,1100,orders
66,iron_ore,Iron Ore,64,4187.0,3684.0,293.0,364.0,80000.0,307906.0,896.0,14.0,4811.03,3000.0,2105.0,76.0,5000.0,10,117,,,,,,,,61,3,,,2857.14,,,,,,15,4182.0,2286.0,6000.0,800.0,0,,5,9000.0,1788025953746,0,4182.0,tx_med,9000.0,4182.0,,,4182.0,ah
67,deepslate_iron_ore,Deepslate Iron Ore,64,2389.0,6655.0,327.0,233.0,79000.0,126251.0,4096.0,64.0,1972.67,1940.0,883.0,51.0,5000.0,2,15,,,,,,,,,,,,,,,,,,15,5000.0,2500.0,5000.0,1176.0,0,,7,5000.0,1788026526344,0,5000.0,tx_med,5000.0,1972.67,,,1972.67,ah
68,copper_ore,Copper Ore,64,2019.0,3745.0,168.0,68.75,200000.0,73783.0,1920.0,30.0,1152.86,3089.0,859.0,35.0,2000.0,1,8,,,,,,,,,,,,,,,,,,15,1750.0,1000.0,2000.0,213.0,1,1563.0,5,2000.0,1788026533503,0,1750.0,tx_med,2000.0,1152.86,,,1152.86,ah
69,deepslate_copper_ore,Deepslate Copper Ore,64,6638.0,1227.0,57.0,250.0,50000.0,479022.0,576.0,9.0,7484.72,3587.0,163.0,12.0,1000.0,10,11,,,,,32,33,33,32,3,90.8,94,,,,,,,15,3759.0,1333.0,15000.0,167.0,0,,4,67000.0,1788025277231,0,3759.0,tx_med,67000.0,1000.0,32,finance_jun25,32,orders
70,gold_ore,Gold Ore,64,14143.0,3801.0,209.0,3333.0,272727.0,739881.0,2560.0,40.0,11560.64,8864.0,668.0,30.0,26923.08,13,20,,,,,307,307,500,307,3,29.3,58,10000,,,,,,15,7500.0,4286.0,60000.0,4000.0,1,8000.0,1,10000.0,1788024300009,0,7500.0,tx_med,14143.0,7500.0,307,finance_jun25,307,orders
71,deepslate_gold_ore,Deepslate Gold Ore,64,6562.0,15442.0,868.0,2333.0,60000.0,393009.0,8640.0,135.0,6140.77,4651.0,3512.0,157.0,10000.0,1,879,,,,,300,304,304,256.11,13,77.6,87,5454.55,,,,,,15,6250.0,6250.0,10000.0,4286.0,7,6250.0,4,10000.0,1788025861416,0,6250.0,tx_stack_med,10000.0,6140.77,300,finance_jun25,300,orders
72,redstone_ore,Redstone Ore,64,10371.0,2995.0,130.0,1000.0,500000.0,559624.0,2560.0,40.0,8744.12,8519.0,626.0,32.0,60000.0,1,66,,,,,,,,,,,,,,,,,,15,16667.0,9099.0,35000.0,1709.0,2,2254.0,9,20000.0,1788025022681,0,16667.0,tx_med,20000.0,8744.12,,,8744.12,ah
73,deepslate_redstone_ore,Deepslate Redstone Ore,64,2004.0,24543.0,898.0,313.0,40000.0,114872.0,17536.0,274.0,1794.88,2031.0,5963.0,213.0,4347.83,23,287,,,,,206.02,206.02,206.02,206.02,5,94.6,97,9200,,,,,,15,19000.0,2656.0,19000.0,750.0,1,2656.0,9,19000.0,1788025889358,0,19000.0,tx_med,19000.0,1794.88,206.02,finance_jun25,206.02,orders
74,emerald_ore,Emerald Ore,64,29471.0,3882.0,358.0,5000.0,1000000.0,1757524.0,3008.0,47.0,27461.31,26384.0,622.0,83.0,39000.0,1,29,,,,,3100,5100,5600,5100,13,62.4,77,50000,,,,,,15,39000.0,39000.0,39000.0,20000.0,0,,14,39000.0,1788025386069,0,39000.0,tx_med,39000.0,27461.31,3100,finance_jun25,3100,orders
75,deepslate_emerald_ore,Deepslate Emerald Ore,64,1234081.0,1933.0,769.0,900000.0,2000000.0,80118625.0,1024.0,16.0,1251853.52,1159739.0,222.0,146.0,1071000.0,1,11,,,,,530000,530000,530000,520000,68,39.8,64,,,,,,,15,1071000.0,999000.0,1071000.0,995000.0,0,,15,1071000.0,1788025272166,0,1071000.0,tx_med,1071000.0,1071000.0,530000,finance_jun25,530000,orders
76,lapis_ore,Lapis Lazuli Ore,64,39113.0,5800.0,218.0,250.0,1666667.0,2441240.0,4992.0,78.0,38144.38,21531.0,1593.0,68.0,100000.0,1,14,,,,,201,201,201,130,3,95.1,97,,,,,,,15,99000.0,50000.0,100000.0,1000.0,0,,14,99000.0,1788025407687,0,99000.0,tx_med,99000.0,38144.38,201,finance_jun25,201,orders
77,deepslate_lapis_ore,Deepslate Lapis Lazuli Ore,64,7767.0,15454.0,592.0,208.0,1000000.0,424899.0,13632.0,213.0,6639.05,6534.0,5596.0,173.0,6640.62,64,104,,,,,30,30,30,11,3,33.6,60,,,,,,,15,69000.0,6641.0,90000.0,1429.0,3,6641.0,9,90000.0,1788025499942,0,6641.0,tx_stack_med,90000.0,6639.05,30,finance_jun25,30,orders
78,diamond_ore,Diamond Ore,64,65133.0,4612.0,404.0,23125.0,999000.0,3881710.0,3520.0,55.0,60651.72,80130.0,1007.0,114.0,50000.0,1,6,,,,,15000,15000,15200,13300,14,82.1,89,65000,,,,,,15,149000.0,50000.0,150000.0,25000.0,1,78125.0,13,149000.0,1788025822539,0,149000.0,tx_med,149000.0,50000.0,15000,finance_jun25,15000,orders
79,deepslate_diamond_ore,Deepslate Diamond Ore,64,14188.0,66587.0,4755.0,9375.0,145000.0,839775.0,46144.0,721.0,13121.48,13933.0,13579.0,1136.0,23333.33,3,3232,,,,,6100,6100,6100,4100,67,44.8,67,21000,,,,,,15,19444.0,15217.0,23333.0,12000.0,3,15469.0,5,22000.0,1788026526990,0,15469.0,tx_stack_med,22000.0,13121.48,6100,finance_jun25,6100,orders
80,nether_gold_ore,Nether Gold Ore,64,7031.0,5555.0,213.0,1889.0,72500.0,446010.0,3712.0,58.0,6968.91,6544.0,953.0,29.0,6250.0,64,107,,,,,200,231,340,192,10,95.4,97,3750,,,,,,15,4688.0,2857.0,15000.0,2188.0,4,3444.0,4,17500.0,1788025436827,0,3444.0,tx_stack_med,17500.0,3444.0,200,finance_jun25,200,orders
81,nether_quartz_ore,Nether Quartz Ore,64,4208.0,16678.0,463.0,938.0,100000.0,238058.0,12992.0,203.0,3719.66,3423.0,4936.0,133.0,7343.75,64,0,,,,,501.2,501.2,501.2,500,6,58.1,75,5000,,,,,,15,15385.0,2500.0,40000.0,1389.0,2,5039.0,7,40000.0,1788022084998,0,15385.0,tx_med,40000.0,3719.66,501.2,finance_jun25,501.2,orders
82,ancient_debris,Ancient Debris,64,1963985.0,10173.0,2516.0,1410000.0,4700000.0,126428297.0,6400.0,100.0,1975442.14,1510543.0,3584.0,815.0,1500000.0,1,373,1400000,1300000,1500000,1788026208,1300000,1300000,1400000,1300000,44,14.5,49,,,,,,,15,1500000.0,1500000.0,1500000.0,1481250.0,2,1514062.0,13,1500000.0,1788025804080,0,1500000.0,tx_med,1500000.0,1500000.0,1300000,lootseller,1300000,orders
83,coal_block,Block of Coal,64,4358.0,119166.0,3264.0,1613.0,100000.0,255502.0,114944.0,1796.0,3992.22,4871.0,23718.0,561.0,59000.0,1,3355,5000,1600,9200,1788026208,4000,4400,4266.67,1100,57,36.6,62,50000,,,,,,15,7031.0,3140.0,20000.0,3140.0,12,7031.0,2,49500.0,1788026021469,0,7031.0,tx_stack_med,4358.0,3992.22,1600,lootseller,1600,orders
84,raw_iron_block,Block of Raw Iron,64,11397.0,9111.0,336.0,3226.0,100000.0,728294.0,8128.0,127.0,11379.59,9886.0,4572.0,88.0,8953.12,64,384,,,,,1100,1100,1100,913,9,75.4,85,44000,,,,,,15,8953.0,7500.0,17143.0,2500.0,6,8953.0,3,23000.0,1788023502254,0,8953.0,tx_stack_med,23000.0,8953.0,1100,finance_jun25,1100,orders
85,raw_copper_block,Block of Raw Copper,64,3827.0,2734.0,96.0,1000.0,84900.0,232800.0,1920.0,30.0,3637.5,2431.0,487.0,14.0,2419.35,62,0,,,,,,,,,,,,,,,,,,15,2500.0,2000.0,4138.0,1463.0,4,2578.0,3,5000.0,1788018953728,0,2578.0,tx_stack_med,5000.0,2419.35,,,2419.35,ah
86,raw_gold_block,Block of Raw Gold,64,71606.0,5544.0,242.0,15625.0,468750.0,4982585.0,4480.0,70.0,77852.89,33093.0,712.0,33.0,16666.67,3,0,,,,,2800,2800,2800,2700,9,53.7,72,15000,,,,,,15,39000.0,31250.0,43699.0,16667.0,2,37475.0,11,39000.0,1788026310537,0,39000.0,tx_med,39000.0,16666.67,2800,finance_jun25,2800,orders
87,heavy_core,Heavy Core,64,4064309.0,1055.0,758.0,3110000.0,20000000.0,290999992.0,128.0,2.0,4546874.88,3879281.0,225.0,198.0,3899990.0,1,21,4000000,3500000,4000000,1788026208,2800000,2800000,2800000,1500000,45,2.8,19,,,,,,,15,3899990.0,3800000.0,3999900.0,3700000.0,0,,15,3899990.0,1788026518828,0,3899990.0,tx_med,3899990.0,3899990.0,3500000,lootseller,3500000,orders
88,amethyst_block,Block of Amethyst,64,1478.0,313852.0,6112.0,594.0,90000.0,89513.0,277760.0,4340.0,1398.64,1338.0,80118.0,1575.0,1875.0,32,8038,,,,,300,600,598.5,120,29,45.6,67,3750,,,,,,15,1563.0,1563.0,1786.0,1406.0,11,1563.0,0,,1788026621467,0,1563.0,tx_stack_med,1478.0,1398.64,300,finance_jun25,300,orders
89,budding_amethyst,Budding Amethyst,64,0.0,0.0,0.0,0.0,0.0,0.0,0.0,0.0,,0.0,0.0,0.0,,,,,,,,,,,,,,,,,,,,,,,,,,,,,,,0,,,,,,,,
90,iron_block,Block of Iron,64,5185.0,251217.0,15090.0,2857.0,271000.0,299194.0,208064.0,3251.0,4674.91,4296.0,63059.0,4390.0,12500.0,4,6641,14500,2500,4000,1788026208,1600,2200,2150,775,31,38.7,63,10000,,,,,,15,4688.0,4688.0,4906.0,4254.0,10,4688.0,1,15000.0,1788026668021,0,4688.0,tx_stack_med,5185.0,4674.91,2500,lootseller,2500,orders
91,copper_block,Block of Copper,64,4854.0,47485.0,949.0,700.0,500000.0,304019.0,44480.0,695.0,4750.3,4658.0,11821.0,226.0,4609.38,64,1854,,,,,642,660,660,492,14,68.2,81,10000,,,,,,15,4688.0,4688.0,4688.0,1563.0,15,4688.0,0,,1788025454694,0,4688.0,tx_stack_med,4854.0,4609.38,642,finance_jun25,642,orders
92,gold_block,Block of Gold,64,27210.0,151938.0,5842.0,18750.0,1450000.0,1662539.0,135616.0,2119.0,25977.17,20995.0,42799.0,1691.0,23437.5,64,3360,39900,20500,22000,1788026208,4200,4300,4300,1400,37,64.3,79,27000,,,,,,15,26563.0,23438.0,28125.0,23438.0,10,23438.0,0,,1788026554717,0,23438.0,tx_stack_med,27210.0,23437.5,20500,lootseller,20500,orders
93,diamond_block,Block of Diamond,64,50910.0,302490.0,11476.0,43100.0,937500.0,3189757.0,272448.0,4257.0,49839.95,50968.0,71286.0,2924.0,90000.0,2,8324,54500,44600,60000,1788026208,32000,33000,34100,30000,43,54.4,73,64000,,,60000.0,1,,15,48422.0,48422.0,56250.0,48422.0,11,48422.0,0,,1788026701255,0,48422.0,tx_stack_med,50910.0,48422.0,44600,lootseller,44600,orders
94,netherite_block,Block of Netherite,64,63558827.0,1548.0,1476.0,56499999.0,89999995.0,4200000061.0,64.0,1.0,65625000.95,53850291.0,430.0,425.0,52499999.0,1,27,51400000,50600000,54900000,1788026208,52100000,52100000,52100000,48000000,45,35.7,61,,,,,,,15,52000000.0,51399997.0,52499999.0,49699999.0,0,,15,52000000.0,1788024857038,0,52000000.0,tx_med,52000000.0,52000000.0,50600000,lootseller,50600000,orders
95,exposed_copper,Exposed Copper,64,45789.0,1013.0,41.0,1127.0,400000.0,3467768.0,512.0,8.0,54183.88,81411.0,439.0,8.0,5000.0,23,0,,,,,,,,,,,,,,,,,,15,43750.0,5000.0,128125.0,4544.0,8,66563.0,1,40000.0,1788010270265,0,66563.0,tx_stack_med,45789.0,5000.0,,,5000.0,ah
96,weathered_copper,Weathered Copper,64,68385.0,805.0,27.0,1667.0,1000000.0,6134286.0,448.0,7.0,95848.22,33746.0,260.0,8.0,78125.0,64,64,,,,,,,,,,,,,,,,,,15,43750.0,43750.0,43750.0,9375.0,2,43750.0,0,,1788023265270,0,43750.0,tx_med,68385.0,43750.0,,,43750.0,ah
97,oxidized_copper,Oxidized Copper,64,14398.0,19451.0,380.0,2308.0,400000.0,901490.0,18368.0,287.0,14085.78,15353.0,4058.0,137.0,30000.0,1,14,,,,,1000,1000,1000,110,3,43.4,66,,,,,,,15,30000.0,30000.0,30000.0,30000.0,0,,15,30000.0,1788023736175,0,30000.0,tx_med,30000.0,14085.78,1000,finance_jun25,1000,orders
98,chiseled_copper,Chiseled Copper,64,7906.0,1141.0,26.0,3125.0,100000.0,443785.0,1024.0,16.0,6934.14,7926.0,256.0,4.0,9375.0,64,0,,,,,,,,,,,,,,,,,,15,7422.0,3125.0,9688.0,3125.0,13,6250.0,0,,1788005007827,0,6250.0,tx_stack_med,7906.0,6250.0,,,6250.0,ah
99,exposed_chiseled_copper,Exposed Chiseled Copper,64,93000.0,260.0,8.0,70000.0,125000.0,5975000.0,256.0,4.0,93359.38,343750.0,64.0,1.0,343750.0,64,0,,,,,,,,,,,,,,,,,,15,70000.0,50000.0,400000.0,10000.0,2,208594.0,12,70000.0,1787999461516,0,70000.0,tx_med,70000.0,70000.0,,,70000.0,ah
100,weathered_chiseled_copper,Weathered Chiseled Copper,64,13533.0,12.0,12.0,5600.0,23600.0,0.0,0.0,0.0,,50000.0,1.0,1.0,50000.0,1,0,,,,,,,,,,,,,,,,,,15,13000.0,13000.0,23600.0,5600.0,2,187500.0,13,13000.0,1787966167700,0,13000.0,tx_med,13000.0,13000.0,,,13000.0,ah
101,oxidized_chiseled_copper,Oxidized Chiseled Copper,64,78400.0,75.0,6.0,46719.0,300000.0,2990000.0,64.0,1.0,46718.75,46923.0,65.0,2.0,78125.0,64,0,,,,,,,,,,,,,,,,,,15,100000.0,50000.0,156250.0,25000.0,8,99219.0,4,70000.0,1788021153838,0,99219.0,tx_stack_med,70000.0,78125.0,,,78125.0,ah
102,cut_copper,Cut Copper,64,9449.0,2523.0,50.0,833.0,100000.0,605982.0,1984.0,31.0,9468.47,10268.0,366.0,9.0,5000.0,16,82,,,,,,,,,,,,,,,,,,15,8000.0,3000.0,13281.0,1094.0,7,8407.0,0,,1788026100958,0,8407.0,tx_stack_med,9449.0,5000.0,,,5000.0,ah
103,exposed_cut_copper,Exposed Cut Copper,64,182813.0,64.0,1.0,182813.0,182813.0,11700000.0,64.0,1.0,182812.5,100000.0,1.0,1.0,3125.0,64,64,,,,,,,,,,,,,,,,,,15,182813.0,25000.0,345000.0,3125.0,4,200000.0,5,345000.0,1788022460276,0,200000.0,tx_stack_med,345000.0,3125.0,,,3125.0,ah
104,weathered_cut_copper,Weathered Cut Copper,64,119562.0,265.0,9.0,1063.0,187500.0,9733333.0,192.0,3.0,152083.33,0.0,0.0,0.0,28125.0,32,32,,,,,,,,,,,,,,,,,,15,51724.0,18000.0,83333.0,1063.0,3,146875.0,1,18000.0,1788022831817,0,146875.0,tx_stack_med,119562.0,28125.0,,,28125.0,ah
105,oxidized_cut_copper,Oxidized Cut Copper,64,36612.0,4130.0,77.0,1000.0,106250.0,2404377.0,3904.0,61.0,37568.39,118056.0,412.0,10.0,31526.32,19,0,,,,,,,,,,,,,,,,,,15,43750.0,31526.0,124844.0,30000.0,9,124844.0,0,,1788010467689,0,124844.0,tx_stack_med,36612.0,31526.32,,,31526.32,ah
106,cut_copper_stairs,Cut Copper Stairs,64,11400.0,4035.0,69.0,1008.0,62500.0,735526.0,3712.0,58.0,11492.59,12051.0,522.0,10.0,15625.0,64,0,,,,,,,,,,,,,,,,,,15,12500.0,12500.0,14453.0,1149.0,12,12500.0,1,45000.0,1787998578040,0,12500.0,tx_stack_med,11400.0,11492.59,,,11492.59,ah
107,exposed_cut_copper_stairs,Exposed Cut Copper Stairs,64,129534.0,193.0,4.0,54688.0,279688.0,8300000.0,192.0,3.0,129687.5,223881.0,67.0,4.0,100000.0,1,0,,,,,,,,,,,,,,,,,,15,100000.0,50000.0,200000.0,22222.0,4,142969.0,8,100000.0,1788002908696,0,142969.0,tx_stack_med,100000.0,100000.0,,,100000.0,ah
108,weathered_cut_copper_stairs,Weathered Cut Copper Stairs,64,56911.0,123.0,3.0,22727.0,78125.0,5000000.0,64.0,1.0,78125.0,78125.0,64.0,1.0,78125.0,64,0,,,,,,,,,,,,,,,,,,15,75000.0,25000.0,618750.0,12500.0,3,78125.0,1,100000.0,1788002913814,0,78125.0,tx_stack_med,56911.0,75000.0,,,75000.0,ah
109,oxidized_cut_copper_stairs,Oxidized Cut Copper Stairs,64,1304592.0,550.0,40.0,4264.0,700000010.0,651434.0,384.0,6.0,10178.66,791425.0,129.0,9.0,6250000.0,16,0,,,,,,,,,,,,,,,,,,15,20582.0,18000.0,32000.0,2000.0,1,19141.0,8,22050.0,1788019018216,0,20582.0,tx_med,22050.0,10178.66,,,10178.66,ah
110,cut_copper_slab,Cut Copper Slab,64,6430.0,2180.0,38.0,781.0,30000.0,419600.0,1920.0,30.0,6556.25,8528.0,572.0,9.0,9375.0,64,0,,,,,,,,,,,,,,,,,,15,9375.0,6818.0,10938.0,16.13,9,10313.0,2,21000.0,1788022115752,0,10313.0,tx_stack_med,6430.0,6556.25,,,6556.25,ah
111,exposed_cut_copper_slab,Exposed Cut Copper Slab,64,0.0,0.0,0.0,0.0,0.0,0.0,0.0,0.0,,97273.0,66.0,3.0,10000.0,1,0,,,,,,,,,,,,,,,,,,7,100000.0,10000.0,300000.0,10000.0,2,120313.0,4,155000.0,1787947569531,0,100000.0,tx_med,155000.0,10000.0,,,10000.0,ah
112,weathered_cut_copper_slab,Weathered Cut Copper Slab,64,595263.0,76.0,4.0,120000.0,937500.0,0.0,0.0,0.0,,0.0,0.0,0.0,120000.0,1,0,,,,,,,,,,,,,,,,,,6,457621.0,120000.0,937500.0,120000.0,0,,3,120000.0,1787507860830,0,457621.0,tx_med,120000.0,120000.0,,,120000.0,ah
113,oxidized_cut_copper_slab,Oxidized Cut Copper Slab,64,61254.0,983.0,32.0,4688.0,703125.0,4427796.0,768.0,12.0,69184.31,1750000.0,2.0,1.0,1750000.0,2,0,,,,,,,,,,,,,,,,,,15,14453.0,10000.0,50000.0,6649.0,7,12172.0,2,55000.0,1787966028036,0,12172.0,tx_stack_med,61254.0,12172.0,,,12172.0,ah
114,waxed_copper_block,Waxed Block of Copper,64,3397.0,29434.0,601.0,125.0,149990.0,212230.0,25600.0,400.0,3316.09,3169.0,5465.0,126.0,3448.28,29,231,,,,,505.01,505.01,505.01,220,4,24.1,54,6250,,,1464.3,2,,15,3828.0,2969.0,7000.0,556.0,6,3398.0,5,7000.0,1788026351511,0,3398.0,tx_stack_med,7000.0,3316.09,505.01,finance_jun25,505.01,orders
115,waxed_exposed_copper,Waxed Exposed Copper,64,57034.0,118.0,4.0,1667.0,400000.0,4300000.0,64.0,1.0,67187.5,20000.0,2.0,1.0,20000.0,2,0,,,,,,,,,,,,,,,,,,15,171875.0,67188.0,187500.0,1667.0,1,67188.0,1,400000.0,1787947309029,0,171875.0,tx_med,57034.0,20000.0,,,20000.0,ah
116,waxed_weathered_copper,Waxed Weathered Copper,64,41578.0,6714.0,115.0,5000.0,90625.0,2649821.0,6400.0,100.0,41403.45,59312.0,545.0,10.0,19230.77,52,52,,,,,,,,,,,,,,,,,,15,60938.0,19231.0,77969.0,13838.0,11,75000.0,0,,1788025956415,0,75000.0,tx_stack_med,41578.0,19230.77,,,19230.77,ah
117,waxed_oxidized_copper,Waxed Oxidized Copper,64,5109.0,70111.0,1537.0,217.0,235000.0,299828.0,64960.0,1015.0,4684.81,3889.0,18343.0,387.0,7015.62,64,1386,,,,,,,,,,,,,,,,,,15,5938.0,1887.0,7016.0,1563.0,13,5938.0,0,,1788026348406,0,5938.0,tx_stack_med,5109.0,4684.81,,,4684.81,ah
118,waxed_chiseled_copper,Waxed Chiseled Copper,64,23050.0,2981.0,158.0,154.0,500000.0,697544.0,2048.0,32.0,10899.12,6398.0,532.0,12.0,100000.0,1,0,,,,,,,,,,,,,,,,,,15,6250.0,4545.0,31250.0,1923.0,7,5579.0,3,100000.0,1788013126111,0,5579.0,tx_stack_med,100000.0,5579.0,,,5579.0,ah
119,waxed_exposed_chiseled_copper,Waxed Exposed Chiseled Copper,64,30000.0,1.0,1.0,30000.0,30000.0,0.0,0.0,0.0,,0.0,0.0,0.0,30000.0,1,0,,,,,,,,,,,,,,,,,,7,33333.0,33000.0,106452.0,30000.0,0,,2,53500.0,1787519111237,0,33333.0,tx_med,30000.0,30000.0,,,30000.0,ah
120,waxed_weathered_chiseled_copper,Waxed Weathered Chiseled Copper,64,0.0,0.0,0.0,0.0,0.0,0.0,0.0,0.0,,0.0,0.0,0.0,0.0,1,0,,,,,,,,,,,,,,,,,,4,37292.0,25000.0,200000.0,20000.0,0,,1,200000.0,1781989463581,0,,,,,,,,
121,waxed_oxidized_chiseled_copper,Waxed Oxidized Chiseled Copper,64,16787.0,2067.0,39.0,48.0,250000.0,1152187.0,1856.0,29.0,18002.92,38477.0,237.0,7.0,4750.0,4,0,,,,,,,,,,,,,,,,,,15,14063.0,3469.0,54688.0,3125.0,10,8734.0,1,499999.0,1788016418236,0,8734.0,tx_stack_med,16787.0,4750.0,,,4750.0,ah
122,waxed_cut_copper,Waxed Cut Copper,64,25299.0,5504.0,123.0,638.0,20000000.0,721557.0,4544.0,71.0,11274.33,6589.0,1426.0,30.0,7812.5,64,0,,,,,,,,,,,,,,,,,,15,6349.0,3906.0,6563.0,2344.0,11,6531.0,0,,1788020928361,0,6531.0,tx_stack_med,25299.0,6349.0,,,6349.0,ah
123,waxed_exposed_cut_copper,Waxed Exposed Cut Copper,64,49900.0,3.0,3.0,49900.0,49900.0,0.0,0.0,0.0,,0.0,0.0,0.0,49900.0,1,0,,,,,,,,,,,,,,,,,,8,49900.0,49900.0,390625.0,10000.0,1,390625.0,5,49900.0,1787584796071,0,49900.0,tx_med,49900.0,49900.0,,,49900.0,ah
124,waxed_weathered_cut_copper,Waxed Weathered Cut Copper,64,89147.0,1806.0,30.0,15625.0,154688.0,5900000.0,1664.0,26.0,92187.5,125000.0,64.0,1.0,125000.0,64,0,,,,,,,,,,,,,,,,,,15,62500.0,62500.0,62500.0,39474.0,14,62500.0,0,,1787977061642,0,62500.0,tx_stack_med,89147.0,62500.0,,,62500.0,ah
125,waxed_oxidized_cut_copper,Waxed Oxidized Cut Copper,64,5614.0,25413.0,462.0,156.0,100000.0,352226.0,23296.0,364.0,5503.53,4695.0,5435.0,95.0,5742.02,64,213,,,,,,,,,,,,,,,,,,15,5469.0,5469.0,5469.0,3125.0,14,5469.0,0,,1788025849038,0,5469.0,tx_stack_med,5614.0,5469.0,,,5469.0,ah
126,waxed_cut_copper_stairs,Waxed Cut Copper Stairs,64,37459.0,3119.0,89.0,1587.0,1000000.0,2746069.0,2176.0,34.0,42907.33,22987.0,227.0,7.0,21047.41,64,64,,,,,,,,,,,,,,,,,,15,15625.0,15609.0,23438.0,1000.0,9,15625.0,0,,1788025131408,0,15625.0,tx_stack_med,37459.0,15625.0,,,15625.0,ah
127,waxed_exposed_cut_copper_stairs,Waxed Exposed Cut Copper Stairs,64,80464.0,388.0,12.0,30000.0,384615.0,4700000.0,320.0,5.0,73437.5,772222.0,9.0,2.0,50000.0,1,0,,,,,,,,,,,,,,,,,,15,54688.0,30000.0,156250.0,30000.0,5,54688.0,6,30000.0,1788008187961,0,54688.0,tx_stack_med,30000.0,50000.0,,,50000.0,ah
128,waxed_weathered_cut_copper_stairs,Waxed Weathered Cut Copper Stairs,64,61810.0,851.0,20.0,10000.0,1400000.0,3724167.0,768.0,12.0,58190.11,462799.0,593.0,11.0,60937.5,64,0,,,,,,,,,,,,,,,,,,15,31250.0,31250.0,60938.0,1163.0,11,31250.0,1,10000.0,1788008811532,0,31250.0,tx_stack_med,61810.0,31250.0,,,31250.0,ah
129,waxed_oxidized_cut_copper_stairs,Waxed Oxidized Cut Copper Stairs,64,7907.0,22659.0,391.0,109.0,10000000.0,473111.0,21184.0,331.0,7392.36,5745.0,5698.0,111.0,4687.5,64,467,,,,,,,,,,,,,,,,,,15,4688.0,4688.0,7578.0,2632.0,12,4688.0,2,60000.0,1788026176401,0,4688.0,tx_stack_med,7907.0,4687.5,,,4687.5,ah
130,waxed_cut_copper_slab,Waxed Cut Copper Slab,64,19060.0,986.0,50.0,2000.0,299000.0,1237296.0,768.0,12.0,19332.75,24888.0,179.0,7.0,46875.0,64,0,,,,,,,,,,,,,,,,,,15,13158.0,7000.0,30078.0,2857.0,5,30078.0,1,5000.0,1787978014781,0,30078.0,tx_stack_med,19060.0,13158.0,,,13158.0,ah
131,waxed_exposed_cut_copper_slab,Waxed Exposed Cut Copper Slab,64,132308.0,13.0,13.0,120000.0,200000.0,0.0,0.0,0.0,,102000.0,5.0,5.0,75000.0,1,0,,,,,,,,,,,,,,,,,,15,120000.0,120000.0,120000.0,75000.0,0,,15,120000.0,1788003171434,0,120000.0,tx_med,120000.0,75000.0,,,75000.0,ah
132,waxed_weathered_cut_copper_slab,Waxed Weathered Cut Copper Slab,64,56704.0,443.0,8.0,17241.0,120000.0,4000000.0,384.0,6.0,62500.0,64063.0,64.0,1.0,64062.5,64,0,,,,,,,,,,,,,,,,,,15,68750.0,60938.0,121951.0,4375.0,8,62500.0,1,120000.0,1788003035487,0,62500.0,tx_stack_med,56704.0,62500.0,,,62500.0,ah
133,waxed_oxidized_cut_copper_slab,Waxed Oxidized Cut Copper Slab,64,12741.0,5831.0,97.0,2344.0,93750.0,808254.0,5440.0,85.0,12628.97,11625.0,650.0,23.0,187500.0,4,4,,,,,,,,,,,,,,,,,,15,50000.0,13000.0,50000.0,6094.0,3,6156.0,0,,1788023701033,0,6156.0,tx_stack_med,12741.0,6156.0,,,6156.0,ah
134,oak_log,Oak Log,64,632.0,292085.0,5428.0,273.0,100000.0,37669.0,274816.0,4294.0,588.58,751.0,77623.0,1521.0,1219.51,41,8552,,,,,85.06,96,85.06,20,37,33.4,60,343.75,,,,,,15,625.0,625.0,672.0,469.0,13,625.0,0,,1788025745160,0,625.0,tx_stack_med,632.0,588.58,85.06,finance_jun25,85.06,orders
135,spruce_log,Spruce Log,64,322.0,889378.0,15463.0,73.12,2000000.0,13342.0,854080.0,13345.0,208.47,272.0,337551.0,5547.0,337.5,64,20541,6900,72,80,1786488434,106,135.31,138,100,9,61.3,77,187.5,121.9,10,104.7,1,,15,328.0,192.0,328.0,136.0,13,328.0,0,,1788026202105,0,328.0,tx_stack_med,322.0,208.47,72,lootseller,72,orders
136,birch_log,Birch Log,64,848.0,73998.0,1399.0,63.01,166667.0,50975.0,68096.0,1064.0,796.48,822.0,19762.0,388.0,909.09,11,3084,,,,,160,180,180.5,101,23,58.5,75,2000,,,,,,15,859.0,859.0,859.0,781.0,13,859.0,0,,1788025545923,0,859.0,tx_stack_med,848.0,796.48,160,finance_jun25,160,orders
137,jungle_log,Jungle Log,64,1657.0,47753.0,1115.0,139.0,1000000.0,101989.0,42624.0,666.0,1593.58,1233.0,11021.0,211.0,1090.91,22,802,,,,,66,109.2,120,100,9,84.1,90,1328.13,,,,,,15,547.0,547.0,781.0,469.0,9,703.0,0,,1788025037577,0,703.0,tx_stack_med,1657.0,547.0,66,finance_jun25,66,orders
138,acacia_log,Acacia Log,64,3644.0,33522.0,609.0,253.0,250000.0,228659.0,31232.0,488.0,3572.8,2256.0,7003.0,133.0,937.5,16,144,,,,,142.5,155,142.5,100,32,47.8,69,937.5,,,,,,15,998.0,900.0,998.0,556.0,10,998.0,0,,1788025877848,0,998.0,tx_stack_med,3644.0,937.5,142.5,finance_jun25,142.5,orders
139,cherry_log,Cherry Log,64,1281.0,162749.0,2686.0,90.69,200000.0,80475.0,154752.0,2418.0,1257.42,1723.0,32155.0,543.0,1500.0,64,2641,,,,,128,128,150,106,9,52.6,72,1250,,,,,,15,1500.0,1500.0,1563.0,1500.0,14,1500.0,1,20000.0,1788026397529,0,1500.0,tx_stack_med,1281.0,1257.42,128,finance_jun25,128,orders
140,pale_oak_log,Pale Oak Log,64,914.0,298860.0,4735.0,103.0,50000.0,57636.0,293760.0,4590.0,900.56,1299.0,52940.0,867.0,781.25,64,5177,,,,,,,,,,,,,,,,,,15,781.0,781.0,781.0,781.0,15,781.0,0,,1788026647575,0,781.0,tx_stack_med,914.0,781.0,,,781.0,ah
141,dark_oak_log,Dark Oak Log,64,630.0,170443.0,2799.0,111.0,50000.0,38793.0,165952.0,2593.0,606.14,659.0,41097.0,713.0,312.5,64,4886,,,,,100,100,110,90,16,69.5,82,1531.25,,,,,,15,312.0,312.0,313.0,311.0,15,312.0,0,,1788025846343,0,312.0,tx_stack_med,630.0,312.0,100,finance_jun25,100,orders
142,mangrove_log,Mangrove Log,64,3784.0,69094.0,1379.0,455.0,200000.0,221656.0,64768.0,1012.0,3463.38,5841.0,12134.0,233.0,7812.5,64,1440,,,,,,,,,,,,,,,,,,15,3906.0,3750.0,4609.0,3748.0,15,3906.0,0,,1788025564138,0,3906.0,tx_stack_med,3784.0,3463.38,,,3463.38,ah
143,mangrove_roots,Mangrove Roots,64,46631.0,11572.0,300.0,2.0,6250000.0,3602962.0,9280.0,145.0,56296.28,767.0,2546.0,56.0,15000.0,2,220,,,,,,,,,,,,,,,,,,15,2500.0,1250.0,7500.0,281.0,4,1391.0,2,32625.0,1788025612140,0,1391.0,tx_stack_med,46631.0,1391.0,,,1391.0,ah
144,muddy_mangrove_roots,Muddy Mangrove Roots,64,2296.0,7567.0,224.0,85.71,500000.0,122177.0,5056.0,79.0,1909.02,1739.0,1474.0,33.0,1875.0,64,64,,,,,,,,,,,,,,,,,,15,1053.0,313.0,2000.0,281.0,6,297.0,2,7000.0,1788024878254,0,297.0,tx_stack_med,2296.0,297.0,,,297.0,ah
145,crimson_stem,Crimson Stem,64,2091.0,95429.0,1609.0,125.0,100000.0,131001.0,90432.0,1413.0,2046.89,1736.0,18120.0,296.0,2343.75,64,1363,,,,,,,,,,,,,,,,,,15,2344.0,2344.0,3125.0,2344.0,15,2344.0,0,,1788026587481,0,2344.0,tx_stack_med,2091.0,2046.89,,,2046.89,ah
146,warped_stem,Warped Stem,64,2488.0,145634.0,2384.0,286.0,199000.0,156315.0,141568.0,2212.0,2442.42,1726.0,34647.0,571.0,2187.5,64,3780,,,,,201,201,201,30.2,3,47.6,69,925.93,,,,,,15,2188.0,2188.0,2547.0,2172.0,15,2188.0,0,,1788026557459,0,2188.0,tx_stack_med,2488.0,2187.5,201,finance_jun25,201,orders
147,bamboo_block,Block of Bamboo,64,442.0,133218.0,2235.0,134.0,30000.0,27352.0,127296.0,1989.0,427.38,633.0,22659.0,480.0,333.33,36,984,10000,133,140,1788026208,15,15,15,10,5,61.3,77,468.75,,,,,,15,594.0,547.0,594.0,333.0,11,594.0,0,,1788025612163,0,594.0,tx_stack_med,442.0,333.33,133,lootseller,133,orders
148,stripped_oak_log,Stripped Oak Log,64,5393.0,40678.0,686.0,422.0,500000.0,346588.0,39296.0,614.0,5415.44,7832.0,6739.0,122.0,15625.0,64,147,,,,,,,,,,,,,,,,,,15,25000.0,4688.0,50000.0,781.0,12,23438.0,0,,1788026453986,0,23438.0,tx_stack_med,5393.0,5415.44,,,5415.44,ah
149,stripped_spruce_log,Stripped Spruce Log,64,2586.0,84906.0,1370.0,234.0,49750.0,165594.0,83456.0,1304.0,2587.41,2614.0,19615.0,326.0,2343.75,64,1472,,,,,,,,,,,,,,,,,,15,2344.0,2313.0,3891.0,781.0,15,2344.0,0,,1788026108942,0,2344.0,tx_stack_med,2586.0,2343.75,,,2343.75,ah
150,stripped_birch_log,Stripped Birch Log,64,5093.0,38798.0,660.0,139.0,156250.0,332600.0,36288.0,567.0,5196.88,8899.0,5254.0,91.0,5468.75,64,417,,,,,,,,130,3,,,,,,,,,15,5141.0,1923.0,5453.0,556.0,11,5453.0,0,,1788025708389,0,5453.0,tx_stack_med,5093.0,5141.0,,,5141.0,ah
151,stripped_jungle_log,Stripped Jungle Log,64,10575.0,6829.0,115.0,714.0,80000.0,687539.0,6528.0,102.0,10742.8,10827.0,1877.0,30.0,11808.0,64,120,,,,,,,,,,,,,,,,,,15,11364.0,7813.0,14844.0,7813.0,13,11808.0,0,,1788025211866,0,11808.0,tx_stack_med,10575.0,10742.8,,,10742.8,ah
152,stripped_acacia_log,Stripped Acacia Log,64,23781.0,3023.0,59.0,313.0,2800000.0,984523.0,2368.0,37.0,15383.17,7769.0,431.0,8.0,3920.0,64,128,,,,,,,,,,,,,,,,,,15,3920.0,2344.0,7813.0,400.0,10,4929.0,0,,1788025417432,0,4929.0,tx_stack_med,23781.0,3920.0,,,3920.0,ah
153,stripped_cherry_log,Stripped Cherry Log,64,5215.0,11538.0,252.0,780.0,70000.0,320238.0,10176.0,159.0,5003.72,5034.0,1009.0,21.0,4687.5,64,128,,,,,,,,,,,,,,,,,,15,4688.0,2586.0,5453.0,1000.0,9,4688.0,0,,1788024149500,0,4688.0,tx_stack_med,5215.0,4687.5,,,4687.5,ah
154,stripped_dark_oak_log,Stripped Dark Oak Log,64,7548.0,25009.0,400.0,462.0,125000.0,488321.0,24384.0,381.0,7630.02,7906.0,2487.0,55.0,7187.5,64,77,,,,,,,,,,,,,,,,,,15,7813.0,6016.0,7813.0,500.0,11,7813.0,1,25000.0,1788026555247,0,7813.0,tx_stack_med,7548.0,7187.5,,,7187.5,ah
155,stripped_pale_oak_log,Stripped Pale Oak Log,64,3931.0,56395.0,927.0,588.0,50000.0,251930.0,54336.0,849.0,3936.41,4115.0,18709.0,318.0,3906.25,64,2464,,,,,,,,,,,,,,,,,,15,6094.0,3906.0,6234.0,2778.0,11,6094.0,0,,1788026478832,0,6094.0,tx_stack_med,3931.0,3906.25,,,3906.25,ah
156,stripped_mangrove_log,Stripped Mangrove Log,64,10908.0,19183.0,316.0,926.0,30000.0,699120.0,18496.0,289.0,10923.75,30325.0,1588.0,36.0,6578.95,38,38,,,,,,,,,,,,,,,,,,15,62500.0,15686.0,62500.0,6579.0,4,23468.0,0,,1788023173793,0,23468.0,tx_stack_med,10908.0,6578.95,,,6578.95,ah
157,stripped_crimson_stem,Stripped Crimson Stem,64,7657.0,7331.0,119.0,234.0,85000.0,492149.0,6976.0,109.0,7689.83,7618.0,1044.0,19.0,5781.25,64,67,,,,,,,,,,,,,,,,,,15,6250.0,5417.0,9116.0,3855.0,11,5781.0,1,10000.0,1788024016630,0,5781.0,tx_stack_med,7657.0,5781.0,,,5781.0,ah
158,stripped_warped_stem,Stripped Warped Stem,64,25561.0,22867.0,407.0,556.0,1546875.0,1681652.0,21120.0,330.0,26275.81,12630.0,3841.0,69.0,12500.0,64,1089,,,,,,,,,,,,,,,,,,15,9375.0,7813.0,12500.0,1000.0,14,9459.0,1,1000.0,1788025897530,0,9459.0,tx_stack_med,25561.0,9375.0,,,9375.0,ah
159,stripped_oak_wood,Stripped Oak Wood,64,149686.0,10666.0,173.0,469.0,7796875.0,9814758.0,10368.0,162.0,153355.59,10479.0,2473.0,40.0,6125.0,64,320,,,,,167,175,175,167,4,97,98,7812,,,,,,15,8984.0,7422.0,15625.0,6125.0,15,8984.0,0,,1788023795156,0,8984.0,tx_stack_med,149686.0,6125.0,167,finance_jun25,167,orders
160,stripped_spruce_wood,Stripped Spruce Wood,64,10795.0,20328.0,348.0,350.0,312500.0,713588.0,19392.0,303.0,11149.81,9092.0,2942.0,52.0,7537.81,64,128,,,,,,,,,,,,,,,,,,15,3125.0,3125.0,7021.0,811.0,13,3125.0,0,,1788025979390,0,3125.0,tx_stack_med,10795.0,3125.0,,,3125.0,ah
161,stripped_birch_wood,Stripped Birch Wood,64,8446.0,9016.0,147.0,999.0,142857.0,537162.0,8768.0,137.0,8393.16,7496.0,1098.0,20.0,23437.5,64,296,,,,,,,,,,,,,,,,,,15,2344.0,2328.0,2732.0,2277.0,9,2344.0,5,2619.0,1788025617503,0,2344.0,tx_stack_med,2619.0,2344.0,,,2344.0,ah
162,stripped_jungle_wood,Stripped Jungle Wood,64,134630.0,1452.0,26.0,3969.0,2187500.0,11350975.0,1024.0,16.0,177358.98,54822.0,337.0,6.0,13541.67,48,0,,,,,,,,,,,,,,,,,,15,21277.0,10938.0,93750.0,4533.0,9,62500.0,1,450000.0,1788009347900,0,62500.0,tx_stack_med,134630.0,13541.67,,,13541.67,ah
163,stripped_acacia_wood,Stripped Acacia Wood,64,20445255.0,353.0,15.0,5000.0,7199999918.0,1380000.0,320.0,5.0,21562.5,0.0,0.0,0.0,6250.0,48,0,,,,,,,,,,,,,,,,,,15,25000.0,14063.0,72000.0,5000.0,4,15625.0,9,35000.0,1787892995076,0,15625.0,tx_stack_med,35000.0,6250.0,,,6250.0,ah
164,stripped_cherry_wood,Stripped Cherry Wood,64,13435.0,1604.0,28.0,5000.0,31250.0,837318.0,1408.0,22.0,13083.09,19119.0,319.0,5.0,23437.5,64,64,,,,,,,,,,,,,,,,,,15,6250.0,3968.0,13281.0,2000.0,9,6250.0,0,,1788025558637,0,6250.0,tx_stack_med,13435.0,6250.0,,,6250.0,ah
165,stripped_dark_oak_wood,Stripped Dark Oak Wood,64,160149.0,3976.0,66.0,1250.0,7796875.0,10928526.0,3648.0,57.0,170758.22,20412.0,619.0,10.0,19531.25,64,0,,,,,191,191,192,191,4,95.8,97,,,,,,,15,14844.0,13929.0,23256.0,12500.0,13,14844.0,0,,1788009711085,0,14844.0,tx_stack_med,160149.0,14844.0,191,finance_jun25,191,orders
166,stripped_pale_oak_wood,Stripped Pale Oak Wood,64,12510.0,13445.0,220.0,948.0,10000000.0,752874.0,12928.0,202.0,11763.66,17884.0,1934.0,32.0,10156.25,64,64,,,,,,,,,,,,,,,,,,15,14047.0,10824.0,15625.0,10156.0,13,10922.0,0,,1788023948245,0,10922.0,tx_stack_med,12510.0,10156.25,,,10156.25,ah
167,stripped_mangrove_wood,Stripped Mangrove Wood,64,26230.0,1770.0,32.0,231.0,83333.0,1555806.0,1472.0,23.0,24309.47,32986.0,588.0,12.0,140350.88,57,0,,,,,,,,,,,,,,,,,,15,15625.0,6000.0,66667.0,3105.0,9,15625.0,0,,1788014102256,0,15625.0,tx_stack_med,26230.0,15625.0,,,15625.0,ah
168,stripped_crimson_hyphae,Stripped Crimson Hyphae,64,24381.0,1413.0,24.0,1389.0,68750.0,1562500.0,1280.0,20.0,24414.06,37232.0,224.0,4.0,13781.25,64,0,,,,,,,,,,,,,,,,,,15,45156.0,13781.0,54688.0,4545.0,11,46875.0,0,,1788022141892,0,46875.0,tx_stack_med,24381.0,13781.25,,,13781.25,ah
169,stripped_warped_hyphae,Stripped Warped Hyphae,64,35006.0,3252.0,90.0,2977.0,333333.0,2296625.0,2752.0,43.0,35884.77,14692.0,751.0,13.0,23152.5,64,64,,,,,,,,,,,,,,,,,,15,15609.0,12500.0,18750.0,12500.0,14,15609.0,0,,1788026319310,0,15609.0,tx_stack_med,35006.0,15609.0,,,15609.0,ah
170,stripped_bamboo_block,Block of Stripped Bamboo,64,6505.0,7847.0,142.0,143.0,75000.0,404238.0,7424.0,116.0,6316.22,46130.0,2560.0,40.0,2343.75,64,384,,,,,,,,,,,,,,,,,,15,3125.0,3125.0,3125.0,3125.0,15,3125.0,0,,1788026384745,0,3125.0,tx_stack_med,6505.0,2343.75,,,2343.75,ah
171,oak_wood,Oak Wood,64,4925.0,27104.0,442.0,439.0,900000.0,307115.0,25664.0,401.0,4798.67,7986.0,5681.0,148.0,4838.71,62,318,,,,,50.9,50.9,200,23.44,20,19.1,51,,,,,,,15,3438.0,3125.0,3906.0,3125.0,14,3281.0,0,,1788026482453,0,3281.0,tx_stack_med,4925.0,3281.0,50.9,finance_jun25,50.9,orders
172,spruce_wood,Spruce Wood,64,2169.0,32882.0,527.0,109.0,52083.0,132074.0,31360.0,490.0,2063.66,2154.0,8021.0,133.0,1562.5,64,704,,,,,150,150,150,25,7,59.2,76,,,,,,,15,1563.0,1563.0,3125.0,1563.0,15,1563.0,0,,1788026638025,0,1563.0,tx_stack_med,2169.0,1562.5,150,finance_jun25,150,orders
173,birch_wood,Birch Wood,64,8630.0,4550.0,82.0,490.0,31250.0,555136.0,4224.0,66.0,8674.0,13156.0,836.0,26.0,1562.5,64,256,,,,,,,,,,,,,,,,,,15,1563.0,1563.0,1563.0,1563.0,14,1563.0,0,,1788026143997,0,1563.0,tx_stack_med,8630.0,1562.5,,,1562.5,ah
174,jungle_wood,Jungle Wood,64,5614.0,6352.0,115.0,625.0,166667.0,325537.0,5824.0,91.0,5086.52,8403.0,704.0,11.0,6566.34,64,0,,,,,,,,,,,,,,,,,,15,7813.0,4688.0,15574.0,4688.0,15,7813.0,0,,1787995369711,0,7813.0,tx_stack_med,5614.0,5086.52,,,5086.52,ah
175,acacia_wood,Acacia Wood,64,13865.0,2420.0,44.0,781.0,78125.0,914587.0,1984.0,31.0,14290.42,8453.0,1398.0,25.0,300.0,64,0,,,,,50,50,50,1,3,67.4,80,,,,,,,15,10000.0,7656.0,11719.0,200.0,10,7656.0,2,505000.0,1788026026994,0,7656.0,tx_stack_med,13865.0,300.0,50,finance_jun25,50,orders
176,cherry_wood,Cherry Wood,64,7060.0,9136.0,159.0,208.0,51563.0,448264.0,8256.0,129.0,7004.12,8457.0,1448.0,23.0,4687.5,64,192,,,,,,,,,,,,,,,,,,15,4688.0,1563.0,12500.0,1563.0,15,4688.0,0,,1788026131034,0,4688.0,tx_stack_med,7060.0,4687.5,,,4687.5,ah
177,pale_oak_wood,Pale Oak Wood,64,4915.0,8101.0,132.0,781.0,172414.0,228952.0,7616.0,119.0,3577.38,75884.0,804.0,14.0,3906.25,64,64,,,,,,,,,,,,,,,,,,15,7813.0,3578.0,31250.0,500.0,11,7813.0,0,,1788024320995,0,7813.0,tx_stack_med,4915.0,3577.38,,,3577.38,ah
178,dark_oak_wood,Dark Oak Wood,64,6603.0,5317.0,89.0,1000.0,15625.0,433187.0,4864.0,76.0,6768.55,16079.0,1679.0,27.0,1737.66,64,111,,,,,25,,25,5,4,0,0,,,,,,,15,15625.0,1738.0,23438.0,426.0,10,15625.0,0,,1788023709048,0,15625.0,tx_stack_med,6603.0,1737.66,25,finance_jun25,25,orders
179,mangrove_wood,Mangrove Wood,64,20072.0,7450.0,121.0,1563.0,2493750.0,788368.0,7104.0,111.0,12318.25,14219.0,4354.0,69.0,15468.75,64,0,,,,,,,,,,,,,,,,,,15,15469.0,15469.0,15469.0,14063.0,15,15469.0,0,,1788009510542,0,15469.0,tx_stack_med,20072.0,12318.25,,,12318.25,ah
180,crimson_hyphae,Crimson Hyphae,64,10738.0,17585.0,284.0,476.0,406250.0,699021.0,17088.0,267.0,10922.2,4883.0,3375.0,55.0,4687.5,64,217,,,,,800,800,801,267,5,51.4,71,,,,,,,15,4688.0,3125.0,4688.0,256.0,10,4688.0,0,,1788026582691,0,4688.0,tx_stack_med,10738.0,4687.5,800,finance_jun25,800,orders
181,warped_hyphae,Warped Hyphae,64,7955.0,12050.0,196.0,2286.0,170000.0,512187.0,11712.0,183.0,8002.92,7397.0,1949.0,31.0,15625.0,64,64,,,,,,,,,,,,,,,,,,15,10906.0,8594.0,10906.0,3125.0,15,10906.0,0,,1788024069836,0,10906.0,tx_stack_med,7955.0,8002.92,,,8002.92,ah
182,oak_leaves,Oak Leaves,64,725.0,317418.0,5161.0,128.0,42500.0,45281.0,302528.0,4727.0,707.52,638.0,91454.0,1495.0,468.75,64,11399,,,,,6,22,22,15,19,69,81,,,,,,,15,469.0,438.0,469.0,391.0,14,469.0,0,,1788026496308,0,469.0,tx_stack_med,725.0,468.75,6,finance_jun25,6,orders
183,spruce_leaves,Spruce Leaves,64,12746.0,52445.0,848.0,15.62,71250002.0,121554.0,49408.0,772.0,1899.28,663.0,17535.0,285.0,546.88,64,1080,,,,,,,,,,,,,,,,,,15,547.0,311.0,781.0,273.0,13,547.0,0,,1788025953824,0,547.0,tx_stack_med,12746.0,546.88,,,546.88,ah
184,birch_leaves,Birch Leaves,64,4628.0,14132.0,252.0,58.82,468750.0,326074.0,12096.0,189.0,5094.91,941.0,4340.0,79.0,294.12,51,0,,,,,,,,,,,,,,,,,,15,625.0,313.0,781.0,125.0,9,781.0,0,,1788019203640,0,781.0,tx_stack_med,4628.0,294.12,,,294.12,ah
185,jungle_leaves,Jungle Leaves,64,6915.0,28314.0,461.0,76.92,1562500.0,468245.0,26112.0,408.0,7316.33,3134.0,7978.0,160.0,3906.25,64,379,,,,,,,,,,,,,,,,,,15,827.0,391.0,3906.0,119.0,10,827.0,0,,1788025208379,0,827.0,tx_stack_med,6915.0,827.0,,,827.0,ah
186,acacia_leaves,Acacia Leaves,64,7571.0,3945.0,75.0,107.0,158000.0,486589.0,3584.0,56.0,7602.95,9890.0,1650.0,26.0,1562.5,64,101,,,,,,,,,,,,,,,,,,15,4688.0,1351.0,12500.0,167.0,11,12500.0,0,,1788025483731,0,12500.0,tx_stack_med,7571.0,1562.5,,,1562.5,ah
187,cherry_leaves,Cherry Leaves,64,1193.0,177129.0,2858.0,50.0,1000000.0,75351.0,170176.0,2659.0,1177.36,703.0,41908.0,704.0,1243.75,16,2010,,,,,1,12,12,1,3,98.7,99,,,,,,,15,469.0,469.0,469.0,469.0,13,469.0,0,,1788026578122,0,469.0,tx_stack_med,1193.0,469.0,1,finance_jun25,1,orders
188,dark_oak_leaves,Dark Oak Leaves,64,2696.0,37502.0,602.0,105.0,15625.0,173328.0,36416.0,569.0,2708.25,2372.0,7295.0,120.0,6250.0,64,480,,,,,150,170,170,51,11,41,65,781.25,,,,,,15,3120.0,1250.0,6250.0,1042.0,14,3115.0,0,,1788024785786,0,3115.0,tx_stack_med,2696.0,2708.25,150,finance_jun25,150,orders
189,pale_oak_leaves,Pale Oak Leaves,64,3081.0,64919.0,1068.0,156.0,154688.0,192909.0,61440.0,960.0,3014.2,2382.0,13700.0,221.0,6333.33,63,1241,,,,,,,,,,,,,,,,,,15,1923.0,1422.0,6250.0,1422.0,13,1422.0,0,,1788025656878,0,1422.0,tx_stack_med,3081.0,1422.0,,,1422.0,ah
190,mangrove_leaves,Mangrove Leaves,64,2776.0,23535.0,377.0,40.0,468750.0,176050.0,22400.0,350.0,2750.78,1175.0,4796.0,79.0,1234.22,64,64,,,,,,,,,,,,,,,,,,15,859.0,781.0,859.0,50.0,13,859.0,0,,1788024359558,0,859.0,tx_stack_med,2776.0,859.0,,,859.0,ah
191,azalea_leaves,Azalea Leaves,64,14623.0,54707.0,894.0,125.0,10156250.0,987890.0,51264.0,801.0,15435.78,1680.0,14203.0,234.0,1093.75,64,427,,,,,,,,,,,,,,,,,,15,438.0,313.0,625.0,200.0,12,453.0,0,,1788025833862,0,453.0,tx_stack_med,14623.0,438.0,,,438.0,ah
192,flowering_azalea_leaves,Flowering Azalea Leaves,64,8750.0,41910.0,1152.0,313.0,225000.0,512764.0,37120.0,580.0,8011.94,4230.0,11656.0,247.0,2678.57,56,479,,,,,251,251,252,220,5,78.7,87,,,,,,,15,1875.0,1328.0,2679.0,1094.0,9,1875.0,1,60000.0,1788026313971,0,1875.0,tx_stack_med,8750.0,1875.0,251,finance_jun25,251,orders
193,sponge,Sponge,64,292908.0,20495.0,2699.0,200000.0,700000.0,17818575.0,14784.0,231.0,278415.23,307269.0,5740.0,651.0,337999.99,1,213,337000,250000,300000,1788026208,,,,100000,23,,,,,,,,,15,339000.0,290469.0,357000.0,288000.0,1,290469.0,12,339000.0,1788026569167,0,339000.0,tx_med,339000.0,278415.23,250000,lootseller,250000,orders
194,wet_sponge,Wet Sponge,64,295042.0,1305.0,536.0,210000.0,900000.0,19358694.0,320.0,5.0,302479.59,339755.0,246.0,142.0,250000.0,4,14,299000,241000,250000,1788026208,283000,283000,283000,223000,21,4.4,43,,,,,,,15,350000.0,320000.0,350000.0,250000.0,0,,12,350000.0,1788025338616,0,350000.0,tx_med,350000.0,250000.0,241000,lootseller,241000,orders
195,glass,Glass,64,768.0,806810.0,17610.0,292.0,781250.0,46036.0,667200.0,10425.0,719.31,658.0,254543.0,5049.0,1000.0,64,12670,,,,,280,280,319.5,200,32,39.5,64,3625,,,,,,15,688.0,688.0,703.0,688.0,15,688.0,0,,1788026711826,0,688.0,tx_stack_med,768.0,688.0,280,finance_jun25,280,orders
196,tinted_glass,Tinted Glass,64,2686.0,119018.0,2035.0,714.0,300000.0,166640.0,111296.0,1739.0,2603.75,2618.0,29790.0,497.0,1718.75,64,1278,,,,,122,122,301,122,6,79.8,88,3846.15,,,,,,15,1528.0,1528.0,1719.0,1528.0,15,1528.0,0,,1788026703759,0,1528.0,tx_stack_med,2686.0,1528.0,122,finance_jun25,122,orders
197,lapis_block,Block of Lapis Lazuli,64,4092.0,96025.0,2051.0,463.0,259000.0,246105.0,88768.0,1387.0,3845.39,3279.0,33174.0,619.0,1875.0,64,3160,45000,700,1000,1788026208,269,269,269,110,6,57.2,74,,,,,,,15,1875.0,1875.0,2031.0,1875.0,14,1875.0,0,,1788026281735,0,1875.0,tx_stack_med,4092.0,1875.0,700,lootseller,700,orders
198,sandstone,Sandstone,64,581.0,200334.0,3249.0,20.93,35000.0,37309.0,191616.0,2994.0,582.95,436.0,44875.0,732.0,312.5,64,4124,,,,,,,,,,,,,,,,,,15,313.0,234.0,391.0,156.0,15,313.0,0,,1788026579234,0,313.0,tx_stack_med,581.0,312.5,,,312.5,ah
199,chiseled_sandstone,Chiseled Sandstone,64,3081.0,18855.0,302.0,78.12,23438.0,194743.0,18048.0,282.0,3042.86,5038.0,3481.0,55.0,2931.03,58,58,,,,,,,,,,,,,,,,,,15,2931.0,1563.0,3125.0,1511.0,13,1563.0,0,,1788026420170,0,1563.0,tx_stack_med,3081.0,1563.0,,,1563.0,ah
200,cut_sandstone,Cut Sandstone,64,2838.0,29015.0,477.0,31.25,76563.0,180660.0,28032.0,438.0,2822.81,2454.0,5107.0,83.0,7812.5,64,484,,,,,,,,,,,,,,,,,,15,5556.0,781.0,7797.0,62.5,13,7781.0,0,,1788026621888,0,7781.0,tx_stack_med,2838.0,2822.81,,,2822.81,ah
201,cobweb,Cobweb,64,5553.0,95898.0,3002.0,1600.0,900000.0,316610.0,80384.0,1256.0,4947.03,5410.0,25889.0,752.0,3125.0,64,1758,,,,,500,500,1200,1000,11,21.6,53,40000,,,,,,15,3906.0,3125.0,25000.0,3125.0,8,3125.0,5,45000.0,1788026550447,0,3125.0,tx_stack_med,45000.0,3125.0,500,finance_jun25,500,orders
202,short_grass,Short Grass,64,2550.0,16230.0,488.0,15.62,800000.0,116403.0,13632.0,213.0,1818.8,3338.0,2867.0,79.0,1015.62,64,262,,,,,,,,,,,,,,,,,,15,938.0,781.0,2000.0,300.0,9,938.0,0,,1788025820662,0,938.0,tx_stack_med,2550.0,938.0,,,938.0,ah
203,fern,Fern,64,1468.0,14193.0,562.0,31.25,100000.0,67933.0,10368.0,162.0,1061.45,1404.0,4664.0,110.0,909.09,55,366,,,,,,,,,,,,,,,,,,15,781.0,417.0,781.0,19.61,9,781.0,0,,1788026274997,0,781.0,tx_stack_med,1468.0,781.0,,,781.0,ah
204,bush,Bush,64,24921.0,442.0,10.0,1222.0,68182.0,1200000.0,320.0,5.0,18750.0,23077.0,65.0,2.0,10937.5,64,64,2400000,51,51,1785279600,,,,,,,,,,,,,,15,31250.0,10938.0,1000000.0,4688.0,6,9375.0,5,1000000.0,1788025354058,0,9375.0,tx_stack_med,1000000.0,9375.0,51,lootseller,51,orders
205,azalea,Azalea,64,704.0,13870.0,358.0,39.06,90000.0,33455.0,11712.0,183.0,522.73,586.0,3404.0,83.0,172.41,58,74,,,,,,,,,,,,,,,,,,15,500.0,200.0,5000.0,67.0,3,734.0,7,5000.0,1788024766117,0,734.0,tx_stack_med,5000.0,172.41,,,172.41,ah
206,flowering_azalea,Flowering Azalea,64,2109.0,27182.0,873.0,29.41,500000.0,84055.0,23744.0,371.0,1313.36,937.0,7840.0,248.0,10000.0,1,130,,,,,,,,,,,,,,,,,,15,15000.0,8333.0,18000.0,21.74,1,625.0,10,17000.0,1788025823716,0,15000.0,tx_med,17000.0,1313.36,,,1313.36,ah
207,dead_bush,Dead Bush,64,3392.0,8158.0,213.0,138.0,200000.0,187916.0,6848.0,107.0,2936.19,3991.0,2465.0,59.0,50000.0,1,22,,,,,,,,,,,,,,,12857.1,2,,15,1866.0,1377.0,45000.0,781.0,8,1470.0,4,50000.0,1788026278511,0,1470.0,tx_stack_med,50000.0,1470.0,,,1470.0,ah
208,firefly_bush,Firefly Bush,64,3001.0,7632.0,129.0,156.0,999000.0,173070.0,7296.0,114.0,2704.22,14744.0,1193.0,28.0,23437.5,64,0,,,,,,,,,,,,,,,,,,15,31250.0,3109.0,200000.0,3109.0,8,4680.0,6,200000.0,1788018017330,0,4680.0,tx_stack_med,200000.0,2704.22,,,2704.22,ah
209,short_dry_grass,Short Dry Grass,64,1430.0,2877.0,75.0,143.0,100000.0,69091.0,2112.0,33.0,1079.55,1752.0,391.0,11.0,25000.0,4,0,800000000,500,500,1785279600,,,,,,,,,,,,,,15,6250.0,1289.0,25000.0,766.0,4,1164.0,3,40000.0,1788008657891,0,1164.0,tx_stack_med,40000.0,1079.55,500,lootseller,500,orders
210,tall_dry_grass,Tall Dry Grass,64,1928.0,15809.0,403.0,156.0,150000.0,91731.0,14080.0,220.0,1433.3,1217.0,2570.0,60.0,2343.75,64,192,150000,28,1000,1785279600,,,,,,,,,,,,,,15,2344.0,625.0,10000.0,619.0,7,781.0,6,10000.0,1788025568507,0,781.0,tx_stack_med,10000.0,781.0,28,lootseller,28,orders
211,seagrass,Seagrass,64,1092.0,188138.0,3019.0,78.12,1000000.0,68966.0,183616.0,2869.0,1077.59,1415.0,35404.0,577.0,1093.75,64,3835,,,,,10,11,11,3.6,8,88.4,93,,,,,,,15,1078.0,1078.0,1078.0,1078.0,15,1078.0,0,,1788025944265,0,1078.0,tx_stack_med,1092.0,1077.59,10,finance_jun25,10,orders
212,sea_pickle,Sea Pickle,64,166.0,369936.0,5945.0,12.5,125000.0,9882.0,359232.0,5613.0,154.41,125.0,96638.0,1541.0,156.25,64,10210,,,,,3,4,4,1,11,90.4,94,,,,,,,15,156.0,62.5,156.0,62.5,15,156.0,0,,1788025550600,0,156.0,tx_stack_med,166.0,154.41,3,finance_jun25,3,orders
213,white_wool,White Wool,64,1391.0,274007.0,5798.0,469.0,116000.0,80584.0,247424.0,3866.0,1259.12,1638.0,84290.0,1680.0,1562.5,64,7732,,,,,103,103,150,50,21,16.9,50,1062.5,,,,,,15,1563.0,1563.0,1563.0,1563.0,15,1563.0,0,,1788026020717,0,1563.0,tx_stack_med,1391.0,1259.12,103,finance_jun25,103,orders
214,orange_wool,Orange Wool,64,4426.0,49881.0,909.0,256.0,75000.0,276029.0,48640.0,760.0,4312.95,3383.0,7495.0,123.0,6093.75,64,960,,,,,,,,,,,,,,,,,,15,5375.0,5375.0,6094.0,4688.0,14,5375.0,0,,1788026464767,0,5375.0,tx_stack_med,4426.0,4312.95,,,4312.95,ah
215,magenta_wool,Magenta Wool,64,2397.0,50126.0,817.0,156.0,234375.0,152769.0,49216.0,769.0,2387.02,1790.0,9370.0,153.0,1843.44,32,2596,,,,,,,,,,,,,,,,,,15,1843.0,1843.0,1843.0,1563.0,1,1563.0,0,,1788026527024,0,1843.0,tx_med,2397.0,1843.0,,,1843.0,ah
216,light_blue_wool,Light Blue Wool,64,5885.0,79277.0,1277.0,313.0,1560937.0,380126.0,77184.0,1206.0,5939.47,4964.0,10971.0,203.0,3215.0,16,1088,,,,,,,,,,,,,,,,,,15,6563.0,6250.0,6641.0,3215.0,13,6563.0,0,,1788026605080,0,6563.0,tx_stack_med,5885.0,3215.0,,,3215.0,ah
217,yellow_wool,Yellow Wool,64,2999.0,63047.0,1041.0,400.0,150000.0,191306.0,61184.0,956.0,2989.16,2806.0,19008.0,307.0,14062.5,64,872,,,,,,,,,,,,,,,,,,15,5469.0,4375.0,12500.0,3734.0,14,6641.0,0,,1788025513573,0,6641.0,tx_stack_med,2999.0,2989.16,,,2989.16,ah
218,lime_wool,Lime Wool,64,3935.0,56047.0,912.0,281.0,100000.0,250520.0,54976.0,859.0,3914.38,3445.0,13910.0,219.0,3125.0,64,255,,,,,,,,,,,,,,,,,,15,3125.0,3016.0,3125.0,2813.0,11,3125.0,2,12000.0,1788024348936,0,3125.0,tx_stack_med,3935.0,3125.0,,,3125.0,ah
219,pink_wool,Pink Wool,64,2369.0,64510.0,1099.0,391.0,1000000.0,143280.0,61504.0,961.0,2238.75,9803.0,15472.0,277.0,1546.88,64,576,,,,,160,160,160,100,9,67.2,80,5000,,,,,,15,2188.0,1547.0,3047.0,1547.0,15,2188.0,0,,1788026636043,0,2188.0,tx_stack_med,2369.0,1546.88,160,finance_jun25,160,orders
220,gray_wool,Gray Wool,64,3804.0,97253.0,1632.0,703.0,100000.0,240729.0,95232.0,1488.0,3761.39,2665.0,17431.0,322.0,3125.0,64,2434,,,,,501.1,501.1,501.1,50,3,32.9,60,,,,,,,15,3109.0,2344.0,3125.0,2344.0,15,3109.0,0,,1788026627893,0,3109.0,tx_stack_med,3804.0,3109.0,501.1,finance_jun25,501.1,orders
221,light_gray_wool,Light Gray Wool,64,4560.0,60397.0,1356.0,833.0,100000.0,289261.0,57984.0,906.0,4519.7,2781.0,7536.0,366.0,1875.0,64,1775,,,,,,,,,,,,,,,,,,15,1875.0,1875.0,2000.0,1875.0,11,1875.0,4,2000.0,1788026128283,0,1875.0,tx_stack_med,2000.0,1875.0,,,1875.0,ah
222,cyan_wool,Cyan Wool,64,4351.0,34651.0,561.0,682.0,100000.0,279477.0,33792.0,528.0,4366.83,4082.0,7542.0,122.0,2343.75,64,1662,,,,,,,,,,,,,,,,,,15,3906.0,2344.0,6250.0,1613.0,14,3906.0,0,,1788026523075,0,3906.0,tx_stack_med,4351.0,2343.75,,,2343.75,ah
223,purple_wool,Purple Wool,64,3199.0,48764.0,804.0,391.0,70000.0,201425.0,46784.0,731.0,3147.27,3234.0,11605.0,218.0,10000.0,1,794,,,,,,,,,,,,,,,,,,15,3031.0,2980.0,3031.0,2980.0,7,3031.0,8,2980.0,1788025869496,0,3031.0,tx_stack_med,2980.0,3031.0,,,3031.0,ah
224,blue_wool,Blue Wool,64,4780.0,66517.0,1139.0,625.0,1560937.0,303391.0,63424.0,991.0,4740.48,3454.0,12136.0,198.0,4687.5,64,768,,,,,70,70,71,70,5,65.5,79,1234.38,,,,,,15,4688.0,4688.0,4688.0,4500.0,15,4688.0,0,,1788026576731,0,4688.0,tx_stack_med,4780.0,4687.5,70,finance_jun25,70,orders
225,brown_wool,Brown Wool,64,4637.0,35931.0,621.0,500.0,125000.0,293520.0,35136.0,549.0,4586.25,4067.0,10952.0,190.0,12109.38,64,577,,,,,,,,,,,,,,,,,,15,5000.0,4688.0,12109.0,781.0,12,5469.0,2,15500.0,1788025807092,0,5469.0,tx_stack_med,4637.0,4586.25,,,4586.25,ah
226,green_wool,Green Wool,64,5919.0,67024.0,1118.0,151.0,1560937.0,385949.0,64192.0,1003.0,6030.45,2682.0,14762.0,251.0,2343.75,64,1536,,,,,501.1,501.1,501.1,52,3,38.4,63,1546.88,,,,,,15,1563.0,1563.0,1563.0,1563.0,15,1563.0,0,,1788026610646,0,1563.0,tx_stack_med,5919.0,1563.0,501.1,finance_jun25,501.1,orders
227,red_wool,Red Wool,64,3004.0,131282.0,2125.0,781.0,4999999.0,188382.0,127296.0,1989.0,2943.47,2589.0,30248.0,507.0,3906.25,64,1872,,,,,,,,,,,,,,,,,,15,3906.0,3891.0,4656.0,3750.0,15,3906.0,0,,1788026708773,0,3906.0,tx_stack_med,3004.0,2943.47,,,2943.47,ah
228,black_wool,Black Wool,64,1721.0,183946.0,3041.0,321.0,119000.0,107878.0,180544.0,2821.0,1685.59,1806.0,50287.0,820.0,1703.12,64,2979,,,,,30,110,210,30,8,56.9,74,,,,,,,15,2969.0,1703.0,7797.0,1672.0,15,2969.0,0,,1788025518028,0,2969.0,tx_stack_med,1721.0,1685.59,30,finance_jun25,30,orders
229,dandelion,Dandelion,64,2184.0,18316.0,616.0,8.33,10000000.0,60409.0,15808.0,247.0,943.89,1021.0,4765.0,135.0,20000.0,1,255,,,,,,,,,,,,,,,,,,15,781.0,438.0,10000.0,167.0,5,781.0,6,15000.0,1788026478337,0,781.0,tx_stack_med,15000.0,781.0,,,781.0,ah
230,open_eyeblossom,Open Eyeblossom,64,38939.0,791.0,144.0,333.0,398000.0,1823625.0,512.0,8.0,28494.14,10165.0,321.0,27.0,9523.81,21,21,,,,,,,,,,,,,,,,,,15,40000.0,35000.0,80000.0,4651.0,1,5703.0,12,60000.0,1788023874116,0,40000.0,tx_med,60000.0,9523.81,,,9523.81,ah
231,closed_eyeblossom,Closed Eyeblossom,64,4747.0,2621.0,65.0,794.0,400000.0,208858.0,2304.0,36.0,3263.41,9987.0,226.0,11.0,189000.0,1,0,,,,,,,,,,,,,,,,,,15,80000.0,6250.0,100000.0,93.75,4,6250.0,8,100000.0,1788012981769,0,6250.0,tx_stack_med,100000.0,3263.41,,,3263.41,ah
232,poppy,Poppy,64,2979.0,42961.0,991.0,25.0,70000000.0,62290.0,40704.0,636.0,973.28,1403.0,7551.0,199.0,100000.0,1,491,,,,,,,,2.51,3,,,,,,,,,15,1219.0,1000.0,1327.0,333.0,6,1219.0,4,50500.0,1788025705770,0,1219.0,tx_stack_med,50500.0,973.28,,,973.28,ah
233,blue_orchid,Blue Orchid,64,2352.0,33029.0,576.0,222.0,10000000.0,114382.0,31104.0,486.0,1787.22,2273.0,5597.0,96.0,2343.75,64,329,,,,,,,,,,,,,,,,,,15,2969.0,2344.0,3125.0,1875.0,12,2891.0,1,45000.0,1788025673950,0,2891.0,tx_stack_med,2352.0,1787.22,,,1787.22,ah
234,allium,Allium,64,9458.0,5157.0,184.0,50.0,666667.0,143790.0,3776.0,59.0,2246.72,7162.0,2512.0,69.0,30000.0,1,2,,,,,1,1,1,1,3,0.1,1,,,,,,,15,1000.0,1000.0,3125.0,500.0,2,2344.0,5,1000.0,1788024730662,0,1000.0,tx_med,1000.0,1000.0,1,finance_jun25,1,orders
235,azure_bluet,Azure Bluet,64,3248.0,5219.0,230.0,60.5,3000000.0,114696.0,4032.0,63.0,1792.12,1946.0,737.0,40.0,1282.05,39,154,,,,,1,,1,1,5,0,0,,,,,,,15,1250.0,781.0,5000.0,156.0,4,1133.0,5,20000.0,1788026510438,0,1133.0,tx_stack_med,20000.0,1133.0,1,finance_jun25,1,orders
236,red_tulip,Red Tulip,64,3684.0,5428.0,178.0,172.0,1000000.0,167563.0,4544.0,71.0,2618.17,2771.0,1058.0,46.0,25000.0,1,4,,,,,,,,,,,,,,,,,,15,45000.0,1816.0,50000.0,1563.0,2,1639.0,11,50000.0,1788026141979,0,45000.0,tx_med,50000.0,2618.17,,,2618.17,ah
237,orange_tulip,Orange Tulip,64,3834.0,5500.0,216.0,95.23,100000.0,179279.0,4416.0,69.0,2801.23,1982.0,1574.0,49.0,100000.0,1,145,,,,,,,,,,,,,,,,,,15,1563.0,781.0,5000.0,90.91,7,1094.0,4,42000.0,1788024952965,0,1094.0,tx_stack_med,42000.0,1094.0,,,1094.0,ah
238,white_tulip,White Tulip,64,3337.0,5486.0,202.0,133.0,95000.0,202189.0,4096.0,64.0,3159.2,4859.0,1176.0,50.0,1562.5,64,218,,,,,,,,,,,,,,,,,,15,2000.0,1094.0,4609.0,40.82,7,1563.0,4,23500.0,1788025306241,0,1563.0,tx_stack_med,23500.0,1562.5,,,1562.5,ah
239,pink_tulip,Pink Tulip,64,3211.0,4809.0,178.0,143.0,198000.0,177974.0,3520.0,55.0,2780.84,3732.0,923.0,37.0,4545.45,22,0,,,,,46.2,60.1,60.1,46.2,3,80.6,88,,,,,,,15,45000.0,4625.0,50000.0,3000.0,2,4617.0,8,50000.0,1788026440341,0,45000.0,tx_med,50000.0,2780.84,46.2,finance_jun25,46.2,orders
240,oxeye_daisy,Oxeye Daisy,64,21060.0,2641.0,221.0,31.25,8000000.0,663625.0,1536.0,24.0,10369.14,5591.0,1037.0,54.0,3124.98,64,72,,,,,,,,2,3,,,,,,,,,15,4531.0,3333.0,10000.0,1111.0,6,4523.0,5,20000.0,1788025097500,0,4523.0,tx_stack_med,20000.0,3124.98,,,3124.98,ah
241,cornflower,Cornflower,64,10340.0,9960.0,592.0,46.87,500000.0,329545.0,7296.0,114.0,5149.14,4387.0,3576.0,153.0,14285.71,14,215,,,,,1,1,9,7,3,3.5,5,,,,,,,15,24000.0,4636.0,39000.0,3855.0,4,4170.0,9,39000.0,1788025080122,0,4170.0,tx_stack_med,39000.0,4170.0,1,finance_jun25,1,orders
242,lily_of_the_valley,Lily of the Valley,64,12579.0,1583.0,259.0,33.33,500000.0,350000.0,128.0,2.0,5468.75,6300.0,489.0,43.0,30000.0,1,11,,,,,,,,10,3,,,,,,,,,15,30000.0,2000.0,39000.0,133.0,1,3906.0,8,39000.0,1788025996723,0,30000.0,tx_med,39000.0,30000.0,,,30000.0,ah
243,wither_rose,Wither Rose,64,3894.0,27363.0,967.0,159.0,150000.0,203945.0,24960.0,390.0,3186.64,3494.0,4500.0,183.0,30000.0,1,94,,,,,1,1,2,1,6,84.7,91,,,,,,,15,30000.0,20000.0,40000.0,909.0,1,2891.0,12,37500.0,1788025528323,0,30000.0,tx_med,37500.0,3186.64,1,finance_jun25,1,orders
244,torchflower,Torchflower,64,27942.0,4924.0,428.0,3750.0,1000000.0,1295755.0,3392.0,53.0,20246.17,22175.0,1278.0,71.0,1500.0,2,2,,,,,,,,3000,4,,,50000,,,,,,15,97000.0,12500.0,400000.0,1500.0,3,12500.0,8,375000.0,1788023990764,0,12500.0,tx_stack_med,375000.0,1500.0,,,1500.0,ah
245,pitcher_plant,Pitcher Plant,64,12526.0,1550.0,174.0,2344.0,250000.0,326046.0,1024.0,16.0,5094.47,22492.0,208.0,39.0,20000.0,1,0,,,,,,,,,,,,,,,,,,15,69000.0,25000.0,70000.0,20000.0,0,,13,70000.0,1788026154726,0,69000.0,tx_med,70000.0,5094.47,,,5094.47,ah
246,spore_blossom,Spore Blossom,64,52999.0,3639.0,571.0,3000.0,600000.0,2865032.0,2432.0,38.0,44766.12,37140.0,611.0,118.0,87500.0,2,50,,,,,,,,3000,6,,,50000,,,80000.0,1,,15,70000.0,69000.0,99000.0,15556.0,0,,13,70000.0,1788026118608,0,70000.0,tx_med,70000.0,44766.12,,,44766.12,ah
247,brown_mushroom,Brown Mushroom,64,1794.0,32223.0,1172.0,363.0,40000.0,108989.0,24512.0,383.0,1702.95,1784.0,5298.0,199.0,4000.0,1,400,,,,,10,10,20,10,6,8.1,15,,,,90909090.9,1,,15,4000.0,761.0,4000.0,391.0,3,469.0,7,4000.0,1788026365204,0,469.0,tx_stack_med,4000.0,469.0,10,finance_jun25,10,orders
248,red_mushroom,Red Mushroom,64,1268.0,6243.0,302.0,18.75,30000.0,72456.0,3072.0,48.0,1132.12,1917.0,819.0,74.0,781.25,64,82,,,,,,,,,,,,,,,,,,15,800.0,250.0,10000.0,222.0,1,781.0,6,10000.0,1788026482349,0,800.0,tx_med,10000.0,781.25,,,781.25,ah
249,crimson_fungus,Crimson Fungus,64,359.0,18329.0,330.0,15.62,1000000.0,16080.0,17152.0,268.0,251.25,283.0,3410.0,57.0,333.33,21,149,,,,,,,,,,,,,,,,,,15,333.0,156.0,375.0,46.88,13,312.0,0,,1788025292113,0,312.0,tx_stack_med,359.0,251.25,,,251.25,ah
250,warped_fungus,Warped Fungus,64,1732.0,22268.0,487.0,46.87,1000000.0,88844.0,19584.0,306.0,1388.19,1052.0,6228.0,111.0,625.0,64,576,,,,,,,,,,,,,,,,,,15,625.0,625.0,625.0,9.0,12,625.0,2,20005.0,1788026257741,0,625.0,tx_stack_med,1732.0,625.0,,,625.0,ah
251,crimson_roots,Crimson Roots,64,96.03,48102.0,781.0,7.81,1000000.0,4624.0,46592.0,728.0,72.25,100.0,5004.0,83.0,140.62,64,192,,,,,,,,,,,,,,,,,,15,62.5,46.88,78.13,46.88,13,62.5,1,50.0,1788026311585,0,62.5,tx_stack_med,96.03,62.5,,,62.5,ah
252,warped_roots,Warped Roots,64,226.0,13786.0,246.0,5.0,10000.0,13111.0,12288.0,192.0,204.86,305.0,1520.0,29.0,78.12,64,192,,,,,,,,2,3,,,,,,,,,15,156.0,78.13,188.0,78.13,11,93.75,2,15000.0,1788026450210,0,93.75,tx_stack_med,226.0,78.12,,,78.12,ah
253,nether_sprouts,Nether Sprouts,64,790362.0,47.0,4.0,7813.0,28000000.0,0.0,0.0,0.0,,0.0,0.0,0.0,5000000.0,1,0,,,,,,,,,,,,,,,,,,15,615385.0,3000.0,897000.0,3000.0,0,,11,870000.0,1787903839777,0,615385.0,tx_med,870000.0,615385.0,,,615385.0,ah
254,weeping_vines,Weeping Vines,64,1874.0,18828.0,335.0,90.9,70000.0,118895.0,17920.0,280.0,1857.73,4225.0,2281.0,43.0,4687.5,64,128,,,,,,,,,,,,,,,,,,15,4688.0,1639.0,7000.0,234.0,8,5469.0,0,,1788026163533,0,5469.0,tx_stack_med,1874.0,1857.73,,,1857.73,ah
255,twisting_vines,Twisting Vines,64,3774.0,19421.0,379.0,16.66,470588.0,162503.0,16960.0,265.0,2539.11,4240.0,2735.0,66.0,3750.0,64,128,,,,,,,,,,,,,,,,,,15,3390.0,3125.0,3750.0,1429.0,9,3125.0,1,400000.0,1788026472089,0,3125.0,tx_stack_med,3774.0,2539.11,,,2539.11,ah
256,sugar_cane,Sugar Cane,64,350.0,467440.0,8684.0,141.0,500000.0,19160.0,424832.0,6638.0,299.38,370.0,137160.0,2657.0,546.88,64,10697,,,,,51,77.4,84.1,40,46,51.7,71,203.13,,,,,,15,810.0,547.0,1563.0,227.0,11,1250.0,0,,1788025637993,0,1250.0,tx_stack_med,350.0,299.38,51,finance_jun25,51,orders
257,kelp,Kelp,64,152.0,712574.0,11651.0,46.87,1000000.0,8868.0,687168.0,10737.0,138.56,151.0,201200.0,3351.0,156.25,64,22827,,,,,,,,,,,,,,,,,,15,156.0,156.0,156.0,156.0,14,156.0,0,,1788026711789,0,156.0,tx_stack_med,152.0,138.56,,,138.56,ah
258,pink_petals,Pink Petals,64,281.0,108244.0,1779.0,16.12,20000.0,17457.0,103424.0,1616.0,272.77,286.0,19535.0,328.0,390.62,64,734,14000,6,10,1788026208,1,,1,1,3,0,0,,,,,,10,15,297.0,156.0,313.0,78.13,12,305.0,0,,1788025458945,0,305.0,tx_stack_med,281.0,272.77,6,lootseller,6,orders
259,wildflowers,Wildflowers,64,9930.0,2269.0,48.0,78.12,5000000.0,313897.0,1856.0,29.0,4904.64,4859.0,817.0,14.0,1562.5,64,64,,,,,,,,,,,,,,,,,10,15,2344.0,1563.0,7734.0,66.67,10,2258.0,0,,1788024920743,0,2258.0,tx_stack_med,9930.0,1562.5,,,1562.5,ah
260,leaf_litter,Leaf Litter,64,22695.0,5206.0,97.0,20.0,25000000.0,722666.0,4544.0,71.0,11291.66,7527.0,1450.0,25.0,1560.94,64,313,1500000,20,2000,1785279600,,,,,,,,,,,,,,15,1563.0,1561.0,10922.0,1430.0,12,1563.0,0,,1788025586778,0,1563.0,tx_stack_med,22695.0,1560.94,20,lootseller,20,orders
261,moss_carpet,Moss Carpet,64,662.0,208747.0,3404.0,14.06,500000.0,39877.0,200256.0,3129.0,623.08,574.0,57872.0,956.0,468.75,64,8312,,,,,,,,2.5,3,,,,,,,,,15,469.0,469.0,469.0,469.0,14,469.0,0,,1788026096382,0,469.0,tx_stack_med,662.0,468.75,,,468.75,ah
262,moss_block,Moss Block,64,249.0,494994.0,7930.0,31.25,3000000.0,14434.0,484480.0,7570.0,225.53,359.0,131883.0,2168.0,2500.0,4,6375,,,,,8.1,8.1,9,2.21,10,47.5,69,,,,,,,15,448.0,187.0,547.0,183.0,13,188.0,0,,1788026482603,0,188.0,tx_stack_med,249.0,188.0,8.1,finance_jun25,8.1,orders
263,pale_moss_carpet,Pale Moss Carpet,64,1889.0,17682.0,306.0,219.0,100000.0,108972.0,16576.0,259.0,1702.69,3695.0,3555.0,62.0,312.5,64,0,,,,,,,,,,,,,,,,,,15,1639.0,594.0,9677.0,102.0,7,1511.0,0,,1788021617647,0,1511.0,tx_stack_med,1889.0,312.5,,,312.5,ah
264,pale_hanging_moss,Pale Hanging Moss,64,10386.0,10572.0,196.0,18.86,937500.0,522600.0,9408.0,147.0,8165.62,6339.0,1407.0,25.0,5937.5,64,0,,,,,,,,,,,,,,,,,,15,5938.0,4688.0,6207.0,1511.0,11,5938.0,0,,1788022119770,0,5938.0,tx_stack_med,10386.0,5937.5,,,5937.5,ah
265,pale_moss_block,Pale Moss Block,64,3243.0,53791.0,892.0,156.0,1546875.0,210536.0,51712.0,808.0,3289.62,1460.0,8803.0,146.0,1406.25,64,306,,,,,,,,,,,,,,,,,,15,4531.0,3438.0,4531.0,1406.0,3,1563.0,0,,1788025541382,0,1563.0,tx_stack_med,3243.0,1406.25,,,1406.25,ah
266,hanging_roots,Hanging Roots,64,6606.0,973.0,22.0,1587.0,166667.0,450000.0,640.0,10.0,7031.25,200000.0,3.0,1.0,31250.0,64,64,,,,,,,,,,,,,,,,,,15,4348.0,3906.0,5714.0,1000.0,6,4688.0,0,,1788025404150,0,4688.0,tx_stack_med,6606.0,4348.0,,,4348.0,ah
267,big_dripleaf,Big Dripleaf,64,3187.0,5613.0,270.0,234.0,100000.0,141609.0,3456.0,54.0,2212.64,1838.0,1477.0,42.0,708.33,48,49,,,,,,,,,,,,,,,,,,15,2344.0,1250.0,5882.0,286.0,3,1906.0,2,9000.0,1788025711133,0,1906.0,tx_stack_med,3187.0,708.33,,,708.33,ah
268,small_dripleaf,Small Dripleaf,64,205435.0,161.0,131.0,25000.0,1000000.0,0.0,0.0,0.0,,24378.0,156.0,19.0,100000.0,1,0,,,,,,,,,,,,,,,,,,15,78000.0,49000.0,100000.0,39800.0,0,,13,99000.0,1788013345336,0,78000.0,tx_med,99000.0,78000.0,,,78000.0,ah
269,bamboo,Bamboo,64,114.0,350849.0,5824.0,15.38,500000.0,6601.0,332544.0,5196.0,103.14,161.0,87937.0,1498.0,156.25,64,8313,4000,14,30,1788026208,10.9,10.9,10.9,9,10,90.9,95,234.38,,,,,,15,125.0,93.75,156.0,93.75,12,93.75,0,,1788026525129,0,93.75,tx_stack_med,114.0,93.75,14,lootseller,14,orders
270,oak_slab,Oak Slab,64,1342.0,98000.0,1613.0,12.5,78125.0,85946.0,93760.0,1465.0,1342.91,3212.0,15377.0,273.0,7812.5,64,568,,,,,,,,,,,,,,,,,,15,7813.0,547.0,9000.0,50.0,6,734.0,7,9000.0,1788025261840,0,734.0,tx_stack_med,9000.0,734.0,,,734.0,ah
271,spruce_slab,Spruce Slab,64,119.0,598430.0,9551.0,12.5,82000.0,7283.0,579328.0,9052.0,113.8,73.77,237174.0,3778.0,93.75,64,20195,,,,,,,,,,,,,,,,,12,15,155.0,155.0,159.0,155.0,12,155.0,0,,1788026720482,0,155.0,tx_stack_med,119.0,93.75,,,93.75,ah
272,birch_slab,Birch Slab,64,37722.0,20633.0,343.0,46.87,10140625.0,2593929.0,19136.0,299.0,40530.14,4614.0,2528.0,46.0,312.5,64,268,,,,,,,,,,,,,,,,,,15,313.0,161.0,405.0,156.0,12,313.0,0,,1788026473896,0,313.0,tx_stack_med,37722.0,312.5,,,312.5,ah
273,jungle_slab,Jungle Slab,64,11904.0,7704.0,128.0,78.12,281250.0,809532.0,7104.0,111.0,12648.94,1691.0,2866.0,47.0,78125.0,64,136,,,,,,,,,,,,,,,,,,15,3125.0,469.0,3125.0,60.94,14,3125.0,0,,1788023984779,0,3125.0,tx_stack_med,11904.0,3125.0,,,3125.0,ah
274,acacia_slab,Acacia Slab,64,20096.0,1984.0,40.0,104.0,390625.0,1571278.0,1536.0,24.0,24551.22,6862.0,909.0,18.0,109.38,64,0,,,,,,,,,,,,,,,,,,15,1042.0,109.0,15594.0,67.8,9,156.0,3,10000.0,1788017469846,0,156.0,tx_stack_med,10000.0,109.38,,,109.38,ah
275,cherry_slab,Cherry Slab,64,4392.0,19143.0,316.0,78.12,200000.0,282732.0,17920.0,280.0,4417.69,699.0,10771.0,172.0,625.0,64,770,,,,,,,,,,,,,,,,,,15,609.0,469.0,609.0,148.0,14,609.0,0,,1788024884252,0,609.0,tx_stack_med,4392.0,609.0,,,609.0,ah
276,dark_oak_slab,Dark Oak Slab,64,4298.0,35562.0,569.0,31.25,208333.0,270880.0,34304.0,536.0,4232.5,2153.0,9363.0,152.0,156.25,64,1462,,,,,,,,,,,,,,,,,,15,156.0,156.0,156.0,156.0,15,156.0,0,,1788026700963,0,156.0,tx_stack_med,4298.0,156.0,,,156.0,ah
277,pale_oak_slab,Pale Oak Slab,64,23615.0,45255.0,724.0,31.25,15625000.0,1564675.0,43584.0,681.0,24448.05,3669.0,17459.0,279.0,1571.43,63,575,,,,,,,,,,,,,,,,,,15,5469.0,3125.0,5469.0,556.0,12,5469.0,0,,1788026284130,0,5469.0,tx_stack_med,23615.0,1571.43,,,1571.43,ah
278,mangrove_slab,Mangrove Slab,64,7905.0,22792.0,370.0,102.0,60000.0,505259.0,21952.0,343.0,7894.67,2169.0,5472.0,88.0,3125.0,64,256,,,,,,,,,,,,,,,,,,15,1786.0,1563.0,3125.0,1484.0,14,2344.0,0,,1788025719528,0,2344.0,tx_stack_med,7905.0,1786.0,,,1786.0,ah
279,bamboo_slab,Bamboo Slab,64,,,,,,,,,,,,,781.25,64,362,,,,,,,,,,,,,,,,,,15,859.0,781.0,859.0,714.0,14,859.0,0,,1788026355009,0,859.0,tx_stack_med,,781.25,,,781.25,ah
280,bamboo_mosaic_slab,Bamboo Mosaic Slab,64,4260.0,1513.0,38.0,156.0,20000.0,266754.0,1472.0,23.0,4168.03,2190.0,763.0,12.0,1531.25,64,64,,,,,,,,,,,,,,,,,,15,1578.0,1172.0,2344.0,159.0,12,1578.0,0,,1788022429393,0,1578.0,tx_stack_med,4260.0,1531.25,,,1531.25,ah
281,crimson_slab,Crimson Slab,64,2766.0,17602.0,289.0,156.0,31250.0,179354.0,16384.0,256.0,2802.41,10957.0,2124.0,35.0,109375.0,64,0,,,,,,,,,,,,,,,,,,15,13000.0,3125.0,46875.0,781.0,12,17188.0,2,13000.0,1788026119610,0,17188.0,tx_stack_med,2766.0,2802.41,,,2802.41,ah
282,warped_slab,Warped Slab,64,38404.0,28142.0,458.0,313.0,6875000.0,2614677.0,25856.0,404.0,40854.33,2988.0,6985.0,110.0,1546.88,64,640,,,,,,,,,,,,,,,,,,15,1547.0,1531.0,1563.0,781.0,13,1547.0,0,,1788026558677,0,1547.0,tx_stack_med,38404.0,1546.88,,,1546.88,ah
283,stone_slab,Stone Slab,64,1991.0,112900.0,1791.0,62.5,468750.0,125570.0,110208.0,1722.0,1962.03,3103.0,20842.0,332.0,3125.0,64,1150,,,,,,,,,,,,,,,,,,15,3125.0,2344.0,3125.0,2344.0,15,3125.0,0,,1788025993717,0,3125.0,tx_stack_med,1991.0,1962.03,,,1962.03,ah
284,smooth_stone_slab,Smooth Stone Slab,64,489.0,222467.0,3557.0,48.38,1000000.0,30611.0,214784.0,3356.0,478.3,871.0,55165.0,883.0,1562.5,64,3997,,,,,15.1,,15.1,6,3,0,0,,,,,,,15,391.0,391.0,469.0,391.0,14,391.0,0,,1788026485646,0,391.0,tx_stack_med,489.0,391.0,15.1,finance_jun25,15.1,orders
285,sandstone_slab,Sandstone Slab,64,5523.0,17375.0,288.0,46.87,156250.0,359038.0,16704.0,261.0,5609.97,4807.0,2368.0,38.0,15609.38,64,320,,,,,,,,,,,,,,,,,,15,4688.0,3906.0,5469.0,3125.0,15,4688.0,0,,1788025580751,0,4688.0,tx_stack_med,5523.0,4688.0,,,4688.0,ah
286,cut_sandstone_slab,Cut Sandstone Slab,64,7264.0,5503.0,94.0,156.0,113333.0,436765.0,5184.0,81.0,6824.45,3246.0,1614.0,26.0,2343.75,64,0,,,,,,,,,,,,,,,,,,15,2344.0,156.0,3906.0,152.0,13,2344.0,0,,1788019983059,0,2344.0,tx_stack_med,7264.0,2343.75,,,2343.75,ah
287,petrified_oak_slab,Petrified Oak Slab,64,0.0,0.0,0.0,0.0,0.0,0.0,0.0,0.0,,0.0,0.0,0.0,,,,,,,,,,,,,,,,,,,,,,,,,,,,,,,0,,,,,,,,
288,cobblestone_slab,Cobblestone Slab,64,503.0,292692.0,4664.0,9.37,1000000.0,30918.0,286464.0,4476.0,483.09,220.0,96435.0,1522.0,156.25,64,4131,,,,,,,,,,,,,,,,,,15,234.0,156.0,1094.0,125.0,14,234.0,0,,1788026424227,0,234.0,tx_stack_med,503.0,156.25,,,156.25,ah
289,brick_slab,Brick Slab,64,104575.0,10182.0,164.0,313.0,15625000.0,6776923.0,10048.0,157.0,105889.42,4405.0,1344.0,21.0,4687.5,64,320,,,,,,,,,,,,,,,,,,15,4688.0,4688.0,4688.0,313.0,15,4688.0,0,,1788025675880,0,4688.0,tx_stack_med,104575.0,4687.5,,,4687.5,ah
290,stone_brick_slab,Stone Brick Slab,64,9448.0,58251.0,923.0,48.38,6859375.0,616009.0,56832.0,888.0,9625.14,3222.0,11637.0,210.0,4166.67,12,331,,,,,,,,,,,,,,,,,,15,3125.0,531.0,15609.0,328.0,11,2344.0,1,999.0,1788024126227,0,2344.0,tx_stack_med,9448.0,2344.0,,,2344.0,ah
291,mud_brick_slab,Mud Brick Slab,64,680954.0,11637.0,197.0,645.0,7699999621.0,1255912.0,11264.0,176.0,19623.62,11330.0,1217.0,25.0,3906.25,64,0,,,,,,,,18,4,,,,,,,,,15,7143.0,6250.0,7813.0,3906.0,10,6859.0,3,1000000.0,1788026250259,0,6859.0,tx_stack_med,1000000.0,3906.25,,,3906.25,ah
292,nether_brick_slab,Nether Brick Slab,64,57681.0,6075.0,97.0,1563.0,1562500.0,3873048.0,5760.0,90.0,60516.38,13308.0,1200.0,19.0,312.5,64,192,,,,,,,,,,,,,,,,,,15,22000.0,4167.0,31250.0,313.0,10,23047.0,2,22000.0,1788025808981,0,23047.0,tx_stack_med,57681.0,312.5,,,312.5,ah
293,quartz_slab,Quartz Slab,64,4559.0,55766.0,975.0,16.01,100000.0,288014.0,51200.0,800.0,4500.22,12675.0,12167.0,228.0,6250.0,64,687,,,,,,,,,,,,,,,,,,15,6250.0,781.0,9148.0,101.0,13,6250.0,0,,1788026432294,0,6250.0,tx_stack_med,4559.0,4500.22,,,4500.22,ah
294,red_sandstone_slab,Red Sandstone Slab,64,183291.0,3106.0,62.0,313.0,238000005.0,441047.0,2752.0,43.0,6891.36,7517.0,379.0,7.0,8064.52,62,0,,,,,,,,,,,,,,,,,,15,8065.0,7813.0,27778.0,6364.0,6,7813.0,1,60000.0,1788020093124,0,7813.0,tx_stack_med,183291.0,6891.36,,,6891.36,ah
295,cut_red_sandstone_slab,Cut Red Sandstone Slab,64,74441.0,574.0,12.0,1563.0,33000000.0,741000.0,320.0,5.0,11578.12,0.0,0.0,0.0,18518.52,54,0,,,,,,,,,,,,,,,,,,15,11719.0,2869.0,20833.0,1563.0,8,11719.0,2,18000000.0,1787855692356,0,11719.0,tx_stack_med,74441.0,11578.12,,,11578.12,ah
296,purpur_slab,Purpur Slab,64,10934.0,7438.0,130.0,313.0,300000.0,707423.0,6848.0,107.0,11053.48,14575.0,920.0,16.0,14062.5,64,0,,,,,,,,,,,,,,,,,,15,14063.0,6166.0,15625.0,833.0,10,14063.0,0,,1788015273789,0,14063.0,tx_stack_med,10934.0,11053.48,,,11053.48,ah
297,prismarine_slab,Prismarine Slab,64,21751.0,7203.0,115.0,143.0,1706897.0,524466.0,6528.0,102.0,8194.78,5794.0,1075.0,18.0,7812.5,64,64,,,,,,,,,,,,,,,,,,15,3125.0,3125.0,7813.0,1563.0,13,3125.0,0,,1788025320823,0,3125.0,tx_stack_med,21751.0,3125.0,,,3125.0,ah
298,prismarine_brick_slab,Prismarine Brick Slab,64,9685.0,9610.0,169.0,667.0,10000000.0,490545.0,8640.0,135.0,7664.77,10289.0,2487.0,45.0,3046.88,64,64,,,,,,,,10,3,,,,,,,,,15,3125.0,3125.0,3906.0,3047.0,13,3125.0,0,,1788025294166,0,3125.0,tx_stack_med,9685.0,3046.88,,,3046.88,ah
299,dark_prismarine_slab,Dark Prismarine Slab,64,6120.0,8315.0,131.0,156.0,13281.0,389790.0,7936.0,124.0,6090.47,9197.0,2634.0,42.0,4687.5,64,128,,,,,,,,,,,,,,,,,,15,4688.0,4688.0,12500.0,1667.0,14,4688.0,0,,1788025295563,0,4688.0,tx_stack_med,6120.0,4687.5,,,4687.5,ah
300,smooth_quartz,Smooth Quartz Block,64,4351.0,135301.0,2249.0,1861.0,100000.0,274792.0,132608.0,2072.0,4293.62,3428.0,38692.0,609.0,3578.12,64,2105,,,,,1100,1100,1100,1000,15,86.8,92,,,,,,,15,3563.0,3516.0,3578.0,3469.0,15,3563.0,0,,1788026708870,0,3563.0,tx_stack_med,4351.0,3563.0,1100,finance_jun25,1100,orders
301,smooth_red_sandstone,Smooth Red Sandstone,64,5925.0,1763.0,28.0,5469.0,15625.0,374074.0,1728.0,27.0,5844.91,1563.0,32.0,1.0,1562.5,32,0,,,,,,,,,,,,,,,,,,15,5469.0,5469.0,5469.0,1563.0,14,5469.0,0,,1787945497593,0,5469.0,tx_stack_med,5925.0,1562.5,,,1562.5,ah
302,smooth_sandstone,Smooth Sandstone,64,1798.0,122906.0,1955.0,172.0,7813.0,115186.0,121728.0,1902.0,1799.78,3169.0,19921.0,318.0,3750.0,64,1536,,,,,31,,31,27,4,0,0,625,,,,,,15,3750.0,3750.0,3906.0,3750.0,15,3750.0,0,,1788025510098,0,3750.0,tx_stack_med,1798.0,1799.78,31,finance_jun25,31,orders
303,smooth_stone,Smooth Stone,64,523.0,522372.0,8271.0,102.0,1739130.0,28224.0,515264.0,8051.0,441.0,587.0,154294.0,2467.0,303.12,64,16628,,,,,80,80,100,18.8,33,46.9,68,421.88,,,,,,15,303.0,303.0,313.0,303.0,15,303.0,0,,1788026716955,0,303.0,tx_stack_med,523.0,303.0,80,finance_jun25,80,orders
304,bricks,Bricks,64,3436.0,39817.0,679.0,455.0,35000.0,215597.0,37440.0,585.0,3368.7,2293.0,10746.0,207.0,3906.25,64,579,,,,,,,,143,4,,,3571.43,,,,,,15,1953.0,1953.0,3905.0,1953.0,11,1953.0,4,3506.0,1788024660672,0,1953.0,tx_stack_med,3506.0,1953.0,,,1953.0,ah
305,acacia_shelf,Acacia Shelf,64,33781.0,892.0,65.0,1734.0,900000.0,1327417.0,768.0,12.0,20740.89,9152.0,309.0,24.0,20000.0,4,0,,,,,,,,,,,,,,,,,,15,85000.0,85000.0,85000.0,6250.0,1,6250.0,13,85000.0,1788011495518,0,85000.0,tx_med,85000.0,20000.0,,,20000.0,ah
306,bamboo_shelf,Bamboo Shelf,64,12963.0,6367.0,114.0,2344.0,250000.0,792491.0,5440.0,85.0,12382.67,22685.0,399.0,16.0,750.0,12,26,,,,,,,,,,,,,,,,,,15,15000.0,1667.0,15313.0,750.0,3,1563.0,6,15000.0,1788023866944,0,1563.0,tx_stack_med,15000.0,750.0,,,750.0,ah
307,birch_shelf,Birch Shelf,64,40720.0,1412.0,81.0,1000.0,500000.0,3176314.0,960.0,15.0,49629.91,74917.0,24.0,6.0,90000.0,1,1,,,,,,,,,,,,,,,,,,15,25000.0,15469.0,90000.0,2500.0,1,15469.0,2,90000.0,1788025632684,0,25000.0,tx_med,40720.0,25000.0,,,25000.0,ah
308,cherry_shelf,Cherry Shelf,64,10250.0,5488.0,133.0,703.0,499000.0,479579.0,4864.0,76.0,7493.42,5723.0,1976.0,39.0,90000.0,1,2,,,,,,,,,,,,,,,,,,15,6234.0,6234.0,10967.0,4348.0,10,6234.0,3,90000.0,1788025778830,0,6234.0,tx_stack_med,90000.0,6234.0,,,6234.0,ah
309,crimson_shelf,Crimson Shelf,64,14967.0,2087.0,66.0,667.0,800000.0,724464.0,1792.0,28.0,11319.75,10236.0,382.0,14.0,10156.25,64,64,,,,,,,,,,,,,,,,,,15,12500.0,3906.0,62500.0,1429.0,5,3906.0,1,500000.0,1788023251538,0,3906.0,tx_stack_med,14967.0,3906.0,,,3906.0,ah
310,dark_oak_shelf,Dark Oak Shelf,64,14006.0,10099.0,223.0,781.0,300000.0,833644.0,9024.0,141.0,13025.69,29992.0,1479.0,27.0,15625.0,64,256,,,,,,,,,,,,,,,,,,15,6250.0,3125.0,15625.0,2500.0,11,4688.0,0,,1788026222740,0,4688.0,tx_stack_med,14006.0,4688.0,,,4688.0,ah
311,jungle_shelf,Jungle Shelf,64,19237.0,2168.0,52.0,1667.0,1000000.0,199169.0,1792.0,28.0,3112.02,65625.0,128.0,2.0,68750.0,64,0,,,,,,,,,,,,,,,,,,15,12500.0,12500.0,62500.0,4667.0,3,62500.0,3,99000.0,1787968764765,0,62500.0,tx_stack_med,99000.0,3112.02,,,3112.02,ah
312,mangrove_shelf,Mangrove Shelf,64,21618.0,5942.0,163.0,3922.0,600000.0,1266330.0,5056.0,79.0,19786.41,13107.0,1387.0,30.0,46875.0,64,0,,,,,,,,,,,,,,,,,,15,11719.0,10938.0,23438.0,6817.0,13,11667.0,2,450000.0,1788020123677,0,11667.0,tx_stack_med,21618.0,11667.0,,,11667.0,ah
313,oak_shelf,Oak Shelf,64,11529.0,3922.0,265.0,769.0,100000.0,459527.0,2624.0,41.0,7180.11,12027.0,978.0,56.0,17000.0,5,40,,,,,,,,,,,,,,,,,,15,33333.0,33333.0,33333.0,17000.0,0,,1,45000.0,1788025421598,0,33333.0,tx_med,11529.0,7180.11,,,7180.11,ah
314,pale_oak_shelf,Pale Oak Shelf,64,6681.0,34954.0,762.0,1333.0,200000.0,395782.0,32640.0,510.0,6184.09,11134.0,6378.0,149.0,300000.0,1,386,,,,,,,,,,,,,,,,,,15,7813.0,5469.0,31250.0,3074.0,11,7813.0,3,300000.0,1788026459061,0,7813.0,tx_stack_med,300000.0,6184.09,,,6184.09,ah
315,spruce_shelf,Spruce Shelf,64,3249.0,46955.0,1086.0,500.0,200000.0,175603.0,42496.0,664.0,2743.8,4594.0,10517.0,235.0,140625.0,64,2816,,,,,,,,,,,,,,,,,,15,6250.0,6250.0,54688.0,6250.0,7,54688.0,0,,1788025811104,0,54688.0,tx_stack_med,3249.0,2743.8,,,2743.8,ah
316,warped_shelf,Warped Shelf,64,10884.0,11733.0,231.0,3333.0,499999.0,645702.0,10816.0,169.0,10089.09,18549.0,1534.0,28.0,12398.0,64,73,,,,,,,,,,,,,,,,,,15,10938.0,9375.0,28125.0,750.0,11,10938.0,1,150000.0,1788025909792,0,10938.0,tx_stack_med,10884.0,10089.09,,,10089.09,ah
317,bookshelf,Bookshelf,64,10437.0,139465.0,9926.0,4032.0,312500.0,502867.0,83328.0,1302.0,7857.3,9433.0,35980.0,3314.0,16900.0,1,3260,,,,,50,50,800,500,30,1.2,10,,,,,,,15,16900.0,16900.0,16900.0,7500.0,2,8438.0,13,16900.0,1788026591583,0,16900.0,tx_med,16900.0,7857.3,50,finance_jun25,50,orders
318,chiseled_bookshelf,Chiseled Bookshelf,64,3485.0,48952.0,1046.0,161.0,200000.0,192845.0,44480.0,695.0,3013.2,2467.0,12964.0,215.0,69500.0,2,834,,,,,1,1,1,1,5,10.5,16,,,,,,,15,2875.0,1406.0,2891.0,124.0,14,2875.0,0,,1788026338744,0,2875.0,tx_stack_med,3485.0,2875.0,1,finance_jun25,1,orders
319,decorated_pot,Decorated Pot,64,8533.0,19027.0,694.0,625.0,1000000.0,393966.0,17024.0,266.0,6155.72,11716.0,2826.0,143.0,50000.0,1,73,,,,,,,,,,,,,,,35000.0,4,,15,10000.0,6234.0,79000.0,1000.0,4,6234.0,7,79000.0,1788026471728,0,6234.0,tx_stack_med,79000.0,6155.72,,,6155.72,ah
320,mossy_cobblestone,Mossy Cobblestone,64,689.0,129014.0,2071.0,78.12,500000.0,42305.0,125504.0,1961.0,661.02,561.0,40535.0,653.0,1562.5,64,4065,,,,,24,24,24,22,6,58.5,75,,,,,,,15,781.0,78.13,781.0,78.13,14,781.0,0,,1788025637262,0,781.0,tx_stack_med,689.0,661.02,24,finance_jun25,24,orders
321,obsidian,Obsidian,64,44145.0,630640.0,23728.0,926.0,25729999831.0,171474.0,424064.0,6626.0,2679.28,1418.0,193849.0,7303.0,6250.0,8,17022,3200,601,950,1788026208,700,700,750,700,4,98.6,99,1562.5,734.4,9,3203.1,15,,15,6250.0,1094.0,6250.0,1094.0,5,1094.0,0,,1788026334826,0,1094.0,tx_stack_med,44145.0,1094.0,601,lootseller,601,orders
322,torch,Torch,64,614.0,580034.0,10737.0,78.0,468750.0,35475.0,554688.0,8667.0,554.3,433.0,191325.0,3422.0,546.88,64,15690,,,,,10,25,25,20,17,38.2,63,,,,,,,15,781.0,547.0,2727.0,547.0,11,547.0,3,10000.0,1788026565844,0,547.0,tx_stack_med,10000.0,546.88,10,finance_jun25,10,orders
323,end_rod,End Rod,64,2457.0,101245.0,2989.0,51.56,30000000.0,93657.0,91072.0,1423.0,1463.39,1607.0,22399.0,722.0,1328.12,64,2564,,,,,,,,,,,,,,,,,,15,4286.0,703.0,4286.0,703.0,4,703.0,1,30000.0,1788026445360,0,703.0,tx_stack_med,2457.0,703.0,,,703.0,ah
324,chorus_plant,Chorus Plant,64,0.0,0.0,0.0,0.0,0.0,0.0,0.0,0.0,,0.0,0.0,0.0,,,,,,,,,,,,,,,,,,,,,,,,,,,,,,,0,,,,,,,,
325,chorus_flower,Chorus Flower,64,15107.0,941.0,108.0,833.0,312500.0,102800.0,640.0,10.0,1606.25,13920.0,198.0,28.0,12500.0,64,64,,,,,,,,,,,,,,,,,,15,10000.0,5246.0,15000.0,1000.0,1,12500.0,8,10000.0,1788025983208,0,10000.0,tx_med,10000.0,1606.25,,,1606.25,ah
326,purpur_block,Purpur Block,64,1733.0,123363.0,1995.0,63.49,54531.0,109881.0,119872.0,1873.0,1716.89,8377.0,24572.0,405.0,1562.5,64,2520,,,,,,,,,,,,,,,,,,15,1563.0,1563.0,1563.0,1563.0,15,1563.0,0,,1788026575136,0,1563.0,tx_stack_med,1733.0,1562.5,,,1562.5,ah
327,purpur_pillar,Purpur Pillar,64,4450.0,13628.0,246.0,234.0,500000.0,283659.0,12608.0,197.0,4432.17,1936.0,5801.0,96.0,1484.38,64,439,,,,,,,,,,,,,,,,,,15,1484.0,1484.0,1547.0,909.0,12,1484.0,0,,1788025494723,0,1484.0,tx_stack_med,4450.0,1484.0,,,1484.0,ah
328,purpur_stairs,Purpur Stairs,64,8663.0,7009.0,141.0,391.0,500000.0,526056.0,6080.0,95.0,8219.62,12009.0,1859.0,42.0,50000.0,1,2,,,,,,,,,,,,,,,,,,15,7813.0,5882.0,7813.0,1563.0,10,7813.0,2,50000.0,1788026651510,0,7813.0,tx_stack_med,8663.0,7813.0,,,7813.0,ah
329,spawner,Monster Spawner,64,0.0,0.0,0.0,0.0,0.0,0.0,0.0,0.0,,0.0,0.0,0.0,,,,,,,,,,,,,,,,,,,,,,,,,,,,,,,0,,,,,,,,
330,creaking_heart,Creaking Heart,64,13636.0,4927.0,246.0,2344.0,200000.0,677398.0,4096.0,64.0,10584.34,4857.0,4319.0,90.0,50000.0,1,130,85000,1200,3500,1785279600,,,,,,,,,,,,,,15,4531.0,3906.0,50000.0,3125.0,8,4063.0,6,52500.0,1788025521794,0,4063.0,tx_stack_med,52500.0,4063.0,1200,lootseller,1200,orders
331,chest,Chest,64,36762.0,717651.0,21030.0,156.0,25900000215.0,35727.0,631296.0,9864.0,558.23,770.0,243489.0,5928.0,781.25,64,24756,,,,,,,,,,,,,,,,,,15,781.0,781.0,40000.0,781.0,11,781.0,4,40000.0,1788026473127,0,781.0,tx_stack_med,40000.0,558.23,,,558.23,ah
332,crafting_table,Crafting Table,64,121179.0,383443.0,13912.0,53.0,23200000901.0,32134.0,353664.0,5526.0,502.09,1102.0,89277.0,3999.0,625.0,64,6084,,,,,25,35,35,10,11,69.2,82,,,,,,,15,1172.0,625.0,7059.0,609.0,9,625.0,3,10000.0,1788026706875,0,625.0,tx_stack_med,10000.0,502.09,25,finance_jun25,25,orders
333,farmland,Farmland,64,0.0,0.0,0.0,0.0,0.0,0.0,0.0,0.0,,0.0,0.0,0.0,,,,,,,,,,,,,,,,,,,,,,,,,,,,,,,0,,,,,,,,
334,furnace,Furnace,64,136.0,452920.0,8022.0,18.0,1000000.0,6997.0,431232.0,6738.0,109.33,114.0,106171.0,1910.0,95.31,64,9031,,,,,,,,,,,,,,,,,,15,5000.0,156.0,6400.0,156.0,7,156.0,7,6400.0,1788026697957,0,156.0,tx_stack_med,6400.0,95.31,,,95.31,ah
335,ladder,Ladder,64,532.0,587225.0,9835.0,34.48,4000000.0,27338.0,561280.0,8770.0,427.16,543.0,167939.0,2916.0,171.88,64,12911,,,,,10,10,10,10,3,67.3,80,,156.2,3,,,,15,547.0,306.0,30000.0,172.0,7,313.0,6,30000.0,1788026722332,0,313.0,tx_stack_med,30000.0,171.88,10,finance_jun25,10,orders
336,cobblestone_stairs,Cobblestone Stairs,64,450.0,133875.0,2114.0,1.0,16129.0,28289.0,131776.0,2059.0,442.02,1185.0,43130.0,687.0,1250.0,16,1830,,,,,,,,,,,,,,,,,,15,1250.0,1250.0,2109.0,547.0,7,2109.0,0,,1788025667160,0,2109.0,tx_stack_med,450.0,442.02,,,442.02,ah
337,snow,Snow,64,1171.0,54687.0,882.0,8.59,50000.0,73943.0,52544.0,821.0,1155.36,761.0,8333.0,132.0,312.5,64,1280,,,,,,,,,,,,,,,,,,15,313.0,313.0,781.0,313.0,15,313.0,0,,1788025489414,0,313.0,tx_stack_med,1171.0,312.5,,,312.5,ah
338,ice,Ice,64,1200.0,295168.0,4741.0,270.0,46875.0,75826.0,287488.0,4492.0,1184.78,983.0,100508.0,1631.0,781.25,64,10541,,,,,452,452,500,250,12,62.5,78,1546.88,,,,,,15,781.0,781.0,781.0,781.0,15,781.0,0,,1788026314898,0,781.0,tx_stack_med,1200.0,781.0,452,finance_jun25,452,orders
339,snow_block,Snow Block,64,617.0,213897.0,3513.0,18.0,33333.0,38677.0,204992.0,3203.0,604.33,825.0,66333.0,1070.0,859.38,64,3460,,,,,,,,,,,,,,,,,,15,781.0,297.0,781.0,194.0,13,781.0,0,,1788025971040,0,781.0,tx_stack_med,617.0,604.33,,,604.33,ah
340,cactus,Cactus,64,393.0,143851.0,2477.0,59.37,60000.0,23113.0,135680.0,2120.0,361.14,462.0,31865.0,568.0,421.88,64,2382,,,,,,,,,,,,,,,,,,15,422.0,422.0,453.0,62.5,14,422.0,0,,1788025981501,0,422.0,tx_stack_med,393.0,361.14,,,361.14,ah
341,cactus_flower,Cactus Flower,64,10212.0,2631.0,331.0,938.0,1000000.0,332903.0,1984.0,31.0,5201.61,12662.0,198.0,94.0,29000.0,1,1,,,,,,,,,,,,,,,,,,15,10000.0,5000.0,29000.0,600.0,0,,11,10000.0,1788026047431,0,10000.0,tx_med,10000.0,5201.61,,,5201.61,ah
342,clay,Clay,64,1506.0,54778.0,921.0,111.0,25000.0,97202.0,51200.0,800.0,1518.78,1784.0,7849.0,139.0,1546.88,64,244,,,,,,,,,,,,,,,,,,15,1667.0,455.0,3125.0,125.0,7,3125.0,0,,1788026464877,0,3125.0,tx_stack_med,1506.0,1518.78,,,1518.78,ah
343,jukebox,Jukebox,64,135052.0,5808.0,1502.0,2083.0,10156250.0,23388586.0,1856.0,29.0,365446.66,50489.0,798.0,353.0,40000.0,1,20,,,,,2000,2000,2100,2000,5,99.6,100,30000,,,,,,15,30000.0,30000.0,40000.0,25000.0,0,,15,30000.0,1788026305574,0,30000.0,tx_med,30000.0,30000.0,2000,finance_jun25,2000,orders
344,oak_fence,Oak Fence,64,19382.0,77374.0,1518.0,78.12,10156250.0,1314912.0,70784.0,1106.0,20545.5,5345.0,14229.0,308.0,1562.5,64,2593,,,,,,,,,,,,,,,,,,15,1563.0,1563.0,1563.0,1563.0,15,1563.0,0,,1788026160662,0,1563.0,tx_stack_med,19382.0,1562.5,,,1562.5,ah
345,spruce_fence,Spruce Fence,64,1663.0,207028.0,4528.0,156.0,500000.0,95183.0,198656.0,3104.0,1487.23,1139.0,56144.0,964.0,20000.0,1,2628,,,,,,,,,,,,,,,,,,15,8000.0,1563.0,20000.0,1563.0,7,1563.0,8,20000.0,1788026024186,0,1563.0,tx_stack_med,20000.0,1487.23,,,1487.23,ah
346,birch_fence,Birch Fence,64,19158.0,11725.0,265.0,625.0,6187500.0,676221.0,11008.0,172.0,10565.95,12495.0,1698.0,32.0,2692.31,26,0,,,,,,,,,,,,,,,,,,15,3125.0,2222.0,15625.0,781.0,7,15625.0,0,,1788019416096,0,15625.0,tx_stack_med,19158.0,2692.31,,,2692.31,ah
347,jungle_fence,Jungle Fence,64,11045.0,2513.0,75.0,724.0,156250.0,882895.0,1536.0,24.0,13795.23,3814.0,1398.0,34.0,133500.0,2,0,,,,,,,,,,,,,,,,,,15,3571.0,1094.0,9375.0,781.0,7,1094.0,0,,1788021353019,0,1094.0,tx_stack_med,11045.0,1094.0,,,1094.0,ah
348,acacia_fence,Acacia Fence,64,38990.0,1399.0,48.0,667.0,1316667.0,2629375.0,1024.0,16.0,41083.98,16045.0,176.0,34.0,1562.5,64,0,,,,,,,,,,,,,,,,,,15,10000.0,8000.0,10000.0,1563.0,1,1563.0,12,10000.0,1788016126264,0,10000.0,tx_med,10000.0,1562.5,,,1562.5,ah
349,cherry_fence,Cherry Fence,64,25871.0,10304.0,220.0,952.0,3437500.0,1726934.0,9664.0,151.0,26983.34,4694.0,2895.0,107.0,6234.38,64,255,,,,,,,,,,,,,,,,,,15,3125.0,1563.0,3125.0,1563.0,11,1563.0,0,,1788024680276,0,1563.0,tx_stack_med,25871.0,1563.0,,,1563.0,ah
350,dark_oak_fence,Dark Oak Fence,64,5736.0,14121.0,432.0,569.0,106250.0,299369.0,13056.0,204.0,4677.64,8958.0,2332.0,65.0,2292.0,64,64,,,,,,,,,,,,,,,,,,15,6042.0,2292.0,6250.0,1000.0,13,6042.0,0,,1788024369746,0,6042.0,tx_stack_med,5736.0,2292.0,,,2292.0,ah
351,pale_oak_fence,Pale Oak Fence,64,4399.0,30452.0,540.0,400.0,240000.0,262605.0,29184.0,456.0,4103.2,6183.0,6424.0,106.0,4687.5,64,448,,,,,,,,,,,,,,,,,,15,4688.0,4688.0,4688.0,3125.0,15,4688.0,0,,1788025790364,0,4688.0,tx_stack_med,4399.0,4103.2,,,4103.2,ah
352,mangrove_fence,Mangrove Fence,64,49673.0,4252.0,75.0,3125.0,1093750.0,3267516.0,3968.0,62.0,51054.94,27232.0,896.0,14.0,31250.0,64,0,,,,,,,,,,,,,,,,,,15,31250.0,23438.0,31250.0,15625.0,14,31250.0,0,,1788011234211,0,31250.0,tx_stack_med,49673.0,31250.0,,,31250.0,ah
353,bamboo_fence,Bamboo Fence,64,33541.0,22535.0,386.0,645.0,14312500.0,189068.0,21120.0,330.0,2954.19,2106.0,7017.0,111.0,3906.25,64,768,,,,,,,,,,,,,,,,,,15,3906.0,1875.0,3906.0,1234.0,15,3906.0,0,,1788025886155,0,3906.0,tx_stack_med,33541.0,2954.19,,,2954.19,ah
354,crimson_fence,Crimson Fence,64,13044.0,2582.0,84.0,794.0,625000.0,538320.0,2112.0,33.0,8411.25,450000.0,336.0,6.0,5468.75,64,64,,,,,,,,,,,,,,,,,,15,15625.0,6250.0,9000000.0,5469.0,8,10938.0,0,,1788025848818,0,10938.0,tx_stack_med,13044.0,5468.75,,,5468.75,ah
355,warped_fence,Warped Fence,64,18295.0,3660.0,96.0,1563.0,150000.0,691279.0,2752.0,43.0,10801.23,18644.0,445.0,11.0,81967.21,61,0,,,,,,,,,,,,,,,,,,15,50000.0,12500.0,50000.0,6667.0,5,12500.0,0,,1788020672357,0,12500.0,tx_stack_med,18295.0,10801.23,,,10801.23,ah
356,pumpkin,Pumpkin,64,1057.0,97016.0,2148.0,263.0,200000.0,60686.0,90304.0,1411.0,948.22,1192.0,15795.0,398.0,1250.0,64,774,,,,,70,70,71.5,70,4,84.1,90,1020.41,,,,,,15,1250.0,1172.0,1703.0,1016.0,12,1203.0,1,9000.0,1788026485929,0,1203.0,tx_stack_med,1057.0,948.22,70,finance_jun25,70,orders
357,carved_pumpkin,Carved Pumpkin,64,7015.0,65344.0,4421.0,625.0,25000000.0,175597.0,52416.0,819.0,2743.7,6062.0,18742.0,1180.0,3437.5,64,1116,,,,,142,142,500,250,22,56.3,74,8000,,,,,,15,32500.0,3438.0,39000.0,3438.0,5,3438.0,8,37000.0,1788026721083,1,3438.0,tx_stack_med,37000.0,2743.7,142,finance_jun25,142,orders
358,jack_o_lantern,Jack o'Lantern,64,16547.0,3000.0,233.0,1000.0,10000000.0,653118.0,2176.0,34.0,10204.97,14770.0,183.0,21.0,2500.0,4,0,,,,,,,,,,,,,,,,,,15,40000.0,19355.0,150000.0,2500.0,1,4844.0,7,150000.0,1788026134402,0,40000.0,tx_med,150000.0,2500.0,,,2500.0,ah
359,netherrack,Netherrack,64,89311.0,291894.0,4677.0,9.23,13009999626.0,10196.0,282688.0,4417.0,159.31,689.0,73369.0,1190.0,593.75,64,9142,,,,,,,,5.2,3,,,,,,,,,15,594.0,313.0,594.0,143.0,13,594.0,1,11000.0,1788026278332,0,594.0,tx_stack_med,89311.0,159.31,,,159.31,ah
360,soul_sand,Soul Sand,64,1448.0,282456.0,12778.0,101.0,10000000.0,57617.0,246144.0,3846.0,900.27,757.0,79294.0,4625.0,40000.0,1,9077,603,85,1000,1788026208,10,10,15,1,5,30.9,59,,109.0,1,,,,15,3720.0,781.0,40000.0,781.0,5,781.0,10,11860.0,1788026622124,0,781.0,tx_stack_med,11860.0,781.0,85,lootseller,85,orders
361,soul_soil,Soul Soil,64,1347.0,70922.0,1343.0,1.42,1000000.0,76658.0,65472.0,1023.0,1197.78,984.0,15363.0,268.0,1093.75,64,1605,,,,,,,,,,,,,,,,,,15,1094.0,1016.0,7813.0,938.0,14,1094.0,0,,1788025166483,0,1094.0,tx_stack_med,1347.0,1093.75,,,1093.75,ah
362,basalt,Basalt,64,116.0,288433.0,4551.0,7.81,1000000.0,7054.0,284096.0,4439.0,110.22,81.44,106029.0,1664.0,62.5,64,11131,,,,,,,,,,,,,,,,,,15,62.5,62.5,78.13,62.5,14,62.5,0,,1788026580377,0,62.5,tx_stack_med,116.0,62.5,,,62.5,ah
363,polished_basalt,Polished Basalt,64,617.0,102307.0,1612.0,39.06,25000.0,39408.0,100864.0,1576.0,615.75,2115.0,16212.0,259.0,13546.88,64,1344,,,,,,,,,,,,,,,,,,15,1094.0,1094.0,1172.0,1094.0,15,1094.0,0,,1788025955812,0,1094.0,tx_stack_med,617.0,615.75,,,615.75,ah
364,smooth_basalt,Smooth Basalt,64,1099.0,66423.0,1118.0,5.0,50000.0,70953.0,62400.0,975.0,1108.64,1710.0,12387.0,213.0,2328.12,64,1420,,,,,,,,,,,,,,,,,,15,1111.0,609.0,1563.0,609.0,13,1250.0,0,,1788025549811,0,1250.0,tx_stack_med,1099.0,1108.64,,,1108.64,ah
365,soul_torch,Soul Torch,64,2754.0,10730.0,252.0,188.0,100000.0,145942.0,7808.0,122.0,2280.34,3513.0,2315.0,74.0,11538.46,13,77,,,,,,,,,,,,,,,,,,15,6250.0,1563.0,15000.0,667.0,3,3125.0,4,20000.0,1788025006379,0,3125.0,tx_stack_med,20000.0,2280.34,,,2280.34,ah
366,copper_torch,Copper Torch,64,4372.0,7357.0,163.0,625.0,1500000.0,205917.0,6976.0,109.0,3217.45,2003.0,1664.0,26.0,150000.0,2,386,,,,,,,,,,,,,,,,,,15,1563.0,1563.0,2344.0,625.0,12,1563.0,1,10000.0,1788025581703,0,1563.0,tx_stack_med,4372.0,1563.0,,,1563.0,ah
367,glowstone,Glowstone,64,5387.0,288488.0,10157.0,1070.0,200000.0,288732.0,208000.0,3250.0,4511.44,3886.0,76893.0,2932.0,8333.33,12,6519,,,,,430,430,520.2,210,5,95.4,97,7500,13500.0,2,,,,15,8333.0,7813.0,10625.0,2831.0,1,2831.0,0,,1788026568330,0,8333.0,tx_med,5387.0,4511.44,430,finance_jun25,430,orders
368,infested_stone,Infested Stone,64,0.0,0.0,0.0,0.0,0.0,0.0,0.0,0.0,,0.0,0.0,0.0,,,,,,,,,,,,,,,,,,,,,,,,,,,,,,,0,,,,,,,,
369,infested_cobblestone,Infested Cobblestone,64,0.0,0.0,0.0,0.0,0.0,0.0,0.0,0.0,,0.0,0.0,0.0,,,,,,,,,,,,,,,,,,,,,,,,,,,,,,,0,,,,,,,,
370,infested_stone_bricks,Infested Stone Bricks,64,0.0,0.0,0.0,0.0,0.0,0.0,0.0,0.0,,0.0,0.0,0.0,,,,,,,,,,,,,,,,,,,,,,,,,,,,,,,0,,,,,,,,
371,infested_mossy_stone_bricks,Infested Mossy Stone Bricks,64,0.0,0.0,0.0,0.0,0.0,0.0,0.0,0.0,,0.0,0.0,0.0,,,,,,,,,,,,,,,,,,,,,,,,,,,,,,,0,,,,,,,,
372,infested_cracked_stone_bricks,Infested Cracked Stone Bricks,64,0.0,0.0,0.0,0.0,0.0,0.0,0.0,0.0,,0.0,0.0,0.0,,,,,,,,,,,,,,,,,,,,,,,,,,,,,,,0,,,,,,,,
373,infested_chiseled_stone_bricks,Infested Chiseled Stone Bricks,64,0.0,0.0,0.0,0.0,0.0,0.0,0.0,0.0,,0.0,0.0,0.0,,,,,,,,,,,,,,,,,,,,,,,,,,,,,,,0,,,,,,,,
374,infested_deepslate,Infested Deepslate,64,0.0,0.0,0.0,0.0,0.0,0.0,0.0,0.0,,0.0,0.0,0.0,,,,,,,,,,,,,,,,,,,,,,,,,,,,,,,0,,,,,,,,
375,stone_bricks,Stone Bricks,64,306.0,504609.0,7949.0,51.53,468750.0,18972.0,497536.0,7774.0,296.44,340.0,128093.0,2020.0,13513.51,37,10177,,,,,5,9,9,5,9,75.1,85,,,,,,,15,469.0,469.0,469.0,467.0,14,469.0,0,,1788025908087,0,469.0,tx_stack_med,306.0,296.44,5,finance_jun25,5,orders
376,mossy_stone_bricks,Mossy Stone Bricks,64,11549.0,71658.0,1155.0,702.0,10156250.0,749239.0,70464.0,1101.0,11706.86,2218.0,16485.0,267.0,1046.88,64,2112,,,,,,,,17.1,3,,,,,,,,,15,1047.0,1047.0,1234.0,1047.0,15,1047.0,0,,1788026543335,0,1047.0,tx_stack_med,11549.0,1046.88,,,1046.88,ah
377,cracked_stone_bricks,Cracked Stone Bricks,64,5365.0,36079.0,574.0,778.0,51667.0,342661.0,35520.0,555.0,5354.08,3866.0,9597.0,151.0,2968.75,64,320,,,,,13,13,13,2,11,83.8,90,,,,,,,15,2969.0,2500.0,2969.0,2292.0,15,2969.0,0,,1788026257265,0,2969.0,tx_stack_med,5365.0,2968.75,13,finance_jun25,13,orders
378,chiseled_stone_bricks,Chiseled Stone Bricks,64,1436.0,60212.0,961.0,78.12,25000.0,91532.0,58048.0,907.0,1430.19,1342.0,14391.0,233.0,1718.75,64,1536,,,,,16,16,16,16,3,97,98,,,,,,,15,766.0,766.0,781.0,766.0,15,766.0,0,,1788025478547,0,766.0,tx_stack_med,1436.0,766.0,16,finance_jun25,16,orders
379,packed_mud,Packed Mud,64,3747.0,44923.0,725.0,253.0,11719.0,237161.0,43648.0,682.0,3705.64,5674.0,8057.0,134.0,4671.88,64,832,,,,,400,400,400,400,4,99.6,100,10000,,,,,,15,4672.0,3906.0,4672.0,3906.0,15,4672.0,0,,1788025270872,0,4672.0,tx_stack_med,3747.0,3705.64,400,finance_jun25,400,orders
380,mud_bricks,Mud Bricks,64,3661.0,64542.0,1080.0,625.0,33333.0,233660.0,61376.0,959.0,3650.94,5373.0,17832.0,300.0,3125.0,64,742,,,,,50,50,50,50,3,43.7,66,,,,,,,15,3125.0,3125.0,3125.0,1790.0,12,3125.0,0,,1788025928839,0,3125.0,tx_stack_med,3661.0,3125.0,50,finance_jun25,50,orders
381,deepslate_bricks,Deepslate Bricks,64,1185.0,353645.0,5621.0,31.25,200000000.0,39326.0,344384.0,5381.0,614.47,478.0,106761.0,1691.0,718.75,64,12352,,,,,10,10,10.67,10,9,59.3,76,312.5,,,,,,15,781.0,719.0,781.0,719.0,15,781.0,0,,1788025500783,0,781.0,tx_stack_med,1185.0,614.47,10,finance_jun25,10,orders
382,cracked_deepslate_bricks,Cracked Deepslate Bricks,64,2764.0,31168.0,494.0,708.0,7813.0,177956.0,30720.0,480.0,2780.56,3903.0,7837.0,123.0,2967.19,64,448,,,,,70,70,70,70,3,27.2,56,,,,,,,15,4688.0,4688.0,4688.0,2967.0,13,4688.0,1,9099.0,1788025558275,0,4688.0,tx_stack_med,2764.0,2780.56,70,finance_jun25,70,orders
383,deepslate_tiles,Deepslate Tiles,64,,,,,,,,,,,,,781.25,64,7418,,,,,5,5,20,5,5,51.3,71,,,,,,,,,,,,,,,,,,,,,781.25,5,finance_jun25,5,orders
384,cracked_deepslate_tiles,Cracked Deepslate Tiles,64,6843.0,14892.0,236.0,156.0,62500.0,442415.0,14720.0,230.0,6912.73,4932.0,4288.0,69.0,2967.19,64,442,,,,,,,,,,,,,,,,,,15,3125.0,2967.0,3166.0,1613.0,12,3125.0,0,,1788025509634,0,3125.0,tx_stack_med,6843.0,2967.19,,,2967.19,ah
385,chiseled_deepslate,Chiseled Deepslate,64,1477.0,34467.0,569.0,35.71,150000.0,91883.0,32384.0,506.0,1435.67,1593.0,8152.0,135.0,916.67,48,432,,,,,,,,,,,,,,,,,,15,2563.0,688.0,3906.0,93.75,14,2766.0,0,,1788026152901,0,2766.0,tx_stack_med,1477.0,916.67,,,916.67,ah
386,reinforced_deepslate,Reinforced Deepslate,64,0.0,0.0,0.0,0.0,0.0,0.0,0.0,0.0,,0.0,0.0,0.0,,,,,,,,,,,,,,,,,,,,,,,,,,,,,,,0,,,,,,,,
387,brown_mushroom_block,Brown Mushroom Block,64,3745.0,18671.0,314.0,156.0,25000.0,244969.0,16512.0,258.0,3827.64,4641.0,3441.0,56.0,4444.44,45,225,,,,,,,,,,,,,,,,,,15,4000.0,3125.0,4531.0,2279.0,11,4480.0,0,,1788025660988,0,4480.0,tx_stack_med,3745.0,3827.64,,,3827.64,ah
388,red_mushroom_block,Red Mushroom Block,64,1183.0,21950.0,370.0,194.0,15625.0,74025.0,19584.0,306.0,1156.64,1950.0,4206.0,75.0,1184.21,38,149,,,,,,,,,,,,,,,,,,15,1184.0,781.0,1250.0,317.0,12,1203.0,0,,1788026446611,0,1203.0,tx_stack_med,1183.0,1156.64,,,1156.64,ah
389,mushroom_stem,Mushroom Stem,64,6856.0,16918.0,298.0,313.0,39000.0,451694.0,15360.0,240.0,7057.72,5662.0,4073.0,74.0,2500.0,12,12,,,,,,,,300,4,,,15000,,,,,,15,6000.0,2500.0,7797.0,833.0,6,7797.0,1,5000.0,1788023640780,0,7797.0,tx_stack_med,6856.0,2500.0,,,2500.0,ah
390,iron_bars,Iron Bars,64,711.0,181866.0,2922.0,71.42,833333.0,42570.0,176064.0,2751.0,665.16,631.0,57689.0,925.0,625.0,64,6399,,,,,,,,,,,,,,,,,,15,625.0,469.0,625.0,469.0,15,625.0,0,,1788026327732,0,625.0,tx_stack_med,711.0,625.0,,,625.0,ah
391,copper_bars,Copper Bars,64,2899.0,10864.0,191.0,156.0,23438.0,191496.0,9600.0,150.0,2992.12,1392.0,1719.0,34.0,1562.5,64,448,,,,,,,,,,,,,,,,,,15,1563.0,1094.0,1563.0,922.0,15,1563.0,0,,1788025053201,0,1563.0,tx_stack_med,2899.0,1562.5,,,1562.5,ah
392,exposed_copper_bars,Exposed Copper Bars,64,1245000.0,13.0,5.0,5000.0,16000000.0,0.0,0.0,0.0,,0.0,0.0,0.0,156.25,16,0,,,,,,,,,,,,,,,,,,15,20000.0,8000.0,66667.0,156.0,1,15625.0,7,60000.0,1787918519845,0,20000.0,tx_med,60000.0,156.25,,,156.25,ah
393,weathered_copper_bars,Weathered Copper Bars,64,125000.0,8.0,1.0,125000.0,125000.0,0.0,0.0,0.0,,0.0,0.0,0.0,125000.0,8,0,,,,,,,,,,,,,,,,,,13,20000.0,5000.0,125000.0,182.0,1,39063.0,3,20000.0,1787694024159,0,20000.0,tx_med,20000.0,20000.0,,,20000.0,ah
394,oxidized_copper_bars,Oxidized Copper Bars,64,45034.0,1333.0,25.0,10000.0,150000.0,2942533.0,1152.0,18.0,45977.08,22031.0,192.0,3.0,31093.75,64,0,,,,,,,,,,,,,,,,,,15,31094.0,15000.0,42188.0,10100.0,11,42188.0,1,20000.0,1788010852059,0,42188.0,tx_stack_med,45034.0,31093.75,,,31093.75,ah
395,waxed_copper_bars,Waxed Copper Bars,64,91465.0,1041.0,44.0,1515.0,1000000.0,5150000.0,768.0,12.0,80468.75,64286.0,553.0,17.0,156250.0,64,0,,,,,,,,,,,,,,,,,,15,78125.0,16129.0,200000.0,15385.0,6,78125.0,5,200000.0,1788011268709,0,78125.0,tx_stack_med,200000.0,78125.0,,,78125.0,ah
396,waxed_exposed_copper_bars,Waxed Exposed Copper Bars,64,60000.0,3.0,3.0,60000.0,60000.0,0.0,0.0,0.0,,0.0,0.0,0.0,60000.0,1,0,,,,,,,,,,,,,,,,,,3,60000.0,60000.0,60000.0,60000.0,0,,3,60000.0,1787609908839,0,60000.0,single_avg,60000.0,60000.0,,,60000.0,ah
397,waxed_weathered_copper_bars,Waxed Weathered Copper Bars,64,70000.0,1.0,1.0,70000.0,70000.0,0.0,0.0,0.0,,200000.0,1.0,1.0,200000.0,1,0,,,,,,,,,,,,,,,,,,3,200000.0,70000.0,500000.0,70000.0,0,,3,200000.0,1787997590518,0,70000.0,single_avg,200000.0,200000.0,,,200000.0,ah
398,waxed_oxidized_copper_bars,Waxed Oxidized Copper Bars,64,258690.0,75.0,12.0,32258.0,2999999.0,0.0,0.0,0.0,,1250000.0,1.0,1.0,1250000.0,1,0,,,,,,,,,,,,,,,,,,15,1000000.0,90000.0,2599999.0,32258.0,0,,13,1000000.0,1787998426161,0,1000000.0,tx_med,1000000.0,1000000.0,,,1000000.0,ah
399,iron_chain,Iron Chain,64,4531.0,84228.0,2698.0,124.0,1562344.0,236407.0,74432.0,1163.0,3693.86,2858.0,26105.0,919.0,24999.5,2,1882,,,,,,,,,,,,,,,,,,15,5429.0,1563.0,30000.0,778.0,5,1563.0,4,49000.0,1788026385488,0,1563.0,tx_stack_med,49000.0,1563.0,,,1563.0,ah
400,copper_chain,Copper Chain,64,4465.0,11526.0,205.0,674.0,600000.0,250674.0,10432.0,163.0,3916.78,2880.0,2800.0,45.0,2343.75,64,0,,,,,,,,,,,,,,,,,,15,2656.0,2344.0,3125.0,2328.0,14,2500.0,0,,1788017106283,0,2500.0,tx_stack_med,4465.0,2343.75,,,2343.75,ah
401,exposed_copper_chain,Exposed Copper Chain,64,1000.0,4.0,1.0,1000.0,1000.0,0.0,0.0,0.0,,20000.0,1.0,1.0,20000.0,1,0,,,,,,,,,,,,,,,,,,15,20000.0,5000.0,50000.0,1000.0,1,312500.0,8,17500.0,1787957331568,0,20000.0,tx_med,17500.0,20000.0,,,20000.0,ah
402,weathered_copper_chain,Weathered Copper Chain,64,254750.0,4.0,2.0,20000.0,333000.0,0.0,0.0,0.0,,0.0,0.0,0.0,20000.0,1,0,,,,,,,,,,,,,,,,,,15,300000.0,78125.0,300000.0,1111.0,3,78125.0,6,300000.0,1787767048230,0,78125.0,tx_stack_med,300000.0,20000.0,,,20000.0,ah
403,oxidized_copper_chain,Oxidized Copper Chain,64,202491.0,401.0,71.0,33333.0,1000000.0,9300000.0,128.0,2.0,145312.5,159973.0,169.0,13.0,87500.0,4,4,,,,,,,,,,,,,,,,,,15,166667.0,100000.0,325000.0,50000.0,1,150000.0,2,117725.0,1788024507583,0,166667.0,tx_med,202491.0,87500.0,,,87500.0,ah
404,waxed_copper_chain,Waxed Copper Chain,64,45464.0,450.0,9.0,7813.0,369000.0,2841429.0,448.0,7.0,44397.33,123438.0,64.0,1.0,123437.5,64,0,,,,,,,,,,,,,,,,,,15,56250.0,45313.0,189000.0,7813.0,11,50000.0,4,194500.0,1787966262823,0,50000.0,tx_stack_med,194500.0,44397.33,,,44397.33,ah
405,waxed_exposed_copper_chain,Waxed Exposed Copper Chain,64,0.0,0.0,0.0,0.0,0.0,0.0,0.0,0.0,,862500.0,8.0,1.0,862500.0,8,0,,,,,,,,,,,,,,,,,,6,85938.0,85938.0,156250.0,85938.0,5,85938.0,0,,1788002319706,0,85938.0,tx_stack_med,,85938.0,,,85938.0,ah
406,waxed_weathered_copper_chain,Waxed Weathered Copper Chain,64,493333.0,15.0,3.0,50000.0,862500.0,0.0,0.0,0.0,,0.0,0.0,0.0,862500.0,8,0,,,,,,,,,,,,,,,,,,10,85938.0,85938.0,85938.0,50000.0,7,85938.0,1,200000.0,1787780123830,0,85938.0,tx_stack_med,493333.0,85938.0,,,85938.0,ah
407,waxed_oxidized_copper_chain,Waxed Oxidized Copper Chain,64,932051.0,78.0,10.0,100000.0,9900000.0,46000000.0,64.0,1.0,718750.0,0.0,0.0,0.0,999999.0,1,0,,,,,,,,,,,,,,,,,,15,1000000.0,999999.0,9900000.0,100000.0,1,718750.0,12,2000000.0,1787796605064,0,1000000.0,tx_med,2000000.0,999999.0,,,999999.0,ah
408,glass_pane,Glass Pane,64,1046.0,218992.0,3552.0,78.12,83333.0,64661.0,208704.0,3261.0,1010.33,578.0,66650.0,1131.0,609.38,64,8206,,,,,,,,,,,,,,,,,,15,609.0,609.0,609.0,609.0,15,609.0,0,,1788026239419,0,609.0,tx_stack_med,1046.0,609.0,,,609.0,ah
409,melon,Melon,64,1654.0,35758.0,628.0,612.0,100000.0,104056.0,33920.0,530.0,1625.88,1943.0,5574.0,99.0,1093.75,64,461,,,,,27.5,27.5,47,27.5,3,59,75,,,,,,,15,1563.0,1484.0,3125.0,1094.0,10,1563.0,0,,1788025678740,0,1563.0,tx_stack_med,1654.0,1093.75,27.5,finance_jun25,27.5,orders
410,vine,Vines,64,3076.0,41506.0,1183.0,234.0,350000.0,165568.0,31616.0,494.0,2587.0,3872.0,8333.0,290.0,1406.25,64,1208,,,,,,,,,,,,,,,9750.0,1,,15,1563.0,1406.0,1641.0,1406.0,14,1563.0,1,28999.0,1788026378659,0,1563.0,tx_stack_med,3076.0,1406.25,,,1406.25,ah
411,glow_lichen,Glow Lichen,64,945.0,405230.0,7910.0,78.12,781250.0,54821.0,394048.0,6157.0,856.58,1054.0,117281.0,2408.0,29999.99,1,8011,,,,,11,11,12,5.1,5,97,98,,,,,,,15,25000.0,1563.0,30000.0,1250.0,4,1328.0,11,30000.0,1788026690048,0,1328.0,tx_stack_med,30000.0,856.58,11,finance_jun25,11,orders
412,resin_clump,Resin Clump,64,3364.0,10187.0,226.0,156.0,1000000.0,188578.0,9344.0,146.0,2946.53,1839.0,2740.0,78.0,1171.88,64,1477,,,,,,,,,,,,,,,,,,15,1016.0,1016.0,1172.0,1016.0,13,1016.0,2,50000.0,1788026319096,0,1016.0,tx_stack_med,3364.0,1016.0,,,1016.0,ah
413,resin_block,Block of Resin,64,6228.0,15707.0,265.0,469.0,1000000.0,390713.0,15296.0,239.0,6104.89,4579.0,3495.0,57.0,3255.81,43,491,,,,,,,,,,,,,,,,,,15,4063.0,3906.0,4063.0,3256.0,14,4063.0,0,,1788025941963,0,4063.0,tx_stack_med,6228.0,3255.81,,,3255.81,ah
414,resin_bricks,Resin Bricks,64,5651.0,20768.0,371.0,556.0,500000.0,355158.0,19776.0,309.0,5549.34,6143.0,2324.0,48.0,10000.0,10,202,,,,,,,,,,,,,,,,,,15,7797.0,6250.0,7813.0,4286.0,12,7797.0,0,,1788025723979,0,7797.0,tx_stack_med,5651.0,5549.34,,,5549.34,ah
415,resin_brick_stairs,Resin Brick Stairs,64,15249.0,614.0,14.0,2174.0,100000.0,920375.0,512.0,8.0,14380.86,22670.0,397.0,7.0,15625.0,64,0,,,,,,,,,,,,,,,,,,15,15625.0,15625.0,17188.0,14016.0,12,15625.0,0,,1788010463250,0,15625.0,tx_stack_med,15249.0,14380.86,,,14380.86,ah
416,resin_brick_slab,Resin Brick Slab,64,185246.0,573.0,14.0,1667.0,781250.0,12635800.0,320.0,5.0,197434.38,6000.0,50.0,1.0,6000.0,50,0,,,,,,,,,,,,,,,,,,15,15625.0,6349.0,31094.0,3350.0,11,15625.0,0,,1787954332851,0,15625.0,tx_stack_med,185246.0,6000.0,,,6000.0,ah
417,resin_brick_wall,Resin Brick Wall,64,23994.0,497.0,10.0,3226.0,312500.0,1029167.0,384.0,6.0,16080.73,15192.0,125.0,3.0,50000.0,1,0,,,,,,,,,,,,,,,,,,15,15625.0,12000.0,15625.0,3226.0,12,15625.0,1,50000.0,1787993680846,0,15625.0,tx_stack_med,23994.0,15625.0,,,15625.0,ah
418,chiseled_resin_bricks,Chiseled Resin Bricks,64,29707.0,459.0,13.0,714.0,299000.0,1967800.0,320.0,5.0,30746.88,13905.0,199.0,6.0,14138.89,36,0,,,,,,,,,,,,,,,,,,15,16667.0,14063.0,33333.0,6000.0,7,15625.0,2,164500.0,1788009096049,0,15625.0,tx_stack_med,29707.0,14138.89,,,14138.89,ah
419,brick_stairs,Brick Stairs,64,46100.0,1425.0,30.0,116.0,765625.0,3631317.0,1088.0,17.0,56739.33,50067.0,728.0,13.0,1250000.0,8,0,,,,,,,,,,,,,,,,,,15,8594.0,7031.0,14063.0,6250.0,13,8594.0,0,,1788010533848,0,8594.0,tx_stack_med,46100.0,8594.0,,,8594.0,ah
420,stone_brick_stairs,Stone Brick Stairs,64,3898.0,76148.0,1205.0,156.0,156250.0,247094.0,74432.0,1163.0,3860.84,4227.0,15293.0,250.0,2031.25,64,1595,,,,,,,,50,4,,,623.44,,,,,,15,1563.0,1047.0,1563.0,625.0,15,1563.0,0,,1788025944166,0,1563.0,tx_stack_med,3898.0,1563.0,,,1563.0,ah
421,mud_brick_stairs,Mud Brick Stairs,64,8064.0,13203.0,211.0,1908.0,39063.0,519396.0,12800.0,200.0,8115.56,12165.0,1558.0,28.0,1562.5,64,64,,,,,,,,,,,,,,,,,,15,7031.0,3109.0,20313.0,1563.0,10,6641.0,0,,1788026222280,0,6641.0,tx_stack_med,8064.0,1562.5,,,1562.5,ah
422,mycelium,Mycelium,64,702.0,12622.0,220.0,1.0,100000.0,42042.0,11264.0,176.0,656.91,331.0,3161.0,51.0,312.5,64,64,,,,,,,,,,,,,,,,,,15,391.0,313.0,391.0,156.0,13,391.0,1,20000.0,1788026409844,0,391.0,tx_stack_med,702.0,312.5,,,312.5,ah
423,lily_pad,Lily Pad,64,8835.0,14127.0,1324.0,300.0,1000000.0,395513.0,8640.0,135.0,6179.89,6872.0,4148.0,261.0,30000.0,1,231,,,,,,,,,,,,,,,,,,15,30000.0,30000.0,49900.0,1317.0,0,,14,30000.0,1788026355582,0,30000.0,tx_med,30000.0,6179.89,,,6179.89,ah
424,nether_bricks,Nether Bricks,64,2418.0,96572.0,1575.0,156.0,468750.0,155897.0,93312.0,1458.0,2435.89,1679.0,24714.0,400.0,17857.14,56,1206,,,,,,,,20,4,,,,,,,,,15,5797.0,4688.0,10000.0,1975.0,8,4688.0,0,,1788025893916,0,4688.0,tx_stack_med,2418.0,2435.89,,,2435.89,ah
425,cracked_nether_bricks,Cracked Nether Bricks,64,18790.0,372.0,7.0,9375.0,42188.0,1296000.0,320.0,5.0,20250.0,17986.0,139.0,3.0,45454.55,11,0,,,,,,,,,,,,,,,,,,15,15625.0,9804.0,25000.0,469.0,11,15625.0,1,10000.0,1788017529858,0,15625.0,tx_stack_med,18790.0,15625.0,,,15625.0,ah
426,chiseled_nether_bricks,Chiseled Nether Bricks,64,44648.0,2871.0,55.0,1562.0,1562500.0,3704047.0,1984.0,31.0,57875.73,18015.0,519.0,24.0,10000.0,1,66,,,,,,,,,,,,,,,,,,15,10000.0,10000.0,13700.0,1000.0,0,,13,10000.0,1788025673119,0,10000.0,tx_med,10000.0,10000.0,,,10000.0,ah
427,nether_brick_fence,Nether Brick Fence,64,38752.0,7634.0,158.0,1547.0,1562500.0,2581670.0,6656.0,104.0,40338.59,5283.0,1776.0,39.0,6250.0,64,64,,,,,,,,,,,,,,,,,,15,6250.0,6250.0,7813.0,2500.0,11,6250.0,1,1000000.0,1788026721075,0,6250.0,tx_stack_med,38752.0,6250.0,,,6250.0,ah
428,nether_brick_stairs,Nether Brick Stairs,64,10053.0,6326.0,104.0,1136.0,50000.0,652931.0,5952.0,93.0,10202.05,21348.0,862.0,16.0,15609.38,64,680,,,,,,,,,,,,,,,,,,15,15594.0,15594.0,15609.0,14063.0,13,15594.0,0,,1788025859186,0,15594.0,tx_stack_med,10053.0,10202.05,,,10202.05,ah
429,sculk,Sculk,64,1492.0,174018.0,2855.0,156.0,150000.0,94334.0,165696.0,2589.0,1473.97,1075.0,41894.0,675.0,1546.88,64,4627,,,,,,,,,,,,,,,,,,15,1547.0,1516.0,1561.0,1094.0,14,1547.0,0,,1788026724237,0,1547.0,tx_stack_med,1492.0,1473.97,,,1473.97,ah
430,sculk_vein,Sculk Vein,64,3313.0,22469.0,406.0,156.0,25000000.0,136097.0,19392.0,303.0,2126.52,24471.0,4793.0,93.0,14843.75,64,298,,,,,,,,,,,,,,,,,,15,6000.0,2000.0,14844.0,391.0,6,14844.0,0,,1788025942835,0,14844.0,tx_stack_med,3313.0,2126.52,,,2126.52,ah
431,sculk_catalyst,Sculk Catalyst,64,13333.0,5632.0,393.0,750.0,100000.0,793943.0,4736.0,74.0,12405.36,9989.0,1127.0,103.0,7999.0,1,2,,,,,100,100,100,90,10,86,92,,,,,,,15,11000.0,10000.0,35000.0,5000.0,0,,11,25000.0,1788023214462,0,11000.0,tx_med,25000.0,7999.0,100,finance_jun25,100,orders
432,sculk_shrieker,Sculk Shrieker,64,36076.0,1611.0,391.0,2900.0,1000000.0,1977883.0,832.0,13.0,30904.42,14152.0,866.0,72.0,25000.0,4,10,,,,,,,,8600,4,,,75000,,,,,,15,25000.0,20000.0,33000.0,8333.0,0,,12,25000.0,1788024886841,0,25000.0,tx_med,25000.0,25000.0,,,25000.0,ah
433,enchanting_table,Enchanting Table,64,54861.0,3992.0,2581.0,5500.0,1000000.0,1487500.0,1024.0,16.0,23242.19,55119.0,651.0,624.0,89995.0,1,58,,,,,5000,5000,5000,1500,12,77.2,86,,,,,,,15,89995.0,79000.0,89995.0,30847.0,0,,15,89995.0,1788026357633,0,89995.0,tx_med,89995.0,23242.19,5000,finance_jun25,5000,orders
434,end_portal_frame,End Portal Frame,64,0.0,0.0,0.0,0.0,0.0,0.0,0.0,0.0,,0.0,0.0,0.0,,,,,,,,,,,,,,,,,,,,,,,,,,,,,,,0,,,,,,,,
435,end_stone,End Stone,64,404.0,242892.0,3931.0,17.18,1000000.0,24777.0,235776.0,3684.0,387.14,657.0,71955.0,1156.0,1093.75,64,6778,,,,,,,,,,,,,,,,,,15,625.0,517.0,781.0,469.0,13,625.0,0,,1788026487366,0,625.0,tx_stack_med,404.0,387.14,,,387.14,ah
436,end_stone_bricks,End Stone Bricks,64,1668.0,29635.0,492.0,38.46,78125.0,105069.0,27328.0,427.0,1641.7,2867.0,7404.0,123.0,1328.12,64,1040,,,,,,,,,,,,,,,,,,15,313.0,313.0,1328.0,313.0,15,313.0,0,,1788026347984,0,313.0,tx_stack_med,1668.0,313.0,,,313.0,ah
437,dragon_egg,Dragon Egg,64,0.0,0.0,0.0,0.0,0.0,0.0,0.0,0.0,,0.0,0.0,0.0,,,,,,,,,,,,,,,,,,,,,,,,,,,,,,,0,,,,,,,,
438,sandstone_stairs,Sandstone Stairs,64,7755.0,29151.0,462.0,0.5,156250.0,494498.0,28736.0,449.0,7726.53,6884.0,4640.0,76.0,3125.0,64,384,,,,,,,,,,,,,,,,,,15,3125.0,1563.0,3125.0,1563.0,15,3125.0,0,,1788026488222,0,3125.0,tx_stack_med,7755.0,3125.0,,,3125.0,ah
439,ender_chest,Ender Chest,64,24831.0,67561.0,19648.0,7500.0,22200000.0,1222145.0,37632.0,588.0,19096.02,12882.0,27678.0,7604.0,50000.0,1,4157,9900,6000,9000,1788026208,3200,4300,4300,1700,25,55.7,73,15000,14400.0,11,25000.0,1,,15,38000.0,17000.0,40000.0,14938.0,0,,11,40000.0,1788026640859,0,38000.0,tx_med,40000.0,19096.02,6000,lootseller,6000,orders
440,emerald_block,Block of Emerald,64,27686.0,230120.0,6385.0,20312.0,2000000.0,1736416.0,215744.0,3371.0,27131.5,26661.0,56964.0,1616.0,31250.0,32,6406,29900,21100,27000,1788026208,5000,5000,5266.67,3500,175,63.8,78,26000,,,28260.9,3,,15,37500.0,29531.0,59000.0,27969.0,4,27969.0,7,59000.0,1788026723107,0,27969.0,tx_stack_med,59000.0,27131.5,21100,lootseller,21100,orders
441,oak_stairs,Oak Stairs,64,3434.0,41853.0,679.0,317.0,156250.0,222364.0,39744.0,621.0,3474.44,4036.0,8133.0,133.0,1612.9,62,250,,,,,,,,,,,,,,,,,,15,3125.0,1563.0,3125.0,1000.0,10,3125.0,0,,1788025396487,0,3125.0,tx_stack_med,3434.0,1612.9,,,1612.9,ah
442,spruce_stairs,Spruce Stairs,64,1294.0,163778.0,2615.0,135.0,250000.0,83261.0,159680.0,2495.0,1300.95,1079.0,37613.0,601.0,781.25,64,2788,,,,,,,,,,,,,,,,,,15,780.0,469.0,781.0,469.0,15,780.0,0,,1788026586465,0,780.0,tx_stack_med,1294.0,780.0,,,780.0,ah
443,birch_stairs,Birch Stairs,64,4802.0,24677.0,392.0,39.06,73073.0,309175.0,24320.0,380.0,4830.86,8072.0,3200.0,50.0,6234.38,64,640,,,,,,,,,,,,,,,,,,15,6234.0,4086.0,6234.0,3906.0,12,6234.0,3,15000.0,1788025600056,0,6234.0,tx_stack_med,15000.0,4830.86,,,4830.86,ah
444,jungle_stairs,Jungle Stairs,64,25719.0,6217.0,101.0,38.46,1666667.0,618246.0,5952.0,93.0,9660.09,54821.0,466.0,15.0,78125.0,64,64,,,,,,,,,,,,,,,,,,15,7000.0,7000.0,78125.0,313.0,7,78125.0,6,7000.0,1788023989250,0,78125.0,tx_stack_med,7000.0,7000.0,,,7000.0,ah
445,acacia_stairs,Acacia Stairs,64,12184.0,1960.0,38.0,1000.0,31250.0,857982.0,1600.0,25.0,13405.97,8293.0,492.0,12.0,2000.0,1,0,,,,,,,,,,,,,,,,,,15,7812.0,7797.0,10000.0,1429.0,9,7812.0,4,10000.0,1788008180848,0,7812.0,tx_stack_med,10000.0,2000.0,,,2000.0,ah
446,cherry_stairs,Cherry Stairs,64,7695.0,21829.0,377.0,167.0,50000.0,498149.0,20992.0,328.0,7783.58,10396.0,6042.0,98.0,1562.5,64,416,,,,,,,,,,,,,,,,,,15,2250.0,1563.0,3125.0,1563.0,13,2250.0,0,,1788026527648,0,2250.0,tx_stack_med,7695.0,1562.5,,,1562.5,ah
447,dark_oak_stairs,Dark Oak Stairs,64,8728.0,50792.0,823.0,313.0,1406250.0,554340.0,49536.0,774.0,8661.56,3046.0,8429.0,141.0,2656.25,64,888,,,,,,,,,,,,,,,,,,15,2656.0,2656.0,3125.0,781.0,12,2656.0,0,,1788026546415,0,2656.0,tx_stack_med,8728.0,2656.0,,,2656.0,ah
448,pale_oak_stairs,Pale Oak Stairs,64,6679.0,45063.0,743.0,500.0,1562500.0,419655.0,43328.0,677.0,6557.11,8025.0,9587.0,174.0,11718.75,64,448,,,,,,,,,,,,,,,,,,15,3906.0,3906.0,3906.0,3891.0,15,3906.0,0,,1788024977332,0,3906.0,tx_stack_med,6679.0,3906.0,,,3906.0,ah
449,mangrove_stairs,Mangrove Stairs,64,8910.0,13305.0,215.0,435.0,300000.0,579666.0,12544.0,196.0,9057.28,6563.0,3558.0,58.0,6875.0,64,148,,,,,,,,,,,,,,,,,,15,6875.0,6875.0,6875.0,2500.0,13,6875.0,0,,1788025529606,0,6875.0,tx_stack_med,8910.0,6875.0,,,6875.0,ah
450,bamboo_stairs,Bamboo Stairs,64,5330.0,14239.0,227.0,781.0,15625.0,343706.0,13696.0,214.0,5370.41,7316.0,3773.0,66.0,6250.0,64,192,,,,,,,,,,,,,,,,,,15,6250.0,5000.0,7797.0,3906.0,12,6250.0,0,,1788026550777,0,6250.0,tx_stack_med,5330.0,5370.41,,,5370.41,ah
451,bamboo_mosaic_stairs,Bamboo Mosaic Stairs,64,16967.0,1442.0,41.0,1389.0,78125.0,1073528.0,1280.0,20.0,16773.88,141012.0,324.0,6.0,390625.0,64,0,,,,,,,,,,,,,,,,,,15,14453.0,10766.0,107813.0,1389.0,13,14453.0,0,,1787966836137,0,14453.0,tx_stack_med,16967.0,14453.0,,,14453.0,ah
452,crimson_stairs,Crimson Stairs,64,5812.0,9643.0,156.0,1000.0,70175.0,355555.0,9024.0,141.0,5555.55,10324.0,2160.0,35.0,78125.0,64,0,,,,,,,,,,,,,,,,,,15,7797.0,3125.0,11719.0,3125.0,14,8586.0,0,,1788016253682,0,8586.0,tx_stack_med,5812.0,5555.55,,,5555.55,ah
453,warped_stairs,Warped Stairs,64,31243.0,19635.0,334.0,1058.0,6859375.0,2079936.0,18560.0,290.0,32499.0,9188.0,4402.0,84.0,7812.5,64,128,,,,,,,,,,,,,,,,,,15,7813.0,7813.0,7813.0,7797.0,15,7813.0,0,,1788026049157,0,7813.0,tx_stack_med,31243.0,7812.5,,,7812.5,ah
455,beacon,Beacon,64,170401.0,31906.0,1835.0,120312.0,2000000.0,10688175.0,29248.0,457.0,167002.73,171053.0,11278.0,621.0,175000.0,1,303,165000,149000,160000,1788026208,131000,132000,132000,128000,45,45.7,67,200000,,,,,,15,250000.0,218750.0,299000.0,159000.0,2,188875.0,12,274500.0,1788026701080,0,250000.0,tx_med,274500.0,167002.73,149000,lootseller,149000,orders
456,cobblestone_wall,Cobblestone Wall,64,228.0,369449.0,5824.0,2.0,15625.0,14377.0,359616.0,5619.0,224.64,319.0,73559.0,1178.0,156.25,64,7473,,,,,,,,1,6,,,,,,,,,15,333.0,313.0,1094.0,313.0,10,313.0,0,,1788026381293,0,313.0,tx_stack_med,228.0,156.25,,,156.25,ah
457,mossy_cobblestone_wall,Mossy Cobblestone Wall,64,5252.0,6850.0,110.0,341.0,500000.0,297422.0,6528.0,102.0,4647.22,5361.0,2595.0,43.0,3437.5,64,256,,,,,,,,,,,,,,,,,,15,3891.0,2344.0,3906.0,1970.0,14,3891.0,0,,1788025706188,0,3891.0,tx_stack_med,5252.0,3437.5,,,3437.5,ah
458,brick_wall,Brick Wall,64,28108.0,1914.0,32.0,3333.0,312344.0,1680321.0,1792.0,28.0,26255.02,20535.0,1101.0,18.0,10869.57,46,0,,,,,,,,,,,,,,,,,,15,11111.0,8594.0,15625.0,3906.0,11,9055.0,0,,1788021934182,0,9055.0,tx_stack_med,28108.0,9055.0,,,9055.0,ah
459,prismarine_wall,Prismarine Wall,64,14541.0,5191.0,93.0,2500.0,100000.0,891412.0,4864.0,76.0,13928.31,12033.0,959.0,15.0,12343.75,64,0,,,,,,,,,,,,,,,,,,15,12344.0,11391.0,13281.0,7937.0,14,12344.0,0,,1788018836491,0,12344.0,tx_stack_med,14541.0,12343.75,,,12343.75,ah
460,red_sandstone_wall,Red Sandstone Wall,64,60044.0,1079.0,22.0,1563.0,200000.0,4189200.0,960.0,15.0,65456.25,46875.0,64.0,1.0,29687.5,64,0,,,,,,,,,,,,,,,,,,15,46875.0,29688.0,5000000.0,29688.0,7,29688.0,7,5000000.0,1788020120555,0,29688.0,tx_stack_med,5000000.0,29687.5,,,29687.5,ah
461,mossy_stone_brick_wall,Mossy Stone Brick Wall,64,5739.0,3711.0,58.0,1547.0,14063.0,368386.0,3648.0,57.0,5756.03,902484.0,384.0,6.0,5937.5,64,0,,,,,,,,,,,,,,,,,,15,5938.0,3125.0,14063.0,1563.0,15,5938.0,0,,1788013858768,0,5938.0,tx_stack_med,5739.0,5756.03,,,5756.03,ah
462,granite_wall,Granite Wall,64,10110.0,6262.0,103.0,385.0,300000.0,643484.0,6080.0,95.0,10054.44,5863.0,1006.0,18.0,5468.75,64,0,,,,,,,,,,,,,,,,,,15,4688.0,3906.0,6250.0,3750.0,15,4688.0,0,,1788020521225,0,4688.0,tx_stack_med,10110.0,4688.0,,,4688.0,ah
463,stone_brick_wall,Stone Brick Wall,64,3030.0,106713.0,1681.0,50.0,1718750.0,183951.0,104704.0,1636.0,2874.23,4290.0,13675.0,221.0,1546.88,64,1407,,,,,,,,15,3,,,,,,,,,15,1547.0,1547.0,1547.0,635.0,14,1547.0,0,,1788026464135,0,1547.0,tx_stack_med,3030.0,1546.88,,,1546.88,ah
464,mud_brick_wall,Mud Brick Wall,64,15496.0,15878.0,251.0,83.33,1562500.0,1014640.0,15296.0,239.0,15853.75,15556.0,2240.0,35.0,1875.0,64,256,,,,,,,,100,4,,,,,,,,,15,13033.0,1875.0,31248.0,1824.0,15,13033.0,0,,1788026172672,0,13033.0,tx_stack_med,15496.0,1875.0,,,1875.0,ah
465,nether_brick_wall,Nether Brick Wall,64,8349.0,3485.0,59.0,1333.0,200000.0,536316.0,3264.0,51.0,8379.94,8387.0,447.0,7.0,4193.55,62,0,,,,,,,,,,,,,,,,,,15,7813.0,5833.0,10922.0,4194.0,10,8594.0,0,,1788022175193,0,8594.0,tx_stack_med,8349.0,4193.55,,,4193.55,ah
466,andesite_wall,Andesite Wall,64,5799.0,19553.0,307.0,2000.0,24844.0,372003.0,19200.0,300.0,5812.55,5777.0,3689.0,58.0,3125.0,64,252,,,,,,,,,,,,,,,,,,15,5938.0,5469.0,5938.0,3125.0,13,5938.0,0,,1788025530040,0,5938.0,tx_stack_med,5799.0,3125.0,,,3125.0,ah
467,red_nether_brick_wall,Red Nether Brick Wall,64,22768.0,2919.0,48.0,2941.0,400000.0,1034727.0,2688.0,42.0,16167.61,57813.0,320.0,5.0,39062.5,64,0,,,,,,,,,,,,,,,,,,15,15453.0,14063.0,39063.0,3125.0,14,15453.0,1,400000.0,1788026365328,0,15453.0,tx_stack_med,22768.0,15453.0,,,15453.0,ah
468,sandstone_wall,Sandstone Wall,64,5866.0,23518.0,373.0,125.0,39063.0,377029.0,22720.0,355.0,5891.08,24975.0,5685.0,90.0,7812.5,64,350,,,,,,,,,,,,,,,,,,15,6667.0,2344.0,7813.0,2344.0,14,5078.0,0,,1788026642521,0,5078.0,tx_stack_med,5866.0,5078.0,,,5078.0,ah
469,end_stone_brick_wall,End Stone Brick Wall,64,2044.0,4066.0,65.0,167.0,10938.0,129638.0,3712.0,58.0,2025.59,37500.0,192.0,3.0,62500.0,64,0,,,,,,,,,,,,,,,,,,15,10938.0,4688.0,26563.0,167.0,12,13281.0,0,,1788021891807,0,13281.0,tx_stack_med,2044.0,2025.59,,,2025.59,ah
470,diorite_wall,Diorite Wall,64,8658.0,43777.0,689.0,250.0,51000003.0,481900.0,43136.0,674.0,7529.69,9107.0,10080.0,160.0,7812.5,64,768,,,,,,,,,,,,,,,,,,15,7813.0,7813.0,7813.0,7813.0,15,7813.0,0,,1788026669625,0,7813.0,tx_stack_med,8658.0,7529.69,,,7529.69,ah
471,blackstone_wall,Blackstone Wall,64,7003.0,22518.0,365.0,357.0,300000.0,439917.0,21312.0,333.0,6873.7,10642.0,5207.0,87.0,4083.36,14,334,,,,,,,,,,,,,,,,,,15,1563.0,1563.0,1662.0,1273.0,13,1563.0,0,,1788024715688,0,1563.0,tx_stack_med,7003.0,1563.0,,,1563.0,ah
472,polished_blackstone_wall,Polished Blackstone Wall,64,5616.0,14872.0,236.0,1511.0,15594.0,356224.0,14336.0,224.0,5566.0,5582.0,2736.0,44.0,3125.0,64,128,,,,,,,,,,,,,,,,,,15,4688.0,3125.0,4688.0,3074.0,14,4688.0,0,,1788025593143,0,4688.0,tx_stack_med,5616.0,3125.0,,,3125.0,ah
473,polished_blackstone_brick_wall,Polished Blackstone Brick Wall,64,9471.0,9089.0,145.0,625.0,80000.0,614856.0,8768.0,137.0,9607.12,6065.0,1564.0,26.0,7763.8,64,0,,,,,,,,,,,,,,,,,,15,6094.0,3906.0,7071.0,3571.0,13,6094.0,0,,1788018112390,0,6094.0,tx_stack_med,9471.0,6094.0,,,6094.0,ah
474,cobbled_deepslate_wall,Cobbled Deepslate Wall,64,1457.0,11065.0,184.0,50.0,31250.0,97141.0,9984.0,156.0,1517.83,5193.0,1533.0,34.0,4687.5,64,128,,,,,,,,,,,,,,,,,,15,25000.0,1111.0,40000.0,188.0,7,4688.0,6,25000.0,1788022929204,0,4688.0,tx_stack_med,25000.0,1517.83,,,1517.83,ah
475,polished_deepslate_wall,Polished Deepslate Wall,64,3458.0,15553.0,252.0,30.0,100000.0,228147.0,14400.0,225.0,3564.8,6893.0,3191.0,50.0,7812.5,64,64,,,,,,,,,,,,,,,,,,15,7813.0,7797.0,9375.0,7797.0,15,7813.0,0,,1788024157380,0,7813.0,tx_stack_med,3458.0,3564.8,,,3564.8,ah
476,deepslate_brick_wall,Deepslate Brick Wall,64,4050.0,23346.0,379.0,39.06,156250.0,263289.0,22144.0,346.0,4113.89,5693.0,4231.0,68.0,15625.0,64,512,,,,,,,,,,,,,,,,,,15,1563.0,1563.0,1563.0,1234.0,14,1563.0,1,2000.0,1788026061663,0,1563.0,tx_stack_med,4050.0,1563.0,,,1563.0,ah
477,deepslate_tile_wall,Deepslate Tile Wall,64,2398.0,29132.0,460.0,469.0,60000.0,154491.0,28352.0,443.0,2413.92,3901.0,4100.0,66.0,2343.75,64,832,,,,,,,,,,,,,,,,,,15,2344.0,1563.0,2344.0,1250.0,15,2344.0,0,,1788025584126,0,2344.0,tx_stack_med,2398.0,2343.75,,,2343.75,ah
478,anvil,Anvil,64,25742.0,34190.0,9110.0,10800.0,5000000.0,1349310.0,18432.0,288.0,21082.97,16776.0,9360.0,3131.0,18750.0,64,1407,,,,,4900,6100,6100,1000,24,57.1,74,30999.99,19400.0,1,,,,15,20000.0,17000.0,29500.0,15625.0,3,18750.0,10,20000.0,1788026286338,0,18750.0,tx_stack_med,20000.0,18750.0,4900,finance_jun25,4900,orders
479,chipped_anvil,Chipped Anvil,64,10134.0,27016.0,645.0,2000.0,130000.0,640607.0,25600.0,400.0,10009.48,7254.0,6731.0,171.0,6111.11,45,238,,,,,1,1,10,10,4,91.1,95,,,,,,,15,13906.0,10000.0,25000.0,781.0,7,13855.0,7,25000.0,1788026716529,0,13855.0,tx_stack_med,25000.0,6111.11,1,finance_jun25,1,orders
480,damaged_anvil,Damaged Anvil,64,8567.0,7268.0,248.0,1953.0,1000000.0,499860.0,6912.0,108.0,7810.31,6340.0,1570.0,55.0,30000.0,1,7,,,,,,,,,,,,,,,,,,15,30000.0,10000.0,30000.0,4333.0,0,,10,30000.0,1788023737190,0,30000.0,tx_med,30000.0,7810.31,,,7810.31,ah
481,chiseled_quartz_block,Chiseled Quartz Block,64,6858.0,36327.0,595.0,1250.0,125000.0,437539.0,34368.0,537.0,6836.55,5106.0,9137.0,146.0,15000.0,1,200,,,,,,,,,,,,,,,,,,15,13000.0,5100.0,20000.0,952.0,6,6785.0,8,17500.0,1788025538236,0,6785.0,tx_stack_med,17500.0,6785.0,,,6785.0,ah
482,quartz_block,Block of Quartz,64,,,,,,,,,,,,,4687.5,16,9529,,,,,1100,1200,1166.67,500,60,45.9,68,5000,,,,,,,,,,,,,,,,,,,,4687.5,1100,finance_jun25,1100,orders
483,quartz_bricks,Quartz Bricks,64,3987.0,53403.0,1139.0,500.0,100000.0,252151.0,45056.0,704.0,3939.86,4528.0,10375.0,206.0,3740.0,10,683,,,,,,,,,,,,,,,,,,15,3386.0,3109.0,3738.0,1538.0,7,3386.0,1,3100.0,1788024827653,0,3386.0,tx_stack_med,3987.0,3386.0,,,3386.0,ah
484,quartz_pillar,Quartz Pillar,64,5738.0,91017.0,1659.0,625.0,150000.0,346375.0,86336.0,1349.0,5412.11,5950.0,22826.0,396.0,3906.25,64,1264,,,,,,,,,,,,,,,,,,15,5714.0,1600.0,100000.0,1250.0,8,1600.0,4,100000.0,1788025560924,0,1600.0,tx_stack_med,100000.0,1600.0,,,1600.0,ah
485,quartz_stairs,Quartz Stairs,64,7936.0,112652.0,1946.0,714.0,42499999.0,263130.0,106112.0,1658.0,4111.41,4045.0,31806.0,531.0,3750.0,64,2380,,,,,,,,,,,,,,,,,,15,3750.0,3750.0,3750.0,3750.0,15,3750.0,0,,1788026716611,0,3750.0,tx_stack_med,7936.0,3750.0,,,3750.0,ah
486,white_terracotta,White Terracotta,64,2489.0,63018.0,1045.0,20.0,90000.0,160890.0,60544.0,946.0,2513.91,2318.0,11937.0,198.0,1650.0,6,1025,,,,,28,28,29,28,5,99,99,,,,,,,15,859.0,781.0,1000.0,678.0,12,859.0,0,,1788026337273,0,859.0,tx_stack_med,2489.0,859.0,28,finance_jun25,28,orders
487,orange_terracotta,Orange Terracotta,64,1821.0,37243.0,649.0,20.0,80000.0,117602.0,34304.0,536.0,1837.53,1596.0,8801.0,150.0,500.0,20,522,,,,,,,,,,,,,,,,,,15,703.0,156.0,1484.0,26.56,10,586.0,2,1500.0,1788026027079,0,586.0,tx_stack_med,1821.0,500.0,,,500.0,ah
488,magenta_terracotta,Magenta Terracotta,64,7957.0,16573.0,263.0,833.0,15625.0,515142.0,15744.0,246.0,8049.09,5640.0,2388.0,39.0,4636.0,37,0,,,,,3000,,3000,3000,4,0,0,1093.75,,,,,,15,4688.0,4688.0,4688.0,4167.0,13,4688.0,0,,1788016288885,0,4688.0,tx_stack_med,7957.0,4636.0,3000,finance_jun25,3000,orders
489,light_blue_terracotta,Light Blue Terracotta,64,8507.0,31226.0,495.0,97.01,99000.0,547828.0,30400.0,475.0,8559.81,6561.0,7983.0,126.0,6250.0,64,198,,,,,20,101,101,20,3,43.9,66,,,,,,,15,6250.0,6250.0,7797.0,1650.0,14,6680.0,0,,1788026370564,0,6680.0,tx_stack_med,8507.0,6250.0,20,finance_jun25,20,orders
490,yellow_terracotta,Yellow Terracotta,64,1647.0,61385.0,1012.0,156.0,33500.0,106046.0,58176.0,909.0,1656.97,1347.0,11659.0,200.0,3125.0,64,750,,,,,,,,,,,,,,,,,,15,2778.0,1650.0,2813.0,1563.0,12,2578.0,0,,1788025495012,0,2578.0,tx_stack_med,1647.0,1656.97,,,1656.97,ah
491,lime_terracotta,Lime Terracotta,64,6277.0,27017.0,432.0,1000.0,30000.0,405302.0,26368.0,412.0,6332.84,5845.0,4431.0,72.0,8575.0,64,142,,,,,,,,,,,,,,,,,,15,4297.0,3891.0,14844.0,1650.0,13,6250.0,0,,1788025599882,0,6250.0,tx_stack_med,6277.0,4297.0,,,4297.0,ah
492,pink_terracotta,Pink Terracotta,64,8671.0,24191.0,379.0,1000.0,15625.0,555932.0,23936.0,374.0,8686.44,7138.0,4147.0,65.0,1650.0,6,70,,,,,105,105,106,105,4,59.4,76,,,,,,,15,15625.0,6219.0,15625.0,1650.0,14,15625.0,0,,1788026511821,0,15625.0,tx_stack_med,8671.0,1650.0,105,finance_jun25,105,orders
493,gray_terracotta,Gray Terracotta,64,6093.0,42327.0,674.0,469.0,15625.0,392441.0,41664.0,651.0,6131.89,7754.0,7734.0,125.0,4812.5,64,448,,,,,670,670,670,121,8,67.7,81,,,,,,,15,4828.0,4813.0,6250.0,3281.0,15,4828.0,0,,1788023866821,0,4828.0,tx_stack_med,6093.0,4812.5,670,finance_jun25,670,orders
494,light_gray_terracotta,Light Gray Terracotta,64,2730.0,28925.0,505.0,78.12,15625.0,177583.0,26624.0,416.0,2774.73,2173.0,5899.0,96.0,1650.0,6,710,,,,,350,350,350,350,6,14.6,49,1546.88,,,,,,15,781.0,625.0,859.0,625.0,14,781.0,0,,1788025446590,0,781.0,tx_stack_med,2730.0,781.0,350,finance_jun25,350,orders
495,cyan_terracotta,Cyan Terracotta,64,4776.0,105525.0,1664.0,301.0,16667.0,306430.0,104192.0,1628.0,4787.97,5200.0,13101.0,207.0,3125.0,64,2343,,,,,60,60,60,10,6,49.9,70,,,,,,,15,3125.0,3125.0,3125.0,1650.0,14,3125.0,0,,1788026715600,0,3125.0,tx_stack_med,4776.0,3125.0,60,finance_jun25,60,orders
496,purple_terracotta,Purple Terracotta,64,6487.0,16702.0,266.0,270.0,15625.0,418363.0,16192.0,253.0,6536.92,7556.0,5412.0,85.0,1650.0,6,6,,,,,,,,,,,,,,,,,,15,4688.0,3495.0,7813.0,781.0,14,5777.0,0,,1788024822226,0,5777.0,tx_stack_med,6487.0,1650.0,,,1650.0,ah
497,blue_terracotta,Blue Terracotta,64,5019.0,38240.0,611.0,26.01,21429.0,320858.0,37120.0,580.0,5013.41,4888.0,6632.0,108.0,1470.59,34,300,,,,,60,60,2000,60,7,97.6,99,,,,,,,15,2344.0,1471.0,6094.0,251.0,10,4758.0,0,,1788025067018,0,4758.0,tx_stack_med,5019.0,1470.59,60,finance_jun25,60,orders
498,brown_terracotta,Brown Terracotta,64,3037.0,50422.0,814.0,78.12,24925.0,196104.0,48704.0,761.0,3064.12,1913.0,9803.0,162.0,1546.88,64,739,,,,,500,500,500,1,3,62.5,77,,,,,,,15,1172.0,781.0,1531.0,167.0,12,1172.0,0,,1788025572919,0,1172.0,tx_stack_med,3037.0,1172.0,500,finance_jun25,500,orders
499,green_terracotta,Green Terracotta,64,4674.0,66215.0,1072.0,625.0,50000.0,299032.0,64768.0,1012.0,4672.38,5982.0,12451.0,203.0,4687.5,64,792,,,,,11,11,11,5,6,52.7,72,,,,,,,15,3109.0,3109.0,4688.0,1650.0,13,3125.0,0,,1788026701616,0,3125.0,tx_stack_med,4674.0,3109.0,11,finance_jun25,11,orders
500,red_terracotta,Red Terracotta,64,1646.0,53725.0,890.0,52.63,20000.0,105586.0,50688.0,792.0,1649.78,2018.0,9016.0,159.0,3125.0,32,1284,,,,,10,18,18,10,6,97.8,99,,,,,,,15,3125.0,3125.0,3125.0,1563.0,4,8594.0,0,,1788026438874,0,8594.0,tx_stack_med,1646.0,1649.78,10,finance_jun25,10,orders
501,black_terracotta,Black Terracotta,64,4968.0,29909.0,475.0,300.0,15625.0,321345.0,29120.0,455.0,5021.02,6368.0,6643.0,105.0,13593.75,64,307,,,,,11,,11,11,7,0,0,,,,,,,15,13594.0,9219.0,15594.0,1556.0,13,13906.0,0,,1788025432868,0,13906.0,tx_stack_med,4968.0,5021.02,11,finance_jun25,11,orders
502,barrier,Barrier,64,0.0,0.0,0.0,0.0,0.0,0.0,0.0,0.0,,0.0,0.0,0.0,0.0,1,0,,,,,,,,,,,,,,,,,,,,,,,,,,,,0,,,,,,,,
503,light,Light,64,0.0,0.0,0.0,0.0,0.0,0.0,0.0,0.0,,0.0,0.0,0.0,,,,,,,,,,,,,,,,,,,,,,,,,,,,,,,0,,,,,,,,
504,hay_block,Hay Bale,64,6317.0,24944.0,680.0,2000.0,70000.0,380214.0,21824.0,341.0,5940.84,11152.0,4783.0,143.0,10000.0,2,12,,,,,2100,2700,2700,1700,11,16.1,50,50000,,,,,,15,35000.0,13265.0,40000.0,6250.0,0,,7,40000.0,1788026488556,0,35000.0,tx_med,40000.0,5940.84,2100,finance_jun25,2100,orders
505,white_carpet,White Carpet,64,1085.0,284479.0,4753.0,173.0,350000.0,65924.0,279104.0,4361.0,1030.06,1266.0,64259.0,1101.0,2031.25,64,3193,,,,,15,15,55,15,8,32.8,60,,,,,,,15,2031.0,1563.0,3750.0,1078.0,13,2031.0,1,50000.0,1788026130939,0,2031.0,tx_stack_med,1085.0,1030.06,15,finance_jun25,15,orders
506,orange_carpet,Orange Carpet,64,15080.0,17395.0,282.0,469.0,1171875.0,993854.0,16640.0,260.0,15528.97,8045.0,5215.0,87.0,3593.75,64,896,,,,,,,,,,,,,,,,,,15,3594.0,3125.0,3594.0,3125.0,15,3594.0,0,,1788026202914,0,3594.0,tx_stack_med,15080.0,3593.75,,,3593.75,ah
507,magenta_carpet,Magenta Carpet,64,5883.0,7161.0,127.0,339.0,193750.0,272126.0,6464.0,101.0,4251.97,38005.0,1512.0,28.0,2343.75,64,323,,,,,,,,,,,,,,,,,,15,3906.0,1563.0,15625.0,781.0,11,2344.0,1,46000000.0,1788026527628,0,2344.0,tx_stack_med,5883.0,2343.75,,,2343.75,ah
508,light_blue_carpet,Light Blue Carpet,64,5651.0,14662.0,248.0,156.0,191900.0,348339.0,13504.0,211.0,5442.8,5821.0,3433.0,57.0,1785.71,28,340,,,,,,,,,,,,,,,,,,15,3125.0,1547.0,6042.0,781.0,11,1563.0,0,,1788026044751,0,1563.0,tx_stack_med,5651.0,1563.0,,,1563.0,ah
509,yellow_carpet,Yellow Carpet,64,3925.0,26178.0,446.0,125.0,1000000.0,243806.0,24832.0,388.0,3809.47,3366.0,6810.0,129.0,7656.25,64,320,,,,,,,,,,,,,,,,,,15,4998.0,625.0,7656.0,625.0,14,4063.0,0,,1788025770026,0,4063.0,tx_stack_med,3925.0,3809.47,,,3809.47,ah
510,lime_carpet,Lime Carpet,64,5526.0,9936.0,162.0,781.0,82143.0,340230.0,9472.0,148.0,5316.09,6684.0,2073.0,34.0,9375.0,64,256,,,,,,,,,,,,,,,,,,15,8065.0,7745.0,9219.0,1563.0,13,7797.0,0,,1788026702226,0,7797.0,tx_stack_med,5526.0,5316.09,,,5316.09,ah
511,pink_carpet,Pink Carpet,64,3159.0,38904.0,646.0,1000.0,139063.0,199310.0,37760.0,590.0,3114.22,6872.0,10963.0,177.0,62500.0,64,64,,,,,,,,,,,,,,,,,,15,4688.0,2857.0,4688.0,1875.0,13,4688.0,0,,1788025990670,0,4688.0,tx_stack_med,3159.0,3114.22,,,3114.22,ah
512,gray_carpet,Gray Carpet,64,4778.0,41360.0,679.0,545.0,249900.0,303877.0,39424.0,616.0,4748.08,4943.0,10097.0,164.0,11939.0,16,383,,,,,300,300,300,5,3,41.7,65,,,,,,,15,10859.0,1953.0,10859.0,1953.0,12,7591.0,0,,1788025038943,0,7591.0,tx_stack_med,4778.0,4748.08,300,finance_jun25,300,orders
513,light_gray_carpet,Light Gray Carpet,64,7029.0,20448.0,355.0,587.0,500000.0,449210.0,19648.0,307.0,7018.91,9591.0,5647.0,97.0,3125.0,64,512,,,,,,,,,,,,,,,,,,15,6203.0,4688.0,6219.0,938.0,15,6203.0,0,,1788025869072,0,6203.0,tx_stack_med,7029.0,3125.0,,,3125.0,ah
514,cyan_carpet,Cyan Carpet,64,9468.0,11711.0,204.0,169.0,250000.0,607494.0,11008.0,172.0,9492.09,9105.0,2689.0,62.0,3906.25,64,82,,,,,,,,5,3,,,,,,,,,15,5469.0,3514.0,6172.0,1547.0,11,5469.0,0,,1788025820552,0,5469.0,tx_stack_med,9468.0,3906.25,,,3906.25,ah
515,purple_carpet,Purple Carpet,64,7631.0,27963.0,469.0,305.0,189000.0,469013.0,26304.0,411.0,7328.33,5452.0,8097.0,130.0,6234.38,64,131,,,,,,,,,,,,,,,,,,15,6234.0,6234.0,6250.0,6234.0,15,6234.0,0,,1788026553362,0,6234.0,tx_stack_med,7631.0,6234.0,,,6234.0,ah
516,blue_carpet,Blue Carpet,64,3646.0,47303.0,767.0,455.0,3000000.0,225127.0,45440.0,710.0,3517.61,5768.0,11519.0,184.0,5313.0,64,448,,,,,50,60,400,60,3,86.9,92,,,,,,,15,5245.0,4636.0,5313.0,4558.0,14,4966.0,0,,1788025553534,0,4966.0,tx_stack_med,3646.0,3517.61,50,finance_jun25,50,orders
517,brown_carpet,Brown Carpet,64,7187.0,20281.0,329.0,521.0,449900.0,453336.0,19456.0,304.0,7083.38,5057.0,5614.0,91.0,3906.25,64,384,,,,,,,,,,,,,,,,,,15,5203.0,1563.0,5453.0,465.0,14,5297.0,0,,1788026289287,0,5297.0,tx_stack_med,7187.0,3906.25,,,3906.25,ah
518,green_carpet,Green Carpet,64,5554.0,21189.0,347.0,678.0,49800.0,354467.0,20032.0,313.0,5538.55,3305.0,6222.0,115.0,15625.0,64,1472,,,,,,,,,,,,,,,,,,15,15625.0,15625.0,15625.0,14063.0,15,15625.0,0,,1788026683351,0,15625.0,tx_stack_med,5554.0,5538.55,,,5538.55,ah
519,red_carpet,Red Carpet,64,2567.0,151635.0,2511.0,391.0,999000.0,153424.0,142656.0,2229.0,2397.25,4612.0,34155.0,574.0,2890.62,64,1984,,,,,40,40,40,6.2,4,37.9,63,,,,,,,15,3406.0,2891.0,4531.0,2344.0,8,3141.0,0,,1788026673398,0,3141.0,tx_stack_med,2567.0,2397.25,40,finance_jun25,40,orders
520,black_carpet,Black Carpet,64,2695.0,104317.0,1710.0,113.0,156250.0,160416.0,99264.0,1551.0,2506.5,2857.0,22921.0,372.0,1546.88,64,1657,,,,,,,,100,4,,,1093.75,,,,,,15,1547.0,1484.0,1547.0,1484.0,15,1547.0,0,,1788026335009,0,1547.0,tx_stack_med,2695.0,1546.88,,,1546.88,ah
521,terracotta,Terracotta,64,1211.0,63301.0,1082.0,125.0,15594.0,77089.0,57920.0,905.0,1204.52,1200.0,8182.0,153.0,250.0,6,964,,,,,500,500,500,100,3,65.5,79,937.5,,,100000.0,1,,15,469.0,313.0,703.0,156.0,11,703.0,0,,1788026373543,0,703.0,tx_stack_med,1211.0,250.0,500,finance_jun25,250.0,ah
522,packed_ice,Packed Ice,64,422.0,548781.0,8782.0,148.0,100000.0,26273.0,532480.0,8320.0,410.52,363.0,151319.0,2429.0,416.67,48,10567,,,,,296,296,298,120,39,61.1,77,1000,,,,,,15,438.0,313.0,455.0,305.0,12,436.0,0,,1788026670469,0,436.0,tx_stack_med,422.0,410.52,296,finance_jun25,296,orders
523,dirt_path,Dirt Path,64,0.0,0.0,0.0,0.0,0.0,0.0,0.0,0.0,,0.0,0.0,0.0,,,,,,,,,,,,,,,,,,,,,,,,,,,,,,,0,,,,,,,,
524,sunflower,Sunflower,64,910.0,38427.0,749.0,19.23,1000000.0,47536.0,35520.0,555.0,742.75,602.0,12712.0,224.0,468.75,64,1061,,,,,,,,,,,,,,,,,,15,469.0,469.0,469.0,469.0,14,469.0,0,,1788026650499,0,469.0,tx_stack_med,910.0,468.75,,,468.75,ah
525,lilac,Lilac,64,570.0,32440.0,585.0,107.0,100000.0,33735.0,30528.0,477.0,527.11,538.0,9601.0,179.0,312.5,64,392,,,,,,,,,,,,,,,,,,15,313.0,313.0,417.0,156.0,11,313.0,0,,1788026451339,0,313.0,tx_stack_med,570.0,312.5,,,312.5,ah
526,rose_bush,Rose Bush,64,425.0,118414.0,1955.0,15.62,1000000.0,24455.0,114176.0,1784.0,382.11,401.0,27392.0,466.0,125.0,64,1343,,,,,,,,,,,,,,,,,,15,313.0,219.0,313.0,125.0,14,313.0,0,,1788026704802,0,313.0,tx_stack_med,425.0,125.0,,,125.0,ah
527,peony,Peony,64,959.0,12953.0,312.0,12.0,1000000.0,37471.0,11072.0,173.0,585.48,1016.0,2525.0,61.0,656.25,64,73,,,,,,,,,,,,,,,,,,15,781.0,625.0,3333.0,68.42,5,656.0,3,5000.0,1788025220911,0,656.0,tx_stack_med,5000.0,585.48,,,585.48,ah
528,tall_grass,Tall Grass,64,375380.0,702.0,285.0,65000.0,2800000.0,5000000.0,64.0,1.0,78125.0,292386.0,73.0,23.0,480000.0,1,1,,,,,,,,,,,,,,,,,,15,484995.0,375000.0,500000.0,166667.0,0,,13,500000.0,1788022723909,0,484995.0,tx_med,500000.0,480000.0,,,480000.0,ah
529,large_fern,Large Fern,64,813161.0,262.0,235.0,332949.0,5000000.0,0.0,0.0,0.0,,2274073.0,20.0,20.0,1031034.48,29,30,,,,,401000,506000,506000,401000,15,10.5,18,,,,,,,15,1700000.0,1000000.0,3500000.0,849949.0,0,,14,1750000.0,1788025262931,0,1700000.0,tx_med,1750000.0,1031034.48,401000,finance_jun25,401000,orders
530,white_stained_glass,White Stained Glass,64,1352.0,434788.0,6964.0,300.0,87000.0,85603.0,424896.0,6639.0,1337.55,1603.0,113716.0,1851.0,1562.5,64,10142,,,,,310,500,508,310,40,66,80,843.75,,,,,,15,1250.0,1250.0,1563.0,1234.0,15,1250.0,0,,1788026233766,0,1250.0,tx_stack_med,1352.0,1250.0,310,finance_jun25,310,orders
531,orange_stained_glass,Orange Stained Glass,64,2186.0,103973.0,1690.0,250.0,468750.0,139477.0,101248.0,1582.0,2179.33,2344.0,21576.0,347.0,2343.75,64,2736,,,,,,,,,,,,,,,,,,15,3594.0,2813.0,3594.0,2344.0,15,3594.0,0,,1788025490406,0,3594.0,tx_stack_med,2186.0,2179.33,,,2179.33,ah
532,magenta_stained_glass,Magenta Stained Glass,64,1538.0,96906.0,1626.0,391.0,500000.0,92889.0,92032.0,1438.0,1451.39,1374.0,22693.0,380.0,1560.94,64,3078,,,,,,,,370,8,,,10000,,,,,,15,1250.0,1250.0,1561.0,1250.0,15,1250.0,0,,1788025820605,0,1250.0,tx_stack_med,1538.0,1250.0,,,1250.0,ah
533,light_blue_stained_glass,Light Blue Stained Glass,64,2936.0,125887.0,2011.0,21.01,11953.0,188042.0,121728.0,1902.0,2938.16,3316.0,30169.0,498.0,3281.25,64,960,,,,,,,,100,3,,,2812.5,,,,,,15,2500.0,1563.0,3125.0,1000.0,15,2500.0,0,,1788024678933,0,2500.0,tx_stack_med,2936.0,2500.0,,,2500.0,ah
534,yellow_stained_glass,Yellow Stained Glass,64,2023.0,135576.0,2155.0,156.0,1000000.0,126906.0,132608.0,2072.0,1982.91,2360.0,36166.0,572.0,2265.62,64,4510,,,,,,,,300,4,,,1406.25,,,,,,15,1094.0,1094.0,2344.0,781.0,13,1094.0,0,,1788025685853,0,1094.0,tx_stack_med,2023.0,1094.0,,,1094.0,ah
535,lime_stained_glass,Lime Stained Glass,64,2703.0,145539.0,2330.0,313.0,1562344.0,173597.0,142080.0,2220.0,2712.45,2129.0,30457.0,514.0,1718.75,64,1920,,,,,200,200,200,110,8,72.9,84,4062.5,,,,,,15,1719.0,1688.0,1719.0,1563.0,15,1719.0,0,,1788026653244,0,1719.0,tx_stack_med,2703.0,1718.75,200,finance_jun25,200,orders
536,pink_stained_glass,Pink Stained Glass,64,1695.0,97750.0,1618.0,313.0,100000.0,105158.0,93824.0,1466.0,1643.09,1713.0,26898.0,443.0,1562.5,64,3785,,,,,,,,,,,,,,,,,,15,1406.0,1250.0,2500.0,1250.0,10,1250.0,0,,1788026483726,0,1250.0,tx_stack_med,1695.0,1250.0,,,1250.0,ah
537,gray_stained_glass,Gray Stained Glass,64,2893.0,94745.0,1542.0,71.01,15623.0,184238.0,91520.0,1430.0,2878.72,2292.0,24022.0,399.0,10437.5,64,864,,,,,,,,,,,,,,,,,,15,3976.0,2813.0,11656.0,2797.0,13,10438.0,0,,1788025710609,0,10438.0,tx_stack_med,2893.0,2878.72,,,2878.72,ah
538,light_gray_stained_glass,Light Gray Stained Glass,64,2671.0,105102.0,1675.0,469.0,319149.0,160563.0,102592.0,1603.0,2508.8,2733.0,18872.0,335.0,2328.12,64,1664,,,,,701,701,701,12,3,60.7,76,,,,,,,15,2328.0,2031.0,2344.0,1734.0,15,2328.0,0,,1788026236498,0,2328.0,tx_stack_med,2671.0,2328.0,701,finance_jun25,701,orders
539,cyan_stained_glass,Cyan Stained Glass,64,3763.0,102490.0,1624.0,526.0,15625.0,241662.0,100352.0,1568.0,3775.97,2897.0,17292.0,284.0,2343.75,64,1472,,,,,,,,,,,,,,,,,,15,1531.0,1172.0,1563.0,1127.0,15,1531.0,0,,1788025573340,0,1531.0,tx_stack_med,3763.0,1531.0,,,1531.0,ah
540,purple_stained_glass,Purple Stained Glass,64,2248.0,222331.0,3629.0,361.0,130000.0,143364.0,216000.0,3375.0,2240.06,2110.0,52860.0,859.0,1562.5,64,4288,,,,,200,200,200,1,4,99.5,100,,,,,,,15,1531.0,1406.0,2172.0,1406.0,15,1531.0,0,,1788025504692,0,1531.0,tx_stack_med,2248.0,1531.0,200,finance_jun25,200,orders
541,blue_stained_glass,Blue Stained Glass,64,1465.0,222329.0,3707.0,469.0,468750.0,93732.0,211200.0,3300.0,1464.56,2464.0,42426.0,756.0,1531.25,64,1575,,,,,150,150,1000,1000,8,2.5,18,1250,,,,,,15,1531.0,1531.0,1547.0,1391.0,13,1531.0,0,,1788025599425,0,1531.0,tx_stack_med,1465.0,1464.56,150,finance_jun25,150,orders
542,brown_stained_glass,Brown Stained Glass,64,3024.0,75790.0,1238.0,313.0,15625.0,190835.0,73472.0,1148.0,2981.8,4487.0,26321.0,416.0,3734.38,64,1824,,,,,,,,,,,,,,,,,,15,3734.0,3125.0,3734.0,3125.0,14,3734.0,0,,1788025713983,0,3734.0,tx_stack_med,3024.0,2981.8,,,2981.8,ah
543,green_stained_glass,Green Stained Glass,64,3412.0,163885.0,2666.0,244.0,1562344.0,219060.0,158144.0,2471.0,3422.81,2017.0,44608.0,713.0,1093.75,64,3055,,,,,190,190,190,46,8,99.7,100,1375,,,,,,15,1250.0,1250.0,1563.0,1172.0,15,1250.0,0,,1788026024494,0,1250.0,tx_stack_med,3412.0,1093.75,190,finance_jun25,190,orders
544,red_stained_glass,Red Stained Glass,64,1371.0,223708.0,3544.0,313.0,47619.0,86976.0,219648.0,3432.0,1359.0,1337.0,56719.0,904.0,2265.62,64,5376,,,,,18,18,18,18,5,84,90,,,,,,,15,2266.0,2188.0,2266.0,625.0,15,2266.0,0,,1788026438645,0,2266.0,tx_stack_med,1371.0,1359.0,18,finance_jun25,18,orders
545,black_stained_glass,Black Stained Glass,64,1302.0,347192.0,5674.0,333.0,300000.0,81480.0,335488.0,5242.0,1273.12,972.0,107791.0,1776.0,3125.0,64,12349,,,,,690,730,716.67,350,47,56.6,74,6125,,,,,,15,3125.0,2250.0,4688.0,1250.0,14,3125.0,0,,1788026475259,0,3125.0,tx_stack_med,1302.0,1273.12,690,finance_jun25,690,orders
546,white_stained_glass_pane,White Stained Glass Pane,64,2100.0,59628.0,1017.0,46.87,18750.0,133375.0,56832.0,888.0,2083.98,1397.0,17621.0,283.0,3109.38,64,1082,,,,,,,,,,,,,,,,,,15,3109.0,3109.0,3125.0,1563.0,14,3109.0,0,,1788025525638,0,3109.0,tx_stack_med,2100.0,2083.98,,,2083.98,ah
547,orange_stained_glass_pane,Orange Stained Glass Pane,64,4522.0,6763.0,113.0,794.0,15625.0,286896.0,6144.0,96.0,4482.75,3726.0,1642.0,29.0,2343.75,64,239,,,,,,,,,,,,,,,,,,15,3125.0,2344.0,3125.0,1563.0,11,3125.0,0,,1788026705778,0,3125.0,tx_stack_med,4522.0,2343.75,,,2343.75,ah
548,magenta_stained_glass_pane,Magenta Stained Glass Pane,64,2625.0,9289.0,176.0,156.0,50000.0,165504.0,8128.0,127.0,2586.0,2425.0,2168.0,35.0,3125.0,64,0,,,,,,,,,,,,,,,,,,15,781.0,547.0,781.0,469.0,13,781.0,0,,1788018511037,0,781.0,tx_stack_med,2625.0,781.0,,,781.0,ah
549,light_blue_stained_glass_pane,Light Blue Stained Glass Pane,64,5472.0,14337.0,236.0,625.0,156250.0,345507.0,13632.0,213.0,5398.55,5968.0,4401.0,70.0,2083.33,48,112,,,,,,,,,,,,,,,,,,15,2344.0,2344.0,4375.0,2083.0,14,2344.0,0,,1788026290803,0,2344.0,tx_stack_med,5472.0,2083.33,,,2083.33,ah
550,yellow_stained_glass_pane,Yellow Stained Glass Pane,64,10155.0,13190.0,220.0,214.0,765625.0,663730.0,12352.0,193.0,10370.78,3976.0,3720.0,61.0,7031.25,64,325,,,,,,,,,,,,,,,,,,15,7031.0,3125.0,7813.0,3125.0,12,7031.0,1,15000.0,1788025765578,0,7031.0,tx_stack_med,10155.0,7031.0,,,7031.0,ah
551,lime_stained_glass_pane,Lime Stained Glass Pane,64,7383.0,10100.0,168.0,938.0,31250.0,480864.0,9280.0,145.0,7513.5,4455.0,2400.0,38.0,6046.86,64,320,,,,,,,,,,,,,,,,,,15,5995.0,781.0,6078.0,781.0,13,6047.0,0,,1788025957792,0,6047.0,tx_stack_med,7383.0,5995.0,,,5995.0,ah
552,pink_stained_glass_pane,Pink Stained Glass Pane,64,2699.0,12512.0,200.0,172.0,7812.0,174356.0,12032.0,188.0,2724.31,2099.0,2162.0,37.0,1562.5,64,128,,,,,,,,,,,,,,,,,,15,1563.0,1563.0,1953.0,313.0,12,1563.0,0,,1788025849930,0,1563.0,tx_stack_med,2699.0,1562.5,,,1562.5,ah
553,gray_stained_glass_pane,Gray Stained Glass Pane,64,8098.0,12148.0,209.0,847.0,18750.0,513810.0,11200.0,175.0,8028.28,5665.0,1424.0,23.0,10156.25,64,144,,,,,,,,,,,,,,,,,,15,9375.0,3594.0,10156.0,1563.0,12,3594.0,0,,1788025737942,0,3594.0,tx_stack_med,8098.0,3594.0,,,3594.0,ah
554,light_gray_stained_glass_pane,Light Gray Stained Glass Pane,64,4096.0,15027.0,247.0,417.0,300000.0,257965.0,13888.0,217.0,4030.7,4853.0,2528.0,40.0,1562.5,64,64,,,,,,,,,,,,,,,,,,15,7813.0,3594.0,9328.0,1563.0,13,7813.0,0,,1788026240557,0,7813.0,tx_stack_med,4096.0,1562.5,,,1562.5,ah
555,cyan_stained_glass_pane,Cyan Stained Glass Pane,64,13028.0,8116.0,137.0,625.0,265625.0,881932.0,7296.0,114.0,13780.19,5182.0,2204.0,35.0,6984.38,64,256,,,,,,,,,,,,,,,,,,15,7031.0,6984.0,7813.0,6234.0,15,7031.0,0,,1788025441723,0,7031.0,tx_stack_med,13028.0,6984.38,,,6984.38,ah
556,purple_stained_glass_pane,Purple Stained Glass Pane,64,4580.0,30647.0,493.0,738.0,19608.0,290222.0,29440.0,460.0,4534.72,3942.0,6788.0,109.0,5468.75,64,448,,,,,,,,,,,,,,,,,,15,4688.0,2344.0,7813.0,667.0,14,5052.0,0,,1788024990635,0,5052.0,tx_stack_med,4580.0,4534.72,,,4534.72,ah
557,blue_stained_glass_pane,Blue Stained Glass Pane,64,3630.0,14251.0,233.0,119.0,50000.0,222645.0,13504.0,211.0,3478.83,14398.0,3933.0,63.0,5737.7,61,189,,,,,,,,,,,,,,,,,,15,3125.0,3125.0,3125.0,3125.0,14,3125.0,0,,1788024796700,0,3125.0,tx_stack_med,3630.0,3125.0,,,3125.0,ah
558,brown_stained_glass_pane,Brown Stained Glass Pane,64,10141.0,2218.0,40.0,1000.0,23281.0,656032.0,1984.0,31.0,10250.5,4914.0,798.0,13.0,15625.0,64,64,,,,,,,,,,,,,,,,,,15,4677.0,4672.0,4688.0,3125.0,11,4688.0,0,,1788025552425,0,4688.0,tx_stack_med,10141.0,4677.0,,,4677.0,ah
559,green_stained_glass_pane,Green Stained Glass Pane,64,6062.0,18536.0,298.0,313.0,265625.0,390845.0,17792.0,278.0,6106.95,4625.0,4595.0,83.0,2343.75,64,384,,,,,,,,,,,,,,,,,,15,3125.0,2344.0,3125.0,2344.0,10,2813.0,0,,1788026273688,0,2813.0,tx_stack_med,6062.0,2343.75,,,2343.75,ah
560,red_stained_glass_pane,Red Stained Glass Pane,64,3591.0,25197.0,429.0,469.0,78125.0,230432.0,23040.0,360.0,3600.5,2103.0,5384.0,87.0,6250.0,64,255,,,,,,,,,,,,,,,,,,15,3125.0,1563.0,11719.0,594.0,12,4688.0,0,,1788025648364,0,4688.0,tx_stack_med,3591.0,3125.0,,,3125.0,ah
561,black_stained_glass_pane,Black Stained Glass Pane,64,1419.0,69233.0,1192.0,130.0,1000000.0,82035.0,64768.0,1012.0,1281.8,1622.0,12813.0,210.0,1562.5,64,2750,,,,,,,,,,,,,,,,,,15,1563.0,1563.0,1563.0,1563.0,15,1563.0,0,,1788026708960,0,1563.0,tx_stack_med,1419.0,1281.8,,,1281.8,ah
562,prismarine,Prismarine,64,2951.0,78812.0,1349.0,64.01,150000.0,188458.0,75072.0,1173.0,2944.66,3138.0,22039.0,371.0,4687.5,64,1114,,,,,,,,200,4,,,,,,,,,15,4688.0,4188.0,5469.0,781.0,12,5078.0,0,,1788026072588,0,5078.0,tx_stack_med,2951.0,2944.66,,,2944.66,ah
563,prismarine_bricks,Prismarine Bricks,64,4351.0,90385.0,1542.0,76.01,100000.0,274015.0,86656.0,1354.0,4281.48,3771.0,26464.0,452.0,10000.0,1,1740,,,,,1.51,1.51,10,1.51,9,42.5,66,,,,,,,15,3906.0,3750.0,10000.0,1765.0,12,3906.0,1,10000.0,1788025595866,0,3906.0,tx_stack_med,4351.0,3906.0,1.51,finance_jun25,1.51,orders
564,dark_prismarine,Dark Prismarine,64,7557.0,51265.0,1012.0,2000.0,149000.0,470509.0,44416.0,694.0,7351.7,6229.0,15432.0,269.0,3906.25,64,560,,,,,350,350,351,260,8,97,98,8166.67,,,,,,15,5469.0,3571.0,6844.0,511.0,11,5469.0,0,,1788026165715,0,5469.0,tx_stack_med,7557.0,3906.25,350,finance_jun25,350,orders
565,prismarine_stairs,Prismarine Stairs,64,9150.0,11790.0,188.0,1563.0,33333.0,588620.0,11392.0,178.0,9197.19,11086.0,3115.0,49.0,17187.5,64,223,,,,,,,,99,3,,,,,,,,,15,13281.0,13281.0,17782.0,13281.0,13,13281.0,0,,1788025549117,0,13281.0,tx_stack_med,9150.0,9197.19,,,9197.19,ah
566,prismarine_brick_stairs,Prismarine Brick Stairs,64,7962.0,11583.0,187.0,1364.0,30078.0,514573.0,11200.0,175.0,8040.2,15609.0,1947.0,33.0,13281.25,64,575,,,,,,,,100,6,,,,,,,,,15,11980.0,6234.0,13281.0,6120.0,14,11980.0,0,,1788025544383,0,11980.0,tx_stack_med,7962.0,8040.2,,,8040.2,ah
567,dark_prismarine_stairs,Dark Prismarine Stairs,64,10542.0,9300.0,152.0,3488.0,150000.0,677974.0,8896.0,139.0,10593.34,9622.0,1910.0,32.0,7796.88,64,192,,,,,,,,,,,,,,,,,,15,7797.0,7797.0,13281.0,7656.0,14,7797.0,0,,1788026697484,0,7797.0,tx_stack_med,10542.0,7796.88,,,7796.88,ah
568,sea_lantern,Sea Lantern,64,5193.0,185042.0,6277.0,1852.0,250000.0,278394.0,163392.0,2553.0,4349.91,4518.0,49302.0,1555.0,80000.0,1,3560,,,,,1000,1000,1200,800,88,43.2,66,12000,,,,,,15,30000.0,9375.0,42857.0,9375.0,5,9375.0,4,60000.0,1788025947969,0,9375.0,tx_stack_med,60000.0,4349.91,1000,finance_jun25,1000,orders
569,red_sandstone,Red Sandstone,64,4280.0,12869.0,210.0,455.0,100000.0,270398.0,12544.0,196.0,4224.97,5255.0,1838.0,29.0,390.62,64,64,,,,,,,,130,3,,,1328.13,,,,,,15,4297.0,2500.0,4297.0,391.0,11,4297.0,0,,1788025420032,0,4297.0,tx_stack_med,4280.0,390.62,,,390.62,ah
570,chiseled_red_sandstone,Chiseled Red Sandstone,64,29754.0,256.0,4.0,2766.0,109375.0,1904250.0,256.0,4.0,29753.91,534667.0,18.0,13.0,3000.0,1,0,,,,,,,,,,,,,,,,,,15,3000.0,3000.0,1900000.0,2766.0,2,56070.0,12,3000.0,1788003973366,0,3000.0,tx_med,3000.0,3000.0,,,3000.0,ah
571,cut_red_sandstone,Cut Red Sandstone,64,10281.0,801.0,15.0,1071.0,60938.0,675000.0,768.0,12.0,10546.88,15625.0,384.0,6.0,3906.25,64,0,,,,,,,,,,,,,,,,,,15,15625.0,3906.0,15625.0,1071.0,13,15625.0,0,,1788020559384,0,15625.0,tx_stack_med,10281.0,3906.25,,,3906.25,ah
572,red_sandstone_stairs,Red Sandstone Stairs,64,37463.0,1105.0,20.0,3125.0,156250.0,2838231.0,832.0,13.0,44347.36,9766.0,128.0,2.0,11718.75,64,0,,,,,,,,,,,,,,,,,,15,15609.0,7813.0,100000.0,3125.0,10,15602.0,0,,1787948097814,0,15602.0,tx_stack_med,37463.0,11718.75,,,11718.75,ah
575,magma_block,Magma Block,64,1056.0,189409.0,3410.0,119.0,2000000.0,64416.0,176192.0,2753.0,1006.5,876.0,48397.0,855.0,925.93,54,3230,,,,,40,40,40,15,4,60.7,76,,,,,,,15,467.0,391.0,1063.0,391.0,10,391.0,3,30000.0,1788026471981,0,391.0,tx_stack_med,30000.0,391.0,40,finance_jun25,40,orders
576,nether_wart_block,Nether Wart Block,64,4128.0,23039.0,410.0,100.0,400000.0,264586.0,21568.0,337.0,4134.16,4918.0,4903.0,98.0,1562.5,64,256,,,,,,,,,,,,,,,,,,15,938.0,906.0,1563.0,781.0,15,938.0,0,,1788026252235,0,938.0,tx_stack_med,4128.0,938.0,,,938.0,ah
577,warped_wart_block,Warped Wart Block,64,4148.0,41423.0,680.0,15.0,100000.0,263969.0,39552.0,618.0,4124.52,7257.0,4213.0,113.0,1027.0,1,329,,,,,,,,,,,,,,,,,,15,1563.0,1355.0,1563.0,1027.0,11,1563.0,4,1191.0,1788026558861,0,1563.0,tx_stack_med,1191.0,1027.0,,,1027.0,ah
578,red_nether_bricks,Red Nether Bricks,64,5832.0,59457.0,941.0,702.0,19531.0,372712.0,58624.0,916.0,5823.62,6892.0,11349.0,180.0,6250.0,64,1016,,,,,30,30,30,20.1,7,83.5,90,,,,,,,15,7109.0,7109.0,7813.0,6250.0,15,7109.0,0,,1788026550657,0,7109.0,tx_stack_med,5832.0,5823.62,30,finance_jun25,30,orders
579,bone_block,Bone Block,64,889.0,625747.0,11476.0,461.0,72000.0,54491.0,600960.0,9390.0,851.42,768.0,184211.0,3373.0,779.69,64,16177,7000,445,515,1788026208,,,,,,,,,,,,,,15,844.0,763.0,914.0,763.0,12,771.0,3,7000.0,1788026725766,0,771.0,tx_stack_med,7000.0,771.0,445,lootseller,445,orders
580,structure_void,Structure Void,64,0.0,0.0,0.0,0.0,0.0,0.0,0.0,0.0,,0.0,0.0,0.0,,,,,,,,,,,,,,,,,,,,,,,,,,,,,,,0,,,,,,,,
581,shulker_box,Shulker Box,1,998760.0,26223.0,26223.0,1818.0,25900000215.0,998760.0,26223.0,26223.0,998760.0,14713.0,9403.0,9403.0,88000.0,1,2785,6000,5000,5000,1788026208,1400,1500,2100,1200,19,81.3,89,3100,3400.0,11,,,,15,49900.0,40000.0,50000.0,20000.0,0,,15,49900.0,1788026511569,0,49900.0,tx_med,49900.0,49900.0,5000,lootseller,5000,orders
582,white_shulker_box,White Shulker Box,1,58238.0,2530.0,2530.0,2000.0,400000.0,58238.0,2530.0,2530.0,58238.0,61871.0,472.0,472.0,1890000.0,1,206,,,,,805,805,805,801,15,98.3,99,20000,,,,,,15,60000.0,29900.0,60000.0,29900.0,0,,15,60000.0,1788026380902,0,60000.0,tx_med,60000.0,58238.0,805,finance_jun25,805,orders
583,orange_shulker_box,Orange Shulker Box,1,73081.0,625.0,625.0,10000.0,333000.0,73081.0,625.0,625.0,73081.0,75735.0,112.0,112.0,10000000.0,1,37,,,,,2,100,100,100,6,10.5,34,,,,,,,15,40000.0,40000.0,80000.0,20000.0,0,,15,40000.0,1788026185802,0,40000.0,tx_med,40000.0,40000.0,2,finance_jun25,2,orders
584,magenta_shulker_box,Magenta Shulker Box,1,49305.0,297.0,297.0,5000.0,300000.0,49305.0,297.0,297.0,49305.0,53324.0,54.0,54.0,1000000.0,1,40,,,,,,,,,,,,,,,,,,15,39000.0,39000.0,40000.0,4800.0,0,,15,39000.0,1788025498575,0,39000.0,tx_med,39000.0,39000.0,,,39000.0,ah
585,light_blue_shulker_box,Light Blue Shulker Box,1,400372.0,824.0,824.0,5000.0,249999995.0,400372.0,824.0,824.0,400372.0,59611.0,340.0,340.0,101000.0,1,41,,,,,700,700,700,300,4,29.8,58,,,,,,,15,50000.0,49999.0,101000.0,40000.0,0,,15,50000.0,1788026509336,0,50000.0,tx_med,50000.0,50000.0,700,finance_jun25,700,orders
586,yellow_shulker_box,Yellow Shulker Box,1,65383.0,1342.0,1342.0,5000.0,1000000.0,65383.0,1342.0,1342.0,65383.0,97604.0,337.0,337.0,800000.0,1,73,,,,,,,,,,,,,,,1000000.0,1,,15,45000.0,40000.0,50000.0,35000.0,0,,15,45000.0,1788025263941,0,45000.0,tx_med,45000.0,45000.0,,,45000.0,ah
587,lime_shulker_box,Lime Shulker Box,1,80857.0,610.0,610.0,4000.0,500000.0,80857.0,610.0,610.0,80857.0,87026.0,138.0,138.0,100000.0,1,68,,,,,1,1,2,1,3,49.8,70,,,,,,,15,40000.0,29900.0,50000.0,29900.0,0,,15,40000.0,1788026368197,0,40000.0,tx_med,40000.0,40000.0,1,finance_jun25,1,orders
588,pink_shulker_box,Pink Shulker Box,1,72283.0,922.0,922.0,10000.0,500000.0,72283.0,922.0,922.0,72283.0,179286.0,178.0,178.0,50000.0,1,56,,,,,,,,,,,,,,,,,,15,50000.0,50000.0,100000.0,50000.0,0,,15,50000.0,1788025927710,0,50000.0,tx_med,50000.0,50000.0,,,50000.0,ah
589,gray_shulker_box,Gray Shulker Box,1,167017.0,340.0,340.0,13000.0,1000000.0,167017.0,340.0,340.0,167017.0,165592.0,86.0,86.0,700000.0,1,42,,,,,,,,,,,,,,,,,,15,185000.0,185000.0,200000.0,70000.0,0,,15,185000.0,1788025893120,0,185000.0,tx_med,185000.0,167017.0,,,167017.0,ah
590,light_gray_shulker_box,Light Gray Shulker Box,1,118038.0,358.0,358.0,5000.0,555000.0,118038.0,358.0,358.0,118038.0,107888.0,89.0,89.0,150000.0,1,15,,,,,,,,,,,,,,,,,,15,100000.0,29900.0,150000.0,28000.0,0,,15,100000.0,1788026074354,0,100000.0,tx_med,100000.0,100000.0,,,100000.0,ah
591,cyan_shulker_box,Cyan Shulker Box,1,123952.0,1148.0,1148.0,3000.0,450000.0,123952.0,1148.0,1148.0,123952.0,80370.0,312.0,312.0,79000.0,1,33,,,,,314,500,500,314,6,99.7,100,,,,,,,15,79000.0,79000.0,79000.0,78000.0,0,,15,79000.0,1788026720014,0,79000.0,tx_med,79000.0,79000.0,314,finance_jun25,314,orders
592,purple_shulker_box,Purple Shulker Box,1,103973.0,665.0,665.0,5000.0,499000.0,103973.0,665.0,665.0,103973.0,103107.0,144.0,144.0,99000.0,1,71,,,,,504,601,601,500,9,33.5,60,,,,,,,15,90000.0,90000.0,90000.0,49000.0,0,,15,90000.0,1788026332081,0,90000.0,tx_med,90000.0,90000.0,504,finance_jun25,504,orders
593,blue_shulker_box,Blue Shulker Box,1,62951.0,1619.0,1619.0,5000.0,500000.0,62951.0,1619.0,1619.0,62951.0,59284.0,367.0,367.0,275000.0,1,83,,,,,1000,1000,1000,701,5,58.5,75,,,,,,,15,75000.0,75000.0,100000.0,75000.0,0,,15,75000.0,1788025941581,0,75000.0,tx_med,75000.0,62951.0,1000,finance_jun25,1000,orders
594,brown_shulker_box,Brown Shulker Box,1,143800.0,347.0,347.0,10000.0,500000.0,143800.0,347.0,347.0,143800.0,169070.0,43.0,43.0,200000.0,1,11,,,,,,,,,,,,,,,,,,15,95000.0,28000.0,200000.0,28000.0,0,,15,95000.0,1788025648218,0,95000.0,tx_med,95000.0,95000.0,,,95000.0,ah
595,green_shulker_box,Green Shulker Box,1,67007.0,1094.0,1094.0,4000.0,300000.0,67007.0,1094.0,1094.0,67007.0,88727.0,165.0,165.0,275000.0,1,25,,,,,,,,,,,,,,,,,,15,80000.0,80000.0,89000.0,40000.0,0,,15,80000.0,1788026129929,0,80000.0,tx_med,80000.0,67007.0,,,67007.0,ah
596,red_shulker_box,Red Shulker Box,1,47905.0,2033.0,2033.0,5000.0,250000.0,47905.0,2033.0,2033.0,47905.0,51695.0,499.0,499.0,60000.0,1,179,,,,,555,555,555,201,7,70.7,82,,,,,,,15,65000.0,60000.0,70000.0,50000.0,0,,15,65000.0,1788026345478,0,65000.0,tx_med,65000.0,47905.0,555,finance_jun25,555,orders
597,black_shulker_box,Black Shulker Box,1,78658.0,3594.0,3594.0,10000.0,60000000.0,78658.0,3594.0,3594.0,78658.0,63483.0,795.0,795.0,735000.0,1,198,,,,,3000,3000,3000,350,12,23,54,,,,,,,15,95000.0,95000.0,99000.0,95000.0,0,,15,95000.0,1788026657496,0,95000.0,tx_med,95000.0,78658.0,3000,finance_jun25,3000,orders
598,white_glazed_terracotta,White Glazed Terracotta,64,3261.0,19669.0,347.0,313.0,77000.0,210300.0,17728.0,277.0,3285.94,2367.0,3825.0,66.0,769.23,13,274,,,,,,,,,,,,,,,,,,15,3516.0,1563.0,10000.0,769.0,8,1563.0,5,10000.0,1788026383900,0,1563.0,tx_stack_med,10000.0,769.23,,,769.23,ah
599,orange_glazed_terracotta,Orange Glazed Terracotta,64,1890.0,19771.0,353.0,313.0,40000.0,116794.0,18688.0,292.0,1824.91,2700.0,3175.0,56.0,6250.0,64,579,,,,,,,,,,,,,,,,,,15,1547.0,1547.0,1563.0,1547.0,14,1547.0,0,,1788024325619,0,1547.0,tx_stack_med,1890.0,1547.0,,,1547.0,ah
600,magenta_glazed_terracotta,Magenta Glazed Terracotta,64,8161.0,5509.0,101.0,833.0,50000.0,547712.0,4928.0,77.0,8558.0,2691.0,1040.0,18.0,2343.75,64,64,,,,,,,,,,,,,,,,,,15,3125.0,1406.0,3859.0,1406.0,14,2734.0,0,,1788023841360,0,2734.0,tx_stack_med,8161.0,2343.75,,,2343.75,ah
601,light_blue_glazed_terracotta,Light Blue Glazed Terracotta,64,6907.0,32061.0,523.0,1071.0,250000.0,440893.0,30848.0,482.0,6888.95,6305.0,5002.0,87.0,2941.18,34,95,,,,,,,,5000,4,,,5562.5,,,,,,15,12366.0,7813.0,15625.0,2941.0,11,12366.0,0,,1788025760991,0,12366.0,tx_stack_med,6907.0,2941.18,,,2941.18,ah
602,yellow_glazed_terracotta,Yellow Glazed Terracotta,64,4824.0,24400.0,431.0,600.0,27778.0,301297.0,22656.0,354.0,4707.77,4787.0,6276.0,109.0,7812.5,64,128,,,,,,,,,,,,,,,,,,15,4688.0,2857.0,7813.0,2178.0,14,5078.0,0,,1788026263314,0,5078.0,tx_stack_med,4824.0,4688.0,,,4688.0,ah
603,lime_glazed_terracotta,Lime Glazed Terracotta,64,6043.0,10363.0,179.0,1250.0,167000.0,387149.0,9600.0,150.0,6049.2,4797.0,2002.0,32.0,6937.5,64,64,,,,,,,,,,,,,,,,,,15,4688.0,3125.0,6938.0,1500.0,15,4688.0,0,,1788025587859,0,4688.0,tx_stack_med,6043.0,4688.0,,,4688.0,ah
604,pink_glazed_terracotta,Pink Glazed Terracotta,64,6029.0,18408.0,306.0,1000.0,45900.0,388925.0,17216.0,269.0,6076.95,5070.0,6344.0,100.0,4296.88,64,575,,,,,50,50,65,50,6,95.6,97,,,,,,,15,4297.0,4297.0,4688.0,1699.0,13,4297.0,0,,1788026032473,0,4297.0,tx_stack_med,6029.0,4296.88,50,finance_jun25,50,orders
605,gray_glazed_terracotta,Gray Glazed Terracotta,64,8473.0,18381.0,301.0,426.0,100000.0,549138.0,17344.0,271.0,8580.28,9201.0,2285.0,47.0,8856.0,64,128,,,,,56.7,56.7,57,50,7,91.1,95,,,,,,,15,8856.0,7500.0,15469.0,4688.0,13,8856.0,1,45000.0,1788026620516,0,8856.0,tx_stack_med,8473.0,8580.28,56.7,finance_jun25,56.7,orders
606,light_gray_glazed_terracotta,Light Gray Glazed Terracotta,64,3173.0,26323.0,460.0,455.0,50000.0,197913.0,24832.0,388.0,3092.39,6048.0,2762.0,54.0,1546.88,64,192,,,,,,,,,,,,,,,,,,15,7797.0,4688.0,8258.0,1547.0,14,7797.0,0,,1788025190833,0,7797.0,tx_stack_med,3173.0,1546.88,,,1546.88,ah
607,cyan_glazed_terracotta,Cyan Glazed Terracotta,64,5485.0,11211.0,186.0,882.0,50000.0,351021.0,10304.0,161.0,5484.7,4410.0,1408.0,22.0,5203.12,64,320,,,,,,,,,,,,,,,,,,15,5078.0,4688.0,6667.0,3750.0,15,5078.0,0,,1788025823544,0,5078.0,tx_stack_med,5485.0,5078.0,,,5078.0,ah
608,purple_glazed_terracotta,Purple Glazed Terracotta,64,5513.0,24857.0,436.0,769.0,200000.0,341698.0,23168.0,362.0,5339.03,4542.0,8690.0,153.0,5140.62,64,224,,,,,,,,,,,,,,,,,,15,5141.0,5141.0,5141.0,2500.0,13,5141.0,0,,1788026705057,0,5141.0,tx_stack_med,5513.0,5140.62,,,5140.62,ah
609,blue_glazed_terracotta,Blue Glazed Terracotta,64,5392.0,24675.0,428.0,1000.0,100000.0,346561.0,23232.0,363.0,5415.02,4901.0,5342.0,105.0,7781.25,64,64,,,,,270,270,270,200,8,88.6,93,2500,,,,,,15,4219.0,4141.0,7344.0,1000.0,13,4219.0,0,,1788022575173,0,4219.0,tx_stack_med,5392.0,4219.0,270,finance_jun25,270,orders
610,brown_glazed_terracotta,Brown Glazed Terracotta,64,3847.0,5463.0,102.0,538.0,15625.0,245987.0,4928.0,77.0,3843.55,1569.0,2368.0,37.0,1546.88,64,320,,,,,,,,,,,,,,,,,,15,1391.0,1359.0,1547.0,625.0,15,1391.0,0,,1788026197909,0,1391.0,tx_stack_med,3847.0,1391.0,,,1391.0,ah
611,green_glazed_terracotta,Green Glazed Terracotta,64,8206.0,25973.0,490.0,547.0,100000.0,509717.0,24704.0,386.0,7964.33,7251.0,5009.0,82.0,15624.84,64,448,,,,,99,99,1300,99,9,94.5,97,,,,,,,15,15625.0,14844.0,15625.0,9542.0,14,15625.0,0,,1788026122263,0,15625.0,tx_stack_med,8206.0,7964.33,99,finance_jun25,99,orders
612,red_glazed_terracotta,Red Glazed Terracotta,64,4903.0,33469.0,613.0,263.0,300000.0,313046.0,31104.0,486.0,4891.34,2201.0,16320.0,261.0,3804.35,46,485,,,,,,,,,,,,,,,,,,15,3516.0,2969.0,3516.0,2344.0,13,3516.0,0,,1788025413343,0,3516.0,tx_stack_med,4903.0,3516.0,,,3516.0,ah
613,black_glazed_terracotta,Black Glazed Terracotta,64,4762.0,41310.0,745.0,469.0,120000.0,299296.0,38720.0,605.0,4676.5,4530.0,8088.0,152.0,2343.75,64,324,,,,,1,1,200,200,4,72,83,6000,,,,,,15,3594.0,2344.0,3594.0,1953.0,12,3477.0,1,215000.0,1788025429733,0,3477.0,tx_stack_med,4762.0,2343.75,1,finance_jun25,1,orders
614,white_concrete,White Concrete,64,1134.0,409545.0,6834.0,389.0,100000.0,69734.0,395776.0,6184.0,1089.59,1138.0,117036.0,1931.0,4687.5,64,8550,,,,,152,152,321,200,15,9.2,46,2812.5,,,,,,15,1613.0,1455.0,4063.0,1255.0,13,1462.0,0,,1788026121940,0,1462.0,tx_stack_med,1134.0,1089.59,152,finance_jun25,152,orders
615,orange_concrete,Orange Concrete,64,3458.0,81795.0,1321.0,81.01,21429.0,220542.0,78592.0,1228.0,3445.97,3804.0,16789.0,283.0,3125.0,64,1122,,,,,506,506,506,403,5,79.8,88,5000,,,,,,15,3125.0,2500.0,3422.0,1100.0,14,3125.0,0,,1788025986318,0,3125.0,tx_stack_med,3458.0,3125.0,506,finance_jun25,506,orders
616,magenta_concrete,Magenta Concrete,64,2363.0,22070.0,364.0,278.0,6250.0,152900.0,20160.0,315.0,2389.06,2917.0,4118.0,74.0,2265.62,64,440,,,,,,,,,,,,,,,,,,15,2031.0,1250.0,2266.0,220.0,11,2109.0,0,,1788026484864,0,2109.0,tx_stack_med,2363.0,2031.0,,,2031.0,ah
617,light_blue_concrete,Light Blue Concrete,64,4009.0,197705.0,3206.0,503.0,200000.0,250867.0,192128.0,3002.0,3919.8,2597.0,57253.0,906.0,2812.5,64,3475,,,,,400,420,450,331,11,74.1,84,4705.88,,,,,,15,2813.0,1563.0,2813.0,1563.0,15,2813.0,0,,1788026108928,0,2813.0,tx_stack_med,4009.0,2812.5,400,finance_jun25,400,orders
618,yellow_concrete,Yellow Concrete,64,3429.0,145814.0,2410.0,314.0,122000.0,218023.0,139840.0,2185.0,3406.61,3704.0,32036.0,552.0,2968.75,64,2642,,,,,,,,,,,,,,,,,,15,2969.0,2969.0,2969.0,2938.0,15,2969.0,0,,1788025937674,0,2969.0,tx_stack_med,3429.0,2968.75,,,2968.75,ah
619,lime_concrete,Lime Concrete,64,3682.0,108282.0,1832.0,209.0,750000.0,235876.0,102592.0,1603.0,3685.56,3001.0,28534.0,462.0,2109.38,64,1854,,,,,,,,310,3,,,2812.5,,,,,,15,3438.0,2109.0,3906.0,2000.0,9,2109.0,0,,1788026203746,0,2109.0,tx_stack_med,3682.0,2109.0,,,2109.0,ah
620,pink_concrete,Pink Concrete,64,4408.0,74257.0,1231.0,444.0,1546875.0,286581.0,70336.0,1099.0,4477.83,3183.0,17477.0,306.0,1953.12,64,1183,,,,,,,,,,,,,,,,,,15,1953.0,1938.0,1953.0,833.0,12,1945.0,0,,1788026659378,0,1945.0,tx_stack_med,4408.0,1945.0,,,1945.0,ah
621,gray_concrete,Gray Concrete,64,3584.0,176123.0,2847.0,591.0,100000.0,226353.0,173056.0,2704.0,3536.77,2679.0,37092.0,598.0,4593.75,64,2388,,,,,500,500,870,400.1,7,41.8,65,4375,,,,,,15,4578.0,3528.0,4594.0,2273.0,11,4594.0,0,,1788025736302,0,4594.0,tx_stack_med,3584.0,3536.77,500,finance_jun25,500,orders
622,light_gray_concrete,Light Gray Concrete,64,3595.0,85427.0,1393.0,625.0,218094.0,229730.0,83136.0,1299.0,3589.53,2886.0,20268.0,348.0,2672.75,16,1520,,,,,350,350,350,151,3,60.5,76,,,,,,,15,3281.0,3109.0,3281.0,3109.0,15,3281.0,0,,1788026462341,0,3281.0,tx_stack_med,3595.0,2672.75,350,finance_jun25,350,orders
623,cyan_concrete,Cyan Concrete,64,6109.0,94026.0,1516.0,426.0,189000.0,389339.0,90944.0,1421.0,6083.42,20410.0,20939.0,331.0,10714.29,56,1403,,,,,300,300,303,302.1,5,81.2,89,2171.88,,,,,,15,6406.0,6250.0,7406.0,6250.0,14,6406.0,0,,1788025381336,0,6406.0,tx_stack_med,6109.0,6083.42,300,finance_jun25,300,orders
624,purple_concrete,Purple Concrete,64,3992.0,120570.0,1955.0,408.0,99000.0,255209.0,115776.0,1809.0,3987.64,4541.0,31988.0,529.0,7812.5,16,1434,,,,,51,600,601,400,10,58,75,2343.75,,,,,,15,4688.0,4359.0,7813.0,2344.0,10,4688.0,0,,1788026233641,0,4688.0,tx_stack_med,3992.0,3987.64,51,finance_jun25,51,orders
625,blue_concrete,Blue Concrete,64,2746.0,157005.0,2918.0,536.0,125000.0,169035.0,143296.0,2239.0,2641.17,2297.0,47001.0,794.0,1546.88,64,5634,,,,,500,500,500,355,7,73.5,84,5000,,,,,,15,1547.0,1547.0,1563.0,1547.0,15,1547.0,0,,1788026553285,0,1547.0,tx_stack_med,2746.0,1546.88,500,finance_jun25,500,orders
626,brown_concrete,Brown Concrete,64,13266.0,31972.0,521.0,625.0,3906250.0,870503.0,30592.0,478.0,13601.61,4546.0,5042.0,83.0,3906.25,64,761,,,,,,,,,,,,,,,,,,15,3906.0,3125.0,3906.0,3125.0,14,3906.0,0,,1788026443692,0,3906.0,tx_stack_med,13266.0,3906.0,,,3906.0,ah
627,green_concrete,Green Concrete,64,4727.0,90233.0,1628.0,253.0,1546875.0,295379.0,82752.0,1293.0,4615.3,3245.0,18651.0,353.0,3109.38,64,1791,,,,,,,,,,,,,,,,,,15,3125.0,3125.0,3891.0,3109.0,15,3125.0,0,,1788025528879,0,3125.0,tx_stack_med,4727.0,3109.38,,,3109.38,ah
628,red_concrete,Red Concrete,64,5799.0,181723.0,3253.0,600.0,7812500.0,380428.0,169088.0,2642.0,5944.19,2386.0,39983.0,670.0,15625.0,64,7335,,,,,,,,,,,,,,,,,,15,3906.0,3125.0,15625.0,2734.0,11,3906.0,0,,1788026443165,0,3906.0,tx_stack_med,5799.0,3906.0,,,3906.0,ah
629,black_concrete,Black Concrete,64,1624.0,466544.0,7859.0,651.0,1087400.0,99555.0,451584.0,7056.0,1555.55,1491.0,127559.0,2148.0,5625.0,16,12861,,,,,300,385,385,270,17,38.5,63,1546.87,,,,,,15,2564.0,2125.0,5625.0,2078.0,7,2125.0,0,,1788026547164,0,2125.0,tx_stack_med,1624.0,1555.55,300,finance_jun25,300,orders
630,white_concrete_powder,White Concrete Powder,64,1443.0,82301.0,1360.0,313.0,60000.0,91646.0,79232.0,1238.0,1431.97,1044.0,29740.0,470.0,1531.25,64,1728,,,,,,,,,,,,,,,,,,15,1516.0,1484.0,1531.0,1078.0,15,1516.0,0,,1788026723932,0,1516.0,tx_stack_med,1443.0,1431.97,,,1431.97,ah
631,orange_concrete_powder,Orange Concrete Powder,64,14457.0,18088.0,289.0,781.0,3125000.0,945138.0,17600.0,275.0,14767.78,1981.0,2426.0,40.0,3125.0,64,192,,,,,,,,,,,,,,,,,,15,2031.0,1953.0,2031.0,1563.0,15,2031.0,0,,1788025679850,0,2031.0,tx_stack_med,14457.0,2031.0,,,2031.0,ah
632,magenta_concrete_powder,Magenta Concrete Powder,64,2068.0,21654.0,350.0,357.0,3000000.0,107844.0,21184.0,331.0,1685.06,2299.0,1231.0,20.0,803.57,56,56,,,,,,,,,,,,,,,,,,15,1250.0,859.0,1563.0,188.0,12,1250.0,0,,1788023366834,0,1250.0,tx_stack_med,2068.0,803.57,,,803.57,ah
633,light_blue_concrete_powder,Light Blue Concrete Powder,64,4518.0,24360.0,389.0,625.0,312500.0,285134.0,23488.0,367.0,4455.22,2753.0,7468.0,120.0,3125.0,64,2926,,,,,,,,,,,,,,,,,,15,1250.0,1250.0,2292.0,1250.0,15,1250.0,0,,1788025839870,0,1250.0,tx_stack_med,4518.0,1250.0,,,1250.0,ah
634,yellow_concrete_powder,Yellow Concrete Powder,64,2746.0,27664.0,441.0,313.0,20833.0,174567.0,26880.0,420.0,2727.61,3424.0,4816.0,102.0,2343.75,64,448,,,,,,,,,,,,,,,,,,15,3125.0,2683.0,5000.0,2344.0,11,2683.0,0,,1788025970909,0,2683.0,tx_stack_med,2746.0,2343.75,,,2343.75,ah
635,lime_concrete_powder,Lime Concrete Powder,64,4534.0,40454.0,655.0,391.0,862069.0,208437.0,39104.0,611.0,3256.83,3000.0,12501.0,205.0,1875.0,64,1568,,,,,90,90,100,90,4,73,84,859.38,,,,,,15,1875.0,1875.0,1875.0,1438.0,14,1875.0,0,,1788026600221,0,1875.0,tx_stack_med,4534.0,1875.0,90,finance_jun25,90,orders
636,pink_concrete_powder,Pink Concrete Powder,64,2745.0,15356.0,250.0,556.0,12500.0,176913.0,14848.0,232.0,2764.27,1978.0,3653.0,60.0,2343.75,64,384,,,,,,,,,,,,,,,,,,15,2344.0,2059.0,2344.0,1797.0,13,2344.0,0,,1788024255286,0,2344.0,tx_stack_med,2745.0,2343.75,,,2343.75,ah
637,gray_concrete_powder,Gray Concrete Powder,64,5499.0,23376.0,368.0,667.0,46875.0,351221.0,23040.0,360.0,5487.83,2989.0,5152.0,82.0,3906.25,64,512,,,,,,,,,,,,,,,,,,15,3906.0,2813.0,3906.0,2344.0,14,3881.0,0,,1788026409120,0,3881.0,tx_stack_med,5499.0,3881.0,,,3881.0,ah
638,light_gray_concrete_powder,Light Gray Concrete Powder,64,5645.0,21317.0,336.0,547.0,13281.0,362474.0,20544.0,321.0,5663.66,4032.0,2669.0,43.0,1093.75,64,456,,,,,,,,,,,,,,,,,,15,1094.0,1094.0,1429.0,613.0,12,1094.0,0,,1788024748226,0,1094.0,tx_stack_med,5645.0,1093.75,,,1093.75,ah
639,cyan_concrete_powder,Cyan Concrete Powder,64,4093.0,22722.0,360.0,769.0,8750.0,262127.0,21952.0,343.0,4095.73,5627.0,5981.0,95.0,5000.0,6,0,,,,,,,,,,,,,,,,,,15,4297.0,3906.0,7656.0,3109.0,13,4241.0,0,,1788026441760,0,4241.0,tx_stack_med,4093.0,4095.73,,,4095.73,ah
640,purple_concrete_powder,Purple Concrete Powder,64,5498.0,61841.0,969.0,625.0,3125000.0,355099.0,60864.0,951.0,5548.42,3086.0,3418.0,54.0,4687.5,64,192,,,,,25,60,80,60,4,98.8,99,,,,,,,15,4688.0,3003.0,4688.0,2328.0,15,4688.0,0,,1788024776896,0,4688.0,tx_stack_med,5498.0,4687.5,25,finance_jun25,25,orders
641,blue_concrete_powder,Blue Concrete Powder,64,3479.0,42865.0,679.0,156.0,781250.0,224490.0,41536.0,649.0,3507.66,1705.0,9323.0,149.0,2687.5,16,64,,,,,,,,,,,,,,,,,,15,1563.0,1563.0,2688.0,1417.0,10,1563.0,0,,1788022787932,0,1563.0,tx_stack_med,3479.0,1563.0,,,1563.0,ah
642,brown_concrete_powder,Brown Concrete Powder,64,9481.0,9120.0,147.0,156.0,178571.0,581953.0,8704.0,136.0,9093.02,3686.0,2628.0,42.0,3906.25,64,1724,,,,,,,,,,,,,,,,,,15,3906.0,3906.0,4688.0,3906.0,15,3906.0,0,,1788026233641,0,3906.0,tx_stack_med,9481.0,3906.0,,,3906.0,ah
643,green_concrete_powder,Green Concrete Powder,64,3215.0,57868.0,1062.0,156.0,18125.0,193548.0,53632.0,838.0,3024.19,2017.0,17875.0,292.0,2734.38,64,1885,,,,,,,,,,,,,,,,,,15,1250.0,1250.0,2734.0,1250.0,15,1250.0,0,,1788026315859,0,1250.0,tx_stack_med,3215.0,1250.0,,,1250.0,ah
644,red_concrete_powder,Red Concrete Powder,64,1957.0,76902.0,1235.0,156.0,40000.0,124689.0,75008.0,1172.0,1948.27,1257.0,24934.0,400.0,2343.75,64,1071,,,,,,,,,,,,,,,,,,15,2344.0,2031.0,2578.0,1560.0,12,2344.0,0,,1788026689372,0,2344.0,tx_stack_med,1957.0,1948.27,,,1948.27,ah
645,black_concrete_powder,Black Concrete Powder,64,1978.0,59593.0,1047.0,391.0,10156.0,124166.0,57024.0,891.0,1940.09,1678.0,14751.0,254.0,1546.88,64,816,,,,,,,,,,,,,,,,,,15,1563.0,1094.0,1563.0,1047.0,12,1555.0,0,,1788024411471,0,1555.0,tx_stack_med,1978.0,1546.88,,,1546.88,ah
646,turtle_egg,Turtle Egg,64,12203.0,45457.0,3444.0,5000.0,100000.0,657189.0,36032.0,563.0,10268.58,13448.0,9792.0,831.0,9375.0,64,575,,,,,10000,10000,11100,6000,17,46.2,68,69000,,,,,,15,30000.0,9375.0,30000.0,9375.0,5,9375.0,8,30000.0,1788026719653,0,9375.0,tx_stack_med,30000.0,9375.0,10000,finance_jun25,9375.0,ah
647,sniffer_egg,Sniffer Egg,64,39840.0,8090.0,976.0,13793.0,2000000.0,2081133.0,5760.0,90.0,32517.7,32924.0,2306.0,223.0,50000.0,1,148,,,,,20000,20000,20000,15000,23,90.7,94,68900,,,,,,15,50000.0,40000.0,50000.0,5500.0,2,9450.0,13,50000.0,1788024791277,0,50000.0,tx_med,50000.0,32517.7,20000,finance_jun25,20000,orders
648,dried_ghast,Dried Ghast,64,9688.0,15357.0,756.0,1000.0,1000000.0,502920.0,13440.0,210.0,7858.12,12040.0,1714.0,144.0,49000.0,1,179,,,,,,,,,,,,,,,,,,15,10000.0,5000.0,15000.0,5000.0,1,8594.0,13,10000.0,1788026671072,0,10000.0,tx_med,10000.0,7858.12,,,7858.12,ah
649,dead_tube_coral_block,Dead Tube Coral Block,64,14748.0,536.0,72.0,286.0,250000.0,350000.0,128.0,2.0,5468.75,19700.0,40.0,14.0,6666.67,3,0,,,,,,,,,,,,,,,,,,15,29000.0,6250.0,60000.0,1053.0,0,,9,50000.0,1788018498491,0,29000.0,tx_med,50000.0,6666.67,,,6666.67,ah
650,dead_brain_coral_block,Dead Brain Coral Block,64,34577.0,2234.0,119.0,600.0,3000000.0,2286906.0,1728.0,27.0,35732.91,7762.0,828.0,23.0,3000.0,1,0,,,,,,,,,,,,,,,,,,15,11628.0,4531.0,23438.0,3000.0,7,4584.0,5,14000.0,1788015103236,0,4584.0,tx_stack_med,14000.0,3000.0,,,3000.0,ah
651,dead_bubble_coral_block,Dead Bubble Coral Block,64,10585.0,577.0,52.0,667.0,200000.0,933333.0,192.0,3.0,14583.33,4234.0,214.0,13.0,30000.0,1,1,,,,,,,,,,,,,,,,,,15,3704.0,2344.0,10000.0,1000.0,1,3125.0,4,25000.0,1788022621200,0,3704.0,tx_med,25000.0,3704.0,,,3704.0,ah
652,dead_fire_coral_block,Dead Fire Coral Block,64,22293.0,586.0,112.0,500.0,500000.0,550000.0,128.0,2.0,8593.75,3261.0,234.0,12.0,6250.0,64,89,,,,,,,,,,,,,,,,,,15,15000.0,6250.0,15000.0,1458.0,1,6250.0,9,15000.0,1788026638101,0,15000.0,tx_med,15000.0,6250.0,,,6250.0,ah
653,dead_horn_coral_block,Dead Horn Coral Block,64,18841.0,2633.0,71.0,99.26,289900.0,1393238.0,1856.0,29.0,21769.34,4167.0,347.0,11.0,1666.67,3,3,,,,,,,,,,,,,,,,,,15,4688.0,3600.0,10000.0,1346.0,5,3648.0,1,50000.0,1788026308629,0,3648.0,tx_stack_med,18841.0,1666.67,,,1666.67,ah
654,tube_coral_block,Tube Coral Block,64,3811.0,18621.0,538.0,328.0,120000.0,192335.0,14784.0,231.0,3005.23,3725.0,3140.0,84.0,4062.5,64,242,,,,,,,,,,,,,,,,,,15,4688.0,3373.0,5556.0,1250.0,2,4063.0,0,,1788026314342,0,4688.0,tx_med,3811.0,3005.23,,,3005.23,ah
655,brain_coral_block,Brain Coral Block,64,5903.0,9701.0,347.0,333.0,102500.0,308167.0,7104.0,111.0,4815.11,4849.0,1262.0,45.0,5769.23,13,53,,,,,,,,,,,,,,,,,,15,6250.0,3750.0,20000.0,1250.0,5,6250.0,5,20000.0,1788026445360,0,6250.0,tx_stack_med,20000.0,4815.11,,,4815.11,ah
656,bubble_coral_block,Bubble Coral Block,64,4843.0,10416.0,474.0,156.0,270000.0,218155.0,7040.0,110.0,3408.67,4332.0,2059.0,52.0,4687.5,16,497,,,,,,,,,,,,,,,,,,15,1579.0,938.0,4688.0,588.0,8,938.0,0,,1788026256971,0,938.0,tx_stack_med,4843.0,938.0,,,938.0,ah
657,fire_coral_block,Fire Coral Block,64,4623.0,19552.0,784.0,167.0,100000.0,201112.0,13440.0,210.0,3142.38,5314.0,3344.0,100.0,2031.25,64,481,,,,,,,,,,,,,,,,,,15,2734.0,2031.0,5000.0,303.0,6,2031.0,0,,1788026479546,0,2031.0,tx_stack_med,4623.0,2031.0,,,2031.0,ah
658,horn_coral_block,Horn Coral Block,64,4690.0,8248.0,346.0,333.0,100000.0,211663.0,5760.0,90.0,3307.23,3809.0,1915.0,96.0,3888.89,18,217,,,,,,,,,,,,,,,,,,15,3750.0,2813.0,5000.0,1429.0,2,3742.0,0,,1788026307848,0,3750.0,tx_med,4690.0,3307.23,,,3307.23,ah
659,tube_coral,Tube Coral,64,27638.0,690.0,130.0,1000.0,300000.0,833333.0,192.0,3.0,13020.83,31809.0,130.0,42.0,1171.88,64,196,,,,,,,,,,,,,,,,,,15,20000.0,9949.0,80000.0,1172.0,3,1172.0,10,51086.0,1788026283589,0,1172.0,tx_stack_med,51086.0,1171.88,,,1171.88,ah
660,brain_coral,Brain Coral,64,24530.0,593.0,120.0,1143.0,250000.0,666667.0,192.0,3.0,10416.67,20814.0,126.0,29.0,5000.0,1,1,,,,,,,,,,,,,,,,,,15,50000.0,9949.0,60000.0,1923.0,0,,13,50000.0,1788026286147,0,50000.0,tx_med,50000.0,5000.0,,,5000.0,ah
661,bubble_coral,Bubble Coral,64,19793.0,523.0,83.0,1667.0,200000.0,500000.0,128.0,2.0,7812.5,24056.0,72.0,23.0,5000.0,2,4,,,,,,,,,,,,,,,,,,15,25000.0,10000.0,80000.0,3846.0,0,,10,40000.0,1788025518470,0,25000.0,tx_med,40000.0,5000.0,,,5000.0,ah
662,fire_coral,Fire Coral,64,20870.0,1033.0,141.0,714.0,900000.0,595017.0,512.0,8.0,9297.14,10247.0,368.0,28.0,80000.0,1,10,,,,,,,,,,,,,,,,,,15,50000.0,25000.0,80000.0,7108.0,2,11367.0,11,80000.0,1788023917910,0,50000.0,tx_med,80000.0,9297.14,,,9297.14,ah
663,horn_coral,Horn Coral,64,30137.0,612.0,121.0,1429.0,750000.0,750000.0,256.0,4.0,11718.75,38754.0,79.0,33.0,80000.0,1,6,,,,,,,,,,,,,,,,,,15,56572.0,9949.0,80000.0,5000.0,0,,12,68286.0,1788026303328,0,56572.0,tx_med,68286.0,56572.0,,,56572.0,ah
664,dead_brain_coral,Dead Brain Coral,64,79158.0,19.0,19.0,10000.0,100000.0,0.0,0.0,0.0,,58500.0,10.0,8.0,5000.0,1,2,,,,,,,,,,,,,,,,,,15,50000.0,50000.0,70000.0,1667.0,0,,14,60000.0,1788024480796,0,50000.0,tx_med,60000.0,5000.0,,,5000.0,ah
665,dead_bubble_coral,Dead Bubble Coral,64,81267.0,15.0,14.0,70000.0,100000.0,0.0,0.0,0.0,,51333.0,15.0,12.0,29666.67,3,3,,,,,,,,,,,,,,,,,,15,60000.0,50000.0,70000.0,12500.0,0,,13,60000.0,1788023175495,0,60000.0,tx_med,60000.0,29666.67,,,29666.67,ah
666,dead_fire_coral,Dead Fire Coral,64,27361.0,182.0,49.0,1667.0,100000.0,550000.0,64.0,1.0,8593.75,0.0,0.0,0.0,69000.0,1,0,,,,,,,,,,,,,,,,,,15,75000.0,69000.0,80000.0,69000.0,0,,15,75000.0,1787911853948,0,75000.0,tx_med,75000.0,69000.0,,,69000.0,ah
667,dead_horn_coral,Dead Horn Coral,64,45400.0,60.0,35.0,20000.0,100000.0,0.0,0.0,0.0,,55714.0,14.0,12.0,10000.0,3,9,,,,,,,,,,,,,,,,,,15,70000.0,50000.0,70000.0,10000.0,0,,11,70000.0,1788025562436,0,70000.0,tx_med,70000.0,10000.0,,,10000.0,ah
668,dead_tube_coral,Dead Tube Coral,64,51160.0,25.0,11.0,3333.0,700000.0,0.0,0.0,0.0,,17500.0,2.0,2.0,50000.0,14,14,,,,,,,,,,,,,,,,,,15,50000.0,10000.0,75000.0,3333.0,0,,12,60000.0,1788024808542,0,50000.0,tx_med,60000.0,50000.0,,,50000.0,ah
669,tube_coral_fan,Tube Coral Fan,64,5365.0,9648.0,301.0,909.0,300000.0,280025.0,8128.0,127.0,4375.39,4199.0,1681.0,49.0,3906.25,64,136,,,,,,,,,,,,,,,,,,15,4241.0,3906.0,14286.0,2500.0,6,3906.0,4,50000.0,1788026316874,0,3906.0,tx_stack_med,50000.0,3906.0,,,3906.0,ah
670,brain_coral_fan,Brain Coral Fan,64,6662.0,7495.0,341.0,909.0,125000.0,283112.0,5696.0,89.0,4423.62,4735.0,2073.0,67.0,59000.0,1,98,,,,,,,,,,,,,,,,,,15,60000.0,35000.0,60000.0,2000.0,1,3906.0,11,60000.0,1788026426838,0,60000.0,tx_med,60000.0,4423.62,,,4423.62,ah
671,bubble_coral_fan,Bubble Coral Fan,64,5351.0,7763.0,315.0,1000.0,199000.0,249214.0,6208.0,97.0,3893.97,4772.0,1671.0,59.0,3906.25,64,204,,,,,,,,,,,,,,,,,,15,3906.0,3906.0,75000.0,3750.0,7,3906.0,4,75000.0,1788026687342,0,3906.0,tx_stack_med,75000.0,3893.97,,,3893.97,ah
672,fire_coral_fan,Fire Coral Fan,64,7638.0,25384.0,761.0,1563.0,150000.0,400126.0,22848.0,357.0,6251.97,5539.0,5352.0,173.0,60000.0,1,392,,,,,,,,,,,,,,,,,,15,60000.0,4688.0,75000.0,4688.0,7,4688.0,8,75000.0,1788026491708,0,4688.0,tx_stack_med,75000.0,4688.0,,,4688.0,ah
673,horn_coral_fan,Horn Coral Fan,64,5991.0,11060.0,370.0,909.0,200000.0,309083.0,9024.0,141.0,4829.42,4404.0,2280.0,67.0,3906.25,64,207,,,,,,,,,,,,,,,,,,15,3906.0,3906.0,15000.0,3571.0,8,3906.0,4,35000.0,1788026432319,0,3906.0,tx_stack_med,35000.0,3906.0,,,3906.0,ah
674,dead_tube_coral_fan,Dead Tube Coral Fan,64,11846.0,5590.0,330.0,938.0,749990.0,396824.0,4736.0,74.0,6200.38,31344.0,358.0,71.0,70000.0,1,73,,,,,,,,,,,,,,,,,,15,70000.0,70000.0,70000.0,10000.0,1,78125.0,13,70000.0,1788026676793,0,70000.0,tx_med,70000.0,6200.38,,,6200.38,ah
675,dead_brain_coral_fan,Dead Brain Coral Fan,64,12708.0,12438.0,672.0,1346.0,999990.0,540264.0,11200.0,175.0,8441.62,24306.0,942.0,62.0,15562.5,64,137,,,,,,,,,,,,,,,,,,15,185000.0,13333.0,599000.0,10000.0,4,13250.0,9,200000.0,1788026725946,0,13250.0,tx_stack_med,200000.0,8441.62,,,8441.62,ah
676,dead_bubble_coral_fan,Dead Bubble Coral Fan,64,9588.0,8605.0,366.0,938.0,474990.0,420981.0,7808.0,122.0,6577.83,68766.0,320.0,59.0,12500.0,4,9,,,,,,,,,,,,,,,,,,15,70000.0,12500.0,100000.0,9032.0,1,15234.0,10,89000.0,1788024970553,0,70000.0,tx_med,89000.0,6577.83,,,6577.83,ah
677,dead_fire_coral_fan,Dead Fire Coral Fan,64,21094.0,8644.0,1055.0,1563.0,249000.0,666147.0,6528.0,102.0,10408.55,20726.0,1776.0,192.0,70000.0,1,198,,,,,,,,,,,,,,,,,,15,12109.0,12109.0,79000.0,7031.0,8,12109.0,7,79000.0,1788026449552,0,12109.0,tx_stack_med,79000.0,10408.55,,,10408.55,ah
678,dead_horn_coral_fan,Dead Horn Coral Fan,64,39232.0,8830.0,799.0,3125.0,25000000.0,1000992.0,6912.0,108.0,15640.5,20541.0,1940.0,128.0,150000.0,1,70,,,,,650,650,651,650,3,30.2,58,,,,,,,15,99900.0,80000.0,99900.0,17188.0,2,17188.0,13,99900.0,1788025571272,0,99900.0,tx_med,99900.0,15640.5,650,finance_jun25,650,orders
679,blue_ice,Blue Ice,64,3213.0,205137.0,4970.0,1100.0,100000.0,188066.0,186816.0,2919.0,2938.53,2927.0,42571.0,1125.0,9375.0,16,3596,,,,,1300,1300,2450,1000,75,16.8,50,10000,,,,,,15,3438.0,3125.0,4584.0,2797.0,6,2961.0,2,49000.0,1788026645680,0,2961.0,tx_stack_med,3213.0,2938.53,1300,finance_jun25,1300,orders
680,conduit,Conduit,64,95956.0,3629.0,445.0,3333.0,499000.0,5833043.0,2944.0,46.0,91141.3,96836.0,695.0,94.0,375000.0,1,66,,,,,,,,,,,,,,,,,,15,219000.0,73386.0,374000.0,62500.0,7,73386.0,8,374000.0,1788026701111,0,73386.0,tx_stack_med,374000.0,73386.0,,,73386.0,ah
681,polished_granite_stairs,Polished Granite Stairs,64,9113.0,3941.0,65.0,234.0,312500.0,480774.0,3712.0,58.0,7512.09,6262.0,867.0,14.0,4687.5,64,0,,,,,,,,,,,,,,,,,,15,4688.0,2344.0,7813.0,1356.0,13,4688.0,0,,1788020137187,0,4688.0,tx_stack_med,9113.0,4687.5,,,4687.5,ah
682,smooth_red_sandstone_stairs,Smooth Red Sandstone Stairs,64,32800.0,65.0,2.0,31250.0,132000.0,2000000.0,64.0,1.0,31250.0,101515.0,66.0,3.0,2200000.0,1,0,,,,,,,,,,,,,,,,,,15,62500.0,54688.0,132000.0,9375.0,6,54688.0,3,1000000.0,1787979184294,0,54688.0,tx_stack_med,1000000.0,54688.0,,,54688.0,ah
683,mossy_stone_brick_stairs,Mossy Stone Brick Stairs,64,11298.0,7360.0,119.0,1547.0,937500.0,323365.0,7168.0,112.0,5052.58,5908.0,1922.0,32.0,3109.38,64,128,,,,,,,,,,,,,,,,,,15,3125.0,3125.0,3281.0,3109.0,15,3125.0,0,,1788026080015,0,3125.0,tx_stack_med,11298.0,3109.38,,,3109.38,ah
684,polished_diorite_stairs,Polished Diorite Stairs,64,5431.0,46494.0,751.0,1000.0,312500.0,339404.0,45568.0,712.0,5303.19,4714.0,6873.0,151.0,3109.38,64,704,,,,,,,,,,,,,,,,,,15,3125.0,3125.0,3125.0,2344.0,15,3125.0,0,,1788026524135,0,3125.0,tx_stack_med,5431.0,3109.38,,,3109.38,ah
685,mossy_cobblestone_stairs,Mossy Cobblestone Stairs,64,4440.0,13341.0,214.0,385.0,46875.0,288756.0,12864.0,201.0,4511.81,1242.0,8633.0,135.0,625.0,64,1262,,,,,,,,,,,,,,,,,,15,625.0,625.0,625.0,609.0,15,625.0,0,,1788026128372,0,625.0,tx_stack_med,4440.0,625.0,,,625.0,ah
686,end_stone_brick_stairs,End Stone Brick Stairs,64,3020.0,5514.0,95.0,391.0,14750.0,193827.0,5184.0,81.0,3028.55,29202.0,2111.0,45.0,4671.88,64,100,,,,,,,,,,,,,,,,,,15,7812.0,1563.0,14000.0,556.0,9,1875.0,5,14000.0,1788025952689,0,1875.0,tx_stack_med,14000.0,1875.0,,,1875.0,ah
687,stone_stairs,Stone Stairs,64,2091.0,135183.0,2147.0,20.0,187500.0,132679.0,132608.0,2072.0,2073.11,1199.0,46419.0,733.0,1093.75,64,3136,,,,,,,,,,,,,,,,,,15,1094.0,1094.0,1094.0,1094.0,15,1094.0,0,,1788026723249,0,1094.0,tx_stack_med,2091.0,1093.75,,,1093.75,ah
688,smooth_sandstone_stairs,Smooth Sandstone Stairs,64,3250.0,23873.0,379.0,769.0,25000.0,204480.0,23680.0,370.0,3195.0,6300.0,2624.0,41.0,3125.0,64,512,,,,,,,,,,,,,,,,,,15,3125.0,2381.0,6250.0,2344.0,14,3125.0,0,,1788025751572,0,3125.0,tx_stack_med,3250.0,3125.0,,,3125.0,ah
689,smooth_quartz_stairs,Smooth Quartz Stairs,64,6705.0,25995.0,538.0,1000.0,256410.0,401375.0,24960.0,390.0,6271.48,9064.0,5089.0,162.0,4671.88,64,448,,,,,125,125,129,127,6,45.9,68,,,,,,,15,4672.0,4672.0,4672.0,4656.0,15,4672.0,0,,1788025589287,0,4672.0,tx_stack_med,6705.0,4671.88,125,finance_jun25,125,orders
690,granite_stairs,Granite Stairs,64,7309.0,3257.0,52.0,156.0,19000.0,471818.0,3200.0,50.0,7372.16,2726.0,956.0,15.0,6249.98,64,0,,,,,,,,,,,,,,,,,,15,1172.0,1172.0,4375.0,625.0,14,1172.0,0,,1788013581990,0,1172.0,tx_stack_med,7309.0,1172.0,,,1172.0,ah
691,andesite_stairs,Andesite Stairs,64,6685.0,24658.0,387.0,156.0,125000.0,428767.0,24448.0,382.0,6699.48,5022.0,6094.0,96.0,7352.94,34,354,,,,,,,,,,,,,,,,,,15,3828.0,3828.0,7734.0,3828.0,13,3828.0,0,,1788025897103,0,3828.0,tx_stack_med,6685.0,3828.0,,,3828.0,ah
692,red_nether_brick_stairs,Red Nether Brick Stairs,64,32172.0,6843.0,119.0,313.0,1515625.0,2162727.0,6208.0,97.0,33792.61,19406.0,835.0,14.0,18699.0,64,64,,,,,,,,,,,,,,,,,,15,18750.0,17188.0,18750.0,12328.0,15,18750.0,0,,1788024474309,0,18750.0,tx_stack_med,32172.0,18699.0,,,18699.0,ah
693,polished_andesite_stairs,Polished Andesite Stairs,64,7042.0,62835.0,1016.0,781.0,1546875.0,453125.0,61952.0,968.0,7080.08,4187.0,17307.0,273.0,7031.25,64,1408,,,,,,,,,,,,,,,,,,15,7031.0,7031.0,15432.0,7031.0,15,7031.0,0,,1788025888683,0,7031.0,tx_stack_med,7042.0,7031.0,,,7031.0,ah
694,diorite_stairs,Diorite Stairs,64,6236.0,18305.0,303.0,582.0,31250.0,405183.0,17536.0,274.0,6330.98,7733.0,3904.0,61.0,15156.25,64,320,,,,,,,,,,,,,,,,,,15,5469.0,5469.0,14844.0,5469.0,15,5469.0,0,,1788024332200,0,5469.0,tx_stack_med,6236.0,5469.0,,,5469.0,ah
695,cobbled_deepslate_stairs,Cobbled Deepslate Stairs,64,1510.0,27854.0,475.0,78.12,154688.0,92129.0,26688.0,417.0,1439.52,3814.0,2014.0,42.0,1250.0,64,576,,,,,,,,,,,,,,,,,,15,1250.0,1172.0,1250.0,333.0,14,1250.0,0,,1788025260002,0,1250.0,tx_stack_med,1510.0,1250.0,,,1250.0,ah
696,polished_deepslate_stairs,Polished Deepslate Stairs,64,2029.0,86064.0,1380.0,107.0,100000.0,129703.0,84352.0,1318.0,2026.61,2518.0,12700.0,203.0,10000.0,1,1237,,,,,,,,,,,,,,,,,,15,10000.0,10000.0,10000.0,2344.0,3,2344.0,12,10000.0,1788025145217,0,2344.0,tx_stack_med,10000.0,2026.61,,,2026.61,ah
697,deepslate_brick_stairs,Deepslate Brick Stairs,64,1629.0,101277.0,1599.0,100.0,156250.0,104147.0,98688.0,1542.0,1627.3,3229.0,13543.0,220.0,1171.88,64,1440,,,,,,,,,,,,,,,,,,15,1563.0,1172.0,3906.0,781.0,13,1547.0,0,,1788025486859,0,1547.0,tx_stack_med,1629.0,1171.88,,,1171.88,ah
698,deepslate_tile_stairs,Deepslate Tile Stairs,64,6051.0,55512.0,946.0,83.33,3000000.0,394502.0,52864.0,826.0,6164.09,3615.0,8632.0,160.0,9187.5,16,552,,,,,,,,,,,,,,,,,,15,2266.0,2266.0,9136.0,2266.0,10,2266.0,0,,1788025612638,0,2266.0,tx_stack_med,6051.0,2266.0,,,2266.0,ah
699,polished_granite_slab,Polished Granite Slab,64,2652.0,3208.0,53.0,35.71,15625.0,177578.0,2880.0,45.0,2774.66,5170.0,448.0,7.0,15625.0,64,0,,,,,,,,,,,,,,,,,,15,938.0,96.15,1234.0,78.13,13,1172.0,0,,1787992650388,0,1172.0,tx_stack_med,2652.0,938.0,,,938.0,ah
700,smooth_red_sandstone_slab,Smooth Red Sandstone Slab,64,22277.0,130.0,4.0,10156.0,123000.0,1325000.0,128.0,2.0,20703.12,23438.0,192.0,3.0,23437.5,64,0,,,,,,,,,,,,,,,,,,15,23438.0,10156.0,80000.0,1639.0,10,23438.0,2,123000.0,1788012413445,0,23438.0,tx_stack_med,22277.0,23437.5,,,23437.5,ah
701,mossy_stone_brick_slab,Mossy Stone Brick Slab,64,8870.0,3589.0,63.0,1540.0,97000.0,556208.0,3392.0,53.0,8690.75,1319034.0,384.0,6.0,6406.25,64,0,,,,,,,,,,,,,,,,,,15,11703.0,3125.0,31250.0,1547.0,14,9367.0,1,100000.0,1788001701025,0,9367.0,tx_stack_med,8870.0,6406.25,,,6406.25,ah
702,polished_diorite_slab,Polished Diorite Slab,64,6969.0,22795.0,365.0,104.0,546875.0,446024.0,21888.0,342.0,6969.12,7389.0,3866.0,62.0,3125.0,64,448,,,,,,,,,,,,,,,,,,15,7688.0,3125.0,12500.0,2966.0,15,7688.0,0,,1788026489486,0,7688.0,tx_stack_med,6969.0,3125.0,,,3125.0,ah
703,mossy_cobblestone_slab,Mossy Cobblestone Slab,64,920669.0,8928.0,153.0,156.0,4700000092.0,710333.0,8384.0,131.0,11098.95,9378.0,2100.0,34.0,2586.21,58,0,,,,,,,,,,,,,,,,,,15,7813.0,2586.0,7813.0,2344.0,14,7813.0,0,,1788016391872,0,7813.0,tx_stack_med,920669.0,2586.21,,,2586.21,ah
704,end_stone_brick_slab,End Stone Brick Slab,64,2537.0,4159.0,70.0,375.0,48000.0,164288.0,3776.0,59.0,2567.0,426.0,176.0,4.0,925.93,54,0,,,,,,,,,,,,,,,,,,15,1429.0,781.0,2558.0,156.0,5,781.0,0,,1787999904866,0,781.0,tx_stack_med,2537.0,781.0,,,781.0,ah
705,smooth_sandstone_slab,Smooth Sandstone Slab,64,210452.0,13663.0,226.0,595.0,2800000041.0,350092.0,13184.0,206.0,5470.19,6398.0,2274.0,36.0,2328.12,64,192,,,,,,,,,,,,,,,,,,15,4688.0,2328.0,5469.0,2328.0,14,4688.0,0,,1788026405997,0,4688.0,tx_stack_med,210452.0,2328.12,,,2328.12,ah
706,smooth_quartz_slab,Smooth Quartz Slab,64,8921.0,25296.0,413.0,698.0,312500.0,551475.0,23872.0,373.0,8616.8,4554.0,4616.0,78.0,1625.0,64,256,,,,,,,,1000,4,,,,,,,,,15,4688.0,4359.0,4688.0,1625.0,14,4688.0,0,,1788026057747,0,4688.0,tx_stack_med,8921.0,1625.0,,,1625.0,ah
707,granite_slab,Granite Slab,64,29598.0,7555.0,120.0,46.87,1546875.0,1975478.0,7232.0,113.0,30866.84,6498.0,726.0,12.0,6250.0,64,64,,,,,,,,,,,,,,,,,,15,6250.0,2273.0,9375.0,1057.0,14,6641.0,0,,1788023087131,0,6641.0,tx_stack_med,29598.0,6250.0,,,6250.0,ah
708,andesite_slab,Andesite Slab,64,8349.0,12207.0,192.0,78.12,156250.0,544303.0,11840.0,185.0,8504.73,4571.0,3157.0,54.0,1406.25,64,506,,,,,,,,,,,,,,,,,,15,1563.0,1207.0,1953.0,658.0,13,1953.0,0,,1788025848565,0,1953.0,tx_stack_med,8349.0,1406.25,,,1406.25,ah
709,red_nether_brick_slab,Red Nether Brick Slab,64,12921.0,5082.0,88.0,3000.0,78125.0,845515.0,4800.0,75.0,13211.17,31162.0,1284.0,22.0,39062.5,64,0,,,,,,,,,,,,,,,,,,15,23438.0,15558.0,76563.0,4688.0,15,23438.0,0,,1788026566126,0,23438.0,tx_stack_med,12921.0,13211.17,,,13211.17,ah
710,polished_andesite_slab,Polished Andesite Slab,64,4278.0,25061.0,398.0,547.0,30000.0,274005.0,24512.0,383.0,4281.33,6934.0,4026.0,63.0,4687.5,64,512,,,,,,,,,,,,,,,,,,15,4390.0,4390.0,4688.0,4390.0,15,4390.0,0,,1788026558169,0,4390.0,tx_stack_med,4278.0,4281.33,,,4281.33,ah
711,diorite_slab,Diorite Slab,64,7298.0,19133.0,307.0,313.0,806452.0,300118.0,18496.0,289.0,4689.34,4009.0,1990.0,32.0,5468.75,64,128,,,,,,,,,,,,,,,,,,15,2344.0,1563.0,3422.0,1563.0,15,2344.0,0,,1788025069387,0,2344.0,tx_stack_med,7298.0,2344.0,,,2344.0,ah
712,cobbled_deepslate_slab,Cobbled Deepslate Slab,64,,,,,,,,,,,,,1562.5,32,185,,,,,,,,,,,,,,,,,,,,,,,,,,,,,,,,1562.5,,,1562.5,ah
713,polished_deepslate_slab,Polished Deepslate Slab,64,2554.0,55679.0,875.0,156.0,7142857.0,106449.0,54144.0,846.0,1663.27,784.0,15665.0,252.0,781.25,64,1336,,,,,,,,,,,,,,,,,,15,781.0,781.0,781.0,232.0,14,781.0,0,,1788026581522,0,781.0,tx_stack_med,2554.0,781.0,,,781.0,ah
714,deepslate_brick_slab,Deepslate Brick Slab,64,6233.0,47428.0,752.0,46.87,3109375.0,408653.0,45888.0,717.0,6385.2,1460.0,8690.0,138.0,1859.38,64,768,,,,,,,,,,,,,,,,,,15,1953.0,1797.0,2188.0,1016.0,15,1953.0,0,,1788025237907,0,1953.0,tx_stack_med,6233.0,1859.38,,,1859.38,ah
715,deepslate_tile_slab,Deepslate Tile Slab,64,1983.0,47004.0,756.0,78.12,500000.0,124203.0,45888.0,717.0,1940.67,2515.0,7340.0,118.0,7812.5,64,130,,,,,,,,,,,,,,,,,,15,1563.0,781.0,7813.0,234.0,12,1563.0,0,,1788025719459,0,1563.0,tx_stack_med,1983.0,1563.0,,,1563.0,ah
716,scaffolding,Scaffolding,64,815.0,441509.0,7179.0,83.33,988889.0,48560.0,425984.0,6656.0,758.75,940.0,157319.0,2512.0,859.06,64,12302,,,,,,,,,,,,,,,,,,15,594.0,594.0,859.0,578.0,15,594.0,0,,1788025712550,0,594.0,tx_stack_med,815.0,594.0,,,594.0,ah
717,redstone,Redstone Dust,64,448.0,727721.0,17641.0,214.0,1000000.0,23096.0,641792.0,10028.0,360.88,364.0,223681.0,5023.0,1312.5,16,18012,,,,,,,,,,,,,,,,,,15,467.0,431.0,1313.0,391.0,8,467.0,0,,1788026262925,0,467.0,tx_stack_med,448.0,360.88,,,360.88,ah
718,redstone_torch,Redstone Torch,64,,,,,,,,,,,,,18000.0,1,3378,,,,,203,203,300,175,21,41.1,65,7500,,,,,,,,,,,,,,,,,,,,18000.0,203,finance_jun25,203,orders
719,redstone_block,Block of Redstone,64,3424.0,154981.0,9687.0,1953.0,200000.0,173352.0,121728.0,1902.0,2708.62,2792.0,43521.0,2868.0,13000.0,1,2713,10000,1900,2200,1788026208,1800,1800,2100,1300,32,48.2,69,3000,,,,,,15,12999.0,7813.0,13000.0,2969.0,1,2969.0,9,12999.0,1788026558084,0,12999.0,tx_med,12999.0,2708.62,1900,lootseller,1900,orders
720,repeater,Redstone Repeater,64,3002.0,240365.0,13457.0,1000.0,781250.0,140688.0,184256.0,2879.0,2198.25,3233.0,62171.0,4334.0,3750.0,16,6246,8000,1200,7000,1788026208,850,1100,976,500,31,19.9,52,6250,,,,,,15,15000.0,4375.0,22500.0,1563.0,2,1641.0,3,20000.0,1788026679331,0,15000.0,tx_med,20000.0,2198.25,1200,lootseller,1200,orders
721,comparator,Redstone Comparator,64,3969.0,122328.0,8689.0,1094.0,2000000.0,166220.0,82816.0,1294.0,2597.19,4146.0,34136.0,2252.0,18800.0,1,1877,3600,2600,3400,1788026208,2200,2200,2500,800,25,39.7,64,22500,,,,,,15,20000.0,18800.0,20000.0,3109.0,1,3109.0,12,20000.0,1788026701986,0,20000.0,tx_med,20000.0,2597.19,2600,lootseller,2597.19,ah
722,piston,Piston,64,120886.0,413236.0,15960.0,781.0,25679998484.0,100895.0,311680.0,4870.0,1576.48,1818.0,113386.0,4257.0,1328.12,64,7354,9900,853,4000,1788026208,1100,1100,1350,550,31,37,62,8000,,,,,,15,3438.0,3162.0,3438.0,1328.0,1,1328.0,2,13000.0,1788026662479,0,3438.0,tx_med,120886.0,1328.12,853,lootseller,853,orders
723,sticky_piston,Sticky Piston,64,3041.0,214402.0,11586.0,833.0,1000000.0,123779.0,160192.0,2503.0,1934.05,2852.0,62517.0,3705.0,10000.0,1,4943,4900,786,2400,1788026208,1200,1300,1300,651,70,33.6,60,4375,,,,,,15,15999.0,3625.0,17000.0,1167.0,2,1211.0,11,17000.0,1788026642457,0,15999.0,tx_med,17000.0,1934.05,786,lootseller,786,orders
724,slime_block,Slime Block,64,1655.0,265477.0,8925.0,385.0,100000.0,83742.0,227136.0,3549.0,1308.47,1224.0,67868.0,2381.0,30000.0,1,3602,,,,,160,160,200,150,6,60.7,76,,,,,,,15,45000.0,30000.0,45000.0,1073.0,2,1075.0,12,45000.0,1788026341801,0,45000.0,tx_med,45000.0,1308.47,160,finance_jun25,160,orders
725,honey_block,Honey Block,64,7684.0,65103.0,7113.0,2000.0,500000.0,285628.0,48128.0,752.0,4462.94,9704.0,18362.0,1728.0,39000.0,1,1092,,,,,1600,1600,1600,1000,10,47.4,68,30000,49000.0,1,,,,15,5625.0,5625.0,5781.0,5625.0,12,5625.0,2,39000.0,1788026681327,0,5625.0,tx_stack_med,7684.0,4462.94,1600,finance_jun25,1600,orders
726,observer,Observer,64,52861.0,494942.0,22683.0,1198.0,24980000604.0,117193.0,385216.0,6019.0,1831.14,2189.0,138064.0,6741.0,25000.0,1,7942,20900,1700,2200,1788026208,1250,1300,1250,500,34,24.6,55,5000,,,,,,15,25000.0,12500.0,25000.0,2172.0,3,2172.0,9,25000.0,1788026705200,0,2172.0,tx_stack_med,25000.0,1831.14,1700,lootseller,1700,orders
727,hopper,Hopper,64,3552.0,870368.0,32414.0,1719.0,900000.0,185614.0,578944.0,9046.0,2900.22,2816.0,258386.0,8898.0,3281.25,16,16467,7000,1900,10000,1788026208,1000,1000,1050,720,25,56.4,74,4375,,,,,,15,6250.0,6188.0,6250.0,2797.0,1,2797.0,0,,1788026727868,0,6250.0,tx_med,3552.0,2900.22,1900,lootseller,1900,orders
728,dispenser,Dispenser,64,3821.0,190276.0,12189.0,1025.0,1000000.0,171194.0,143168.0,2237.0,2674.91,3674.0,48652.0,4098.0,4499.98,64,2805,3700,3000,5000,1788026208,1100,1100,1100,500,23,53.5,72,4704,,,11666.7,1,,15,4500.0,3875.0,4500.0,3770.0,14,4500.0,1,3770.0,1788026648838,0,4500.0,tx_stack_med,3821.0,2674.91,3000,lootseller,2674.91,ah
729,dropper,Dropper,64,1365.0,219275.0,6550.0,191.0,500000.0,68310.0,198144.0,3096.0,1067.34,1912.0,63048.0,2203.0,779.69,64,3814,16700,236,180000,1788026208,400,400,400,150,8,58.6,75,,,,,,,15,1250.0,780.0,17000.0,780.0,8,780.0,5,17000.0,1788026654128,0,780.0,tx_stack_med,17000.0,779.69,236,lootseller,236,orders
730,lectern,Lectern,64,18177.0,28005.0,3027.0,4300.0,350000.0,843897.0,22592.0,353.0,13185.89,25041.0,4776.0,667.0,70000.0,1,464,,,,,,,,,,,,,,,,,,15,70000.0,44999.0,70000.0,9375.0,1,9375.0,12,70000.0,1788026703435,0,70000.0,tx_med,70000.0,13185.89,,,13185.89,ah
731,target,Target,64,7378.0,56323.0,2558.0,1900.0,500000.0,357224.0,45504.0,711.0,5581.62,5356.0,15843.0,636.0,29000.0,1,1051,,,,,5150,5200,5150,3000,35,49.4,70,25000,,,,,,15,8000.0,4375.0,10000.0,4063.0,7,4375.0,4,19500.0,1788026333860,0,4375.0,tx_stack_med,19500.0,4375.0,5150,finance_jun25,4375.0,ah
732,lever,Lever,64,103160.0,242744.0,13620.0,39.06,24799999427.0,32808.0,212544.0,3321.0,512.62,754.0,54170.0,4090.0,5000.0,1,4934,,,,,,,,,,,,,,,,,,15,5000.0,278.0,5000.0,156.0,3,156.0,10,5000.0,1788026724448,0,156.0,tx_stack_med,5000.0,156.0,,,156.0,ah
733,lightning_rod,Lightning Rod,64,40212.0,15101.0,765.0,156.0,300000010.0,286025.0,12992.0,203.0,4469.14,3545.0,5315.0,183.0,3109.38,64,709,,,,,,,,,,,,,,,,,,15,3109.0,3109.0,143000.0,2813.0,11,3109.0,4,143000.0,1788026663459,0,3109.0,tx_stack_med,143000.0,3109.0,,,3109.0,ah
734,exposed_lightning_rod,Exposed Lightning Rod,64,261583.0,24.0,13.0,6250.0,1500000.0,0.0,0.0,0.0,,66667.0,24.0,3.0,150000.0,1,1,,,,,,,,,,,,,,,,,,15,75000.0,56000.0,100000.0,30000.0,0,,12,75000.0,1788024084995,0,75000.0,tx_med,75000.0,75000.0,,,75000.0,ah
735,weathered_lightning_rod,Weathered Lightning Rod,64,234767.0,176.0,26.0,769.0,1034483.0,0.0,0.0,0.0,,74762.0,21.0,11.0,200000.0,1,0,,,,,,,,,,,,,,,,,,15,75000.0,25000.0,200000.0,2000.0,0,,9,100000.0,1788013352577,0,75000.0,tx_med,100000.0,75000.0,,,75000.0,ah
736,oxidized_lightning_rod,Oxidized Lightning Rod,64,36855.0,1373.0,201.0,1500.0,1200000.0,1761873.0,832.0,13.0,27529.27,21168.0,507.0,40.0,399990.0,1,0,,,,,,,,,,,,,,,,,,15,15609.0,5000.0,200000.0,1000.0,4,12255.0,6,200000.0,1788026017505,0,12255.0,tx_stack_med,200000.0,12255.0,,,12255.0,ah
737,waxed_lightning_rod,Waxed Lightning Rod,64,75498.0,1195.0,40.0,1613.0,800000.0,5487719.0,832.0,13.0,85745.61,151069.0,202.0,11.0,1000000.0,1,0,,,,,,,,,,,,,,,,,,15,666000.0,78125.0,700000.0,1000.0,3,154688.0,10,685000.0,1787992318049,0,154688.0,tx_stack_med,685000.0,85745.61,,,85745.61,ah
738,waxed_exposed_lightning_rod,Waxed Exposed Lightning Rod,64,0.0,0.0,0.0,0.0,0.0,0.0,0.0,0.0,,529851.0,67.0,4.0,3000000.0,1,0,,,,,,,,,,,,,,,,,,15,750000.0,100000.0,750000.0,15625.0,1,453125.0,10,750000.0,1788012278911,0,750000.0,tx_med,750000.0,750000.0,,,750000.0,ah
739,waxed_weathered_lightning_rod,Waxed Weathered Lightning Rod,64,1374875.0,8.0,8.0,500000.0,6000000.0,0.0,0.0,0.0,,0.0,0.0,0.0,1000000.0,1,0,,,,,,,,,,,,,,,,,,15,500000.0,125000.0,999000.0,15625.0,1,15625.0,8,749500.0,1787857518784,0,500000.0,tx_med,749500.0,500000.0,,,500000.0,ah
740,waxed_oxidized_lightning_rod,Waxed Oxidized Lightning Rod,64,283582.0,201.0,12.0,100000.0,8000000.0,9966667.0,192.0,3.0,155729.17,152909.0,66.0,3.0,46008.0,1,0,,,,,,,,,,,,,,,,,,15,1000000.0,154688.0,2000000.0,45999.0,4,156250.0,11,2000000.0,1787964773469,0,156250.0,tx_stack_med,2000000.0,46008.0,,,46008.0,ah
741,daylight_detector,Daylight Detector,64,43089.0,2141.0,185.0,1563.0,250000.0,2364737.0,1280.0,20.0,36949.02,103809.0,227.0,37.0,100000.0,1,3,,,,,,,,,,,,,,,,,,15,100000.0,100000.0,100000.0,100000.0,0,,15,100000.0,1788026395390,0,100000.0,tx_med,100000.0,36949.02,,,36949.02,ah
742,sculk_sensor,Sculk Sensor,64,11145.0,5023.0,719.0,300.0,150000.0,689016.0,2688.0,42.0,10765.88,10068.0,763.0,161.0,11428.57,7,19,,,,,,,,,,,,,,,,,,15,10000.0,10000.0,12500.0,3333.0,0,,11,10000.0,1788026623505,0,10000.0,tx_med,10000.0,10000.0,,,10000.0,ah
743,calibrated_sculk_sensor,Calibrated Sculk Sensor,64,57908.0,916.0,274.0,9000.0,1000000.0,2675000.0,512.0,8.0,41796.88,27166.0,896.0,53.0,75000.0,40,41,,,,,,,,,,,,,,,,,,15,100000.0,100000.0,300000.0,50000.0,0,,12,100000.0,1788025441304,0,100000.0,tx_med,100000.0,41796.88,,,41796.88,ah
744,tripwire_hook,Tripwire Hook,64,3178.0,90120.0,3150.0,177.0,200000.0,142213.0,77504.0,1211.0,2222.08,2722.0,24454.0,726.0,5937.5,16,1713,,,,,51,51,200,51,5,7.9,8,,,,,,,15,5938.0,1547.0,50000.0,1531.0,5,1547.0,7,50000.0,1788026542750,0,1547.0,tx_stack_med,50000.0,1547.0,51,finance_jun25,51,orders
745,trapped_chest,Trapped Chest,64,4981.0,12381.0,402.0,781.0,250000.0,221037.0,11456.0,179.0,3453.7,33507.0,386.0,68.0,350000.0,1,4,,,,,,,,,,,,,,,,,,15,200000.0,100000.0,350000.0,2941.0,0,,13,200000.0,1788026491835,0,200000.0,tx_med,200000.0,3453.7,,,3453.7,ah
746,tnt,TNT,64,3006.0,871838.0,22975.0,1628.0,160000.0,167997.0,734784.0,11481.0,2624.95,2748.0,255170.0,6841.0,7692.31,13,19621,7400,1700,2800,1788026208,1350,1500,1350,1000,34,45.2,67,11074,2750.0,1,3333.3,1,,15,3906.0,3906.0,4453.0,3891.0,13,3906.0,0,,1788026729208,0,3906.0,tx_stack_med,3006.0,2624.95,1700,lootseller,1700,orders
747,redstone_lamp,Redstone Lamp,64,10362.0,44953.0,2814.0,1200.0,1000000.0,448023.0,36800.0,575.0,7000.36,9521.0,8569.0,663.0,67000.0,1,917,,,,,90,90,90,65,6,61.9,77,,,,,,,15,27000.0,4688.0,89000.0,4688.0,4,4688.0,9,27000.0,1788026539294,0,4688.0,tx_stack_med,27000.0,4688.0,90,finance_jun25,90,orders
748,note_block,Note Block,64,2299.0,193919.0,7826.0,272.0,299994.0,104352.0,169856.0,2654.0,1630.5,1831.0,59657.0,2393.0,1546.88,64,4538,,,,,453,453,453,260,12,36.6,62,,,,,,,15,14200.0,1250.0,14200.0,934.0,5,938.0,10,14200.0,1788026527845,0,938.0,tx_stack_med,14200.0,938.0,453,finance_jun25,453,orders
749,stone_button,Stone Button,64,3312.0,45783.0,1282.0,65.0,2000000.0,166553.0,42176.0,659.0,2602.39,2860.0,22603.0,579.0,3906.25,64,771,,,,,,,,,,,,,,,,,,15,5078.0,3906.0,7813.0,588.0,11,5078.0,2,100000.0,1788025637562,0,5078.0,tx_stack_med,3312.0,2602.39,,,2602.39,ah
750,polished_blackstone_button,Polished Blackstone Button,64,7090.0,12630.0,1862.0,313.0,97000.0,197203.0,8384.0,131.0,3081.3,3474.0,6455.0,486.0,7000.0,10,144,,,,,,,,,,,,,,,,,,15,19500.0,17949.0,20000.0,1406.0,1,1406.0,13,19500.0,1788025876864,0,19500.0,tx_med,19500.0,3081.3,,,3081.3,ah
751,oak_button,Oak Button,64,2292.0,34331.0,1013.0,60.93,1000000.0,109381.0,30976.0,484.0,1709.08,2199.0,15592.0,461.0,14285.71,7,356,,,,,,,,,,,,,,,,,,15,6500.0,391.0,10000.0,391.0,5,391.0,8,8500.0,1788026018102,0,391.0,tx_stack_med,8500.0,391.0,,,391.0,ah
752,spruce_button,Spruce Button,64,565.0,246625.0,4831.0,15.62,500000.0,32496.0,237824.0,3716.0,507.75,677.0,56000.0,1199.0,312.5,64,7075,,,,,,,,,,,,,,,,,,15,313.0,313.0,313.0,313.0,15,313.0,0,,1788026405953,0,313.0,tx_stack_med,565.0,312.5,,,312.5,ah
753,birch_button,Birch Button,64,2079.0,9952.0,467.0,156.0,999000.0,46998.0,8512.0,133.0,734.34,1812.0,869.0,94.0,5769.23,52,116,,,,,,,,,,,,,,,,,,15,938.0,391.0,1000.0,344.0,6,391.0,0,,1788023756867,0,391.0,tx_stack_med,2079.0,391.0,,,391.0,ah
754,jungle_button,Jungle Button,64,1008.0,11188.0,240.0,156.0,1000000.0,53130.0,10816.0,169.0,830.16,3754.0,175.0,40.0,4166.67,12,0,,,,,,,,,,,,,,,,,,15,4700.0,1000.0,8000.0,1000.0,0,,11,4700.0,1788018913669,0,4700.0,tx_med,4700.0,830.16,,,830.16,ah
755,acacia_button,Acacia Button,64,319701.0,1595.0,133.0,156.0,99799998.0,366708.0,1024.0,16.0,5729.81,4194.0,435.0,28.0,1000.0,2,0,,,,,1,1,1,1,3,41.8,65,,,,,,,15,2000.0,2000.0,2000.0,1000.0,0,,14,2000.0,1788020479627,0,2000.0,tx_med,2000.0,1000.0,1,finance_jun25,1,orders
756,cherry_button,Cherry Button,64,3788.0,5454.0,119.0,500.0,5000000.0,131966.0,4992.0,78.0,2061.97,1622.0,736.0,12.0,5000.0,2,3,,,,,,,,,,,,,,,,,,15,10000.0,10000.0,10000.0,3333.0,0,,12,10000.0,1788023022533,0,10000.0,tx_med,10000.0,2061.97,,,2061.97,ah
757,dark_oak_button,Dark Oak Button,64,13120.0,8731.0,172.0,78.12,4545455.0,66487.0,8128.0,127.0,1038.86,1748.0,1201.0,35.0,531.25,64,262,,,,,,,,,,,,,,,,,,15,10000.0,531.0,10000.0,213.0,4,531.0,8,10000.0,1788025701380,0,531.0,tx_stack_med,10000.0,531.0,,,531.0,ah
758,pale_oak_button,Pale Oak Button,64,9185.0,7583.0,241.0,424.0,9999999.0,399227.0,6912.0,108.0,6237.92,24776.0,1629.0,39.0,7812.5,64,64,,,,,,,,,,,,,,,,,,15,7813.0,3333.0,45313.0,500.0,9,7813.0,3,450000.0,1788026491031,0,7813.0,tx_stack_med,450000.0,6237.92,,,6237.92,ah
759,mangrove_button,Mangrove Button,64,24311.0,928.0,25.0,781.0,10000000.0,787991.0,768.0,12.0,12312.36,7355.0,639.0,10.0,7810.94,64,0,,,,,,,,,,,,,,,,,,15,7813.0,7813.0,7813.0,3175.0,13,7813.0,0,,1788013141729,0,7813.0,tx_stack_med,24311.0,7810.94,,,7810.94,ah
760,bamboo_button,Bamboo Button,64,4661.0,4693.0,114.0,313.0,1000000.0,261338.0,4352.0,68.0,4083.41,4003.0,703.0,11.0,3750.0,64,0,,,,,,,,,,,,,,,,,,15,3750.0,3750.0,5469.0,234.0,12,3750.0,2,9700.0,1788020892936,0,3750.0,tx_stack_med,4661.0,3750.0,,,3750.0,ah
761,crimson_button,Crimson Button,64,4961.0,5297.0,118.0,188.0,998000.0,131133.0,4864.0,76.0,2048.95,15000.0,1.0,1.0,7000.0,1,1,,,,,,,,,,,,,,,,,,15,35000.0,20000.0,37000.0,7000.0,0,,15,35000.0,1788023510288,0,35000.0,tx_med,35000.0,2048.95,,,2048.95,ah
762,warped_button,Warped Button,64,20179.0,1414.0,51.0,526.0,999000.0,699653.0,1088.0,17.0,10932.08,17869.0,521.0,17.0,350000.0,1,0,,,,,,,,,,,,,,,,,,15,15625.0,5391.0,500000.0,1563.0,8,5430.0,6,500000.0,1788026568637,0,5430.0,tx_stack_med,500000.0,5430.0,,,5430.0,ah
763,stone_pressure_plate,Stone Pressure Plate,64,7925.0,15858.0,931.0,156.0,2000000.0,259991.0,13632.0,213.0,4062.36,12003.0,5971.0,224.0,4687.5,64,783,,,,,,,,,,,,,,,,,,15,4688.0,4672.0,19231.0,3906.0,11,4688.0,2,50000.0,1788026629895,0,4688.0,tx_stack_med,7925.0,4062.36,,,4062.36,ah
764,polished_blackstone_pressure_plate,Polished Blackstone Pressure Plate,64,39915.0,1886.0,145.0,6250.0,3900000.0,1334783.0,1472.0,23.0,20855.98,84909.0,102.0,38.0,43055.0,1,3,,,,,,,,,,,,,,,,,,15,35950.0,34880.0,43055.0,10000.0,0,,14,36266.0,1788023462640,0,35950.0,tx_med,36266.0,20855.98,,,20855.98,ah
765,light_weighted_pressure_plate,Light Weighted Pressure Plate,64,13934.0,11314.0,1356.0,601.0,999000.0,464849.0,8064.0,126.0,7263.27,10098.0,2894.0,408.0,39999.0,1,889,,,,,,,,30,3,,,,,,,,,15,39999.0,20000.0,39999.0,8889.0,0,,14,39999.0,1788026525559,0,39999.0,tx_med,39999.0,7263.27,,,7263.27,ah
766,heavy_weighted_pressure_plate,Heavy Weighted Pressure Plate,64,7311.0,24979.0,856.0,1064.0,781250.0,394397.0,21120.0,330.0,6162.45,5227.0,3576.0,136.0,3125.0,64,165,,,,,,,,,,,,,,,,,,15,7143.0,4688.0,98989.0,3125.0,3,3125.0,6,98989.0,1788026371590,0,3125.0,tx_stack_med,98989.0,3125.0,,,3125.0,ah
767,oak_pressure_plate,Oak Pressure Plate,64,3548.0,20136.0,530.0,31.74,2000000.0,151789.0,18816.0,294.0,2371.7,2234.0,3326.0,104.0,1562.5,64,643,,,,,,,,,,,,,,,,,,15,10000.0,1563.0,20000.0,526.0,6,1563.0,8,15000.0,1788025821635,0,1563.0,tx_stack_med,15000.0,1562.5,,,1562.5,ah
768,spruce_pressure_plate,Spruce Pressure Plate,64,922.0,174843.0,3284.0,1.66,1000000.0,52614.0,168960.0,2640.0,822.09,792.0,50647.0,921.0,781.25,64,2928,,,,,,,,,,,,,,,,,,15,781.0,469.0,781.0,469.0,15,781.0,0,,1788026491086,0,781.0,tx_stack_med,922.0,781.0,,,781.0,ah
769,birch_pressure_plate,Birch Pressure Plate,64,15931.0,2046.0,481.0,7.5,312344.0,1171000.0,1280.0,20.0,18296.88,9896.0,106.0,24.0,1000.0,15,0,,,,,,,,,,,,,,,,,,15,4000.0,4000.0,24500.0,1000.0,0,,9,4000.0,1788018113834,0,4000.0,tx_med,4000.0,1000.0,,,1000.0,ah
770,jungle_pressure_plate,Jungle Pressure Plate,64,4191.0,380.0,46.0,781.0,200000.0,67000.0,256.0,4.0,1046.88,651.0,96.0,6.0,422.22,45,0,,,,,,,,,,,,,,,,,,15,578.0,578.0,688.0,422.0,8,578.0,2,10250.0,1788014519957,0,578.0,tx_stack_med,4191.0,422.22,,,422.22,ah
771,acacia_pressure_plate,Acacia Pressure Plate,64,4105.0,705.0,45.0,625.0,299000.0,55714.0,448.0,7.0,870.53,3125.0,64.0,1.0,3125.0,64,0,,,,,,,,,,,,,,,,,,15,15000.0,7813.0,199000.0,1563.0,3,3125.0,10,144500.0,1787942468084,0,3125.0,tx_stack_med,144500.0,870.53,,,870.53,ah
772,cherry_pressure_plate,Cherry Pressure Plate,64,13061.0,606.0,43.0,3125.0,499000.0,0.0,0.0,0.0,,6663.0,257.0,7.0,7812.5,64,0,,,,,,,,,,,,,,,,,,15,3125.0,3125.0,10000.0,2778.0,3,7813.0,3,10000.0,1788008767535,0,7813.0,tx_stack_med,10000.0,3125.0,,,3125.0,ah
773,dark_oak_pressure_plate,Dark Oak Pressure Plate,64,8338.0,3238.0,119.0,313.0,10000000.0,58643.0,2688.0,42.0,916.3,2923.0,130.0,3.0,576.92,52,0,,,,,,,,,,,,,,,,,,15,3571.0,625.0,20000.0,577.0,5,625.0,4,22000.0,1787988619007,0,625.0,tx_stack_med,22000.0,576.92,,,576.92,ah
774,pale_oak_pressure_plate,Pale Oak Pressure Plate,64,5421.0,6115.0,123.0,313.0,500000.0,198437.0,5568.0,87.0,3100.58,71602.0,676.0,43.0,285000.0,1,1,,,,,,,,,,,,,,,,,,15,285000.0,20000.0,299000.0,20000.0,0,,13,285000.0,1788025363964,0,285000.0,tx_med,285000.0,3100.58,,,3100.58,ah
775,mangrove_pressure_plate,Mangrove Pressure Plate,64,48947.0,152.0,15.0,3704.0,400000.0,4000000.0,64.0,1.0,62500.0,0.0,0.0,0.0,43600.0,1,0,,,,,,,,,,,,,,,,,,15,200000.0,43600.0,500000.0,5556.0,2,46094.0,11,250000.0,1787927832875,0,200000.0,tx_med,250000.0,43600.0,,,43600.0,ah
776,bamboo_pressure_plate,Bamboo Pressure Plate,64,23096.0,355.0,61.0,130.0,500000.0,0.0,0.0,0.0,,11641.0,391.0,13.0,3312.5,64,0,,,,,,,,,,,,,,,,,,15,30000.0,12433.0,60000.0,1563.0,6,13599.0,9,50000.0,1788006993092,0,13599.0,tx_stack_med,50000.0,3312.5,,,3312.5,ah
777,crimson_pressure_plate,Crimson Pressure Plate,64,212741.0,158.0,31.0,500.0,19000000.0,750000.0,128.0,2.0,11718.75,299000.0,1.0,1.0,299000.0,1,0,,,,,,,,,,,,,,,,,,15,194000.0,20000.0,299000.0,500.0,1,7813.0,13,195000.0,1787982511193,0,194000.0,tx_med,195000.0,194000.0,,,194000.0,ah
778,warped_pressure_plate,Warped Pressure Plate,64,60112.0,634.0,34.0,3000.0,312500.0,3881250.0,512.0,8.0,60644.53,27646.0,158.0,8.0,250000.0,1,0,,,,,,,,,,,,,,,,,,15,225000.0,23438.0,250000.0,800.0,2,23438.0,10,250000.0,1788018712212,0,225000.0,tx_med,250000.0,60644.53,,,60644.53,ah
779,iron_door,Iron Door,64,10687.0,11245.0,1105.0,78.12,400000.0,348522.0,8320.0,130.0,5445.66,7088.0,4849.0,214.0,17000.0,1,81,,,,,1,5,15,5,5,63.7,78,,,,,,,15,19000.0,17000.0,19000.0,2823.0,0,,13,19000.0,1788026403826,0,19000.0,tx_med,19000.0,5445.66,1,finance_jun25,1,orders
780,oak_door,Oak Door,64,4462.0,13254.0,868.0,200.0,1000000.0,168867.0,10368.0,162.0,2638.55,3620.0,4180.0,402.0,15000.0,1,93,,,,,,,,,,,,,,,,,,15,15000.0,15000.0,80000.0,3906.0,1,3906.0,14,15000.0,1788025166661,0,15000.0,tx_med,15000.0,2638.55,,,2638.55,ah
781,spruce_door,Spruce Door,64,3190.0,108947.0,4195.0,109.0,37500001.0,65812.0,96064.0,1501.0,1028.31,1234.0,39696.0,1136.0,625.0,32,1350,,,,,,,,,,,,,,,,,,15,15000.0,625.0,25000.0,625.0,1,1406.0,8,25000.0,1788026704286,0,15000.0,tx_med,25000.0,625.0,,,625.0,ah
782,birch_door,Birch Door,64,7594.0,2644.0,418.0,1.0,200000.0,271571.0,1344.0,21.0,4243.3,7088.0,569.0,78.0,9677.42,62,62,,,,,,,,,,,,,,,,,,15,9677.0,1563.0,20000.0,1000.0,2,4688.0,7,20000.0,1788025125031,0,9677.0,tx_med,20000.0,4243.3,,,4243.3,ah
783,jungle_door,Jungle Door,64,5749.0,1241.0,158.0,1475.0,250000.0,207462.0,832.0,13.0,3241.59,18632.0,133.0,14.0,80000.0,1,0,,,,,,,,,,,,,,,,,,15,40000.0,5000.0,100000.0,217.0,1,781.0,10,100000.0,1788013125241,0,40000.0,tx_med,100000.0,3241.59,,,3241.59,ah
784,acacia_door,Acacia Door,64,13540.0,1179.0,80.0,1.0,499000.0,588462.0,832.0,13.0,9194.72,21366.0,676.0,175.0,3333.33,6,6,,,,,,,,,,,,,,,,,,15,12099.0,12099.0,12099.0,3333.0,2,21875.0,11,12099.0,1788023627665,0,12099.0,tx_med,12099.0,3333.33,,,3333.33,ah
785,cherry_door,Cherry Door,64,17493.0,1940.0,258.0,556.0,333333.0,281333.0,960.0,15.0,4395.83,9984.0,496.0,74.0,5555.56,9,135,,,,,,,,,,,,,,,,,,15,5000.0,4667.0,20000.0,2500.0,0,,3,25000.0,1788025429881,0,5000.0,tx_med,25000.0,4395.83,,,4395.83,ah
786,dark_oak_door,Dark Oak Door,64,5429.0,15482.0,772.0,313.0,2000000.0,253129.0,12928.0,202.0,3955.14,4970.0,2372.0,153.0,4687.5,64,73,,,,,,,,,,,,,,,,,,15,26000.0,15000.0,30000.0,4688.0,1,4688.0,14,26000.0,1788025612037,0,26000.0,tx_med,26000.0,3955.14,,,3955.14,ah
787,pale_oak_door,Pale Oak Door,64,8352.0,6796.0,711.0,625.0,500000.0,140744.0,5248.0,82.0,2199.12,27850.0,374.0,129.0,25000.0,1,41,,,,,,,,,,,,,,,,,,15,11667.0,11667.0,11667.0,6154.0,0,,2,25000.0,1788025773207,0,11667.0,tx_med,8352.0,2199.12,,,2199.12,ah
788,mangrove_door,Mangrove Door,64,14211.0,2295.0,233.0,1563.0,300000.0,677083.0,1536.0,24.0,10579.42,28023.0,132.0,101.0,200000.0,1,1,,,,,,,,,,,,,,,,,,15,30000.0,30000.0,30000.0,9000.0,0,,15,30000.0,1788025529553,0,30000.0,tx_med,30000.0,10579.42,,,10579.42,ah
789,bamboo_door,Bamboo Door,64,11716.0,2203.0,194.0,1563.0,133333.0,510474.0,1216.0,19.0,7976.16,19894.0,403.0,19.0,5833.33,60,60,,,,,,,,,,,,,,,,,,15,16667.0,4688.0,42500.0,3333.0,3,4688.0,1,50000.0,1788023014229,0,4688.0,tx_stack_med,11716.0,4688.0,,,4688.0,ah
790,crimson_door,Crimson Door,64,10503.0,2128.0,263.0,1563.0,299000.0,324091.0,704.0,11.0,5063.92,8701.0,556.0,76.0,1459.02,61,238,,,,,,,,,,,,,,,,,,15,2783.0,1563.0,40000.0,1459.0,6,1758.0,6,44500.0,1788025011552,0,1758.0,tx_stack_med,44500.0,1459.02,,,1459.02,ah
791,warped_door,Warped Door,64,23599.0,2081.0,291.0,164.0,750000.0,1825000.0,384.0,6.0,28515.62,22098.0,377.0,38.0,33333.33,3,10,,,,,,,,,,,,,,,,,,15,40000.0,33333.0,195000.0,21429.0,0,,7,195000.0,1788025347384,0,40000.0,tx_med,195000.0,28515.62,,,28515.62,ah
792,copper_door,Copper Door,64,12800.0,1207.0,54.0,3125.0,400000.0,459615.0,832.0,13.0,7181.48,7222.0,275.0,16.0,62250.0,4,0,,,,,,,,,,,,,,,,,,15,50000.0,6172.0,50000.0,556.0,2,6172.0,10,50000.0,1788021692964,0,50000.0,tx_med,50000.0,7181.48,,,7181.48,ah
793,exposed_copper_door,Exposed Copper Door,64,156818.0,66.0,3.0,140625.0,675000.0,9000000.0,64.0,1.0,140625.0,0.0,0.0,0.0,140625.0,64,0,,,,,,,,,,,,,,,,,,15,100000.0,29167.0,190000.0,2500.0,1,140625.0,11,100000.0,1787869208587,0,100000.0,tx_med,100000.0,100000.0,,,100000.0,ah
794,weathered_copper_door,Weathered Copper Door,64,500000.0,4.0,4.0,500000.0,500000.0,0.0,0.0,0.0,,0.0,0.0,0.0,500000.0,1,0,,,,,,,,,,,,,,,,,,15,300000.0,100000.0,500000.0,33333.0,0,,12,433500.0,1787463362680,0,300000.0,tx_med,433500.0,300000.0,,,300000.0,ah
795,oxidized_copper_door,Oxidized Copper Door,64,156521.0,144.0,20.0,32226.0,1000000.0,0.0,0.0,0.0,,299000.0,1.0,1.0,299000.0,1,0,,,,,,,,,,,,,,,,,,15,500000.0,500000.0,500000.0,290000.0,0,,15,500000.0,1787954715559,0,500000.0,tx_med,500000.0,299000.0,,,299000.0,ah
796,waxed_copper_door,Waxed Copper Door,64,46000.0,5.0,3.0,16667.0,90000.0,0.0,0.0,0.0,,0.0,0.0,0.0,16666.67,3,0,,,,,,,,,,,,,,,,,,15,90000.0,50000.0,100000.0,2000.0,1,312500.0,13,90000.0,1787858970472,0,90000.0,tx_med,90000.0,16666.67,,,16666.67,ah
797,waxed_exposed_copper_door,Waxed Exposed Copper Door,64,0.0,0.0,0.0,0.0,0.0,0.0,0.0,0.0,,0.0,0.0,0.0,0.0,1,0,,,,,,,,,,,,,,,,,,1,90000.0,90000.0,90000.0,90000.0,0,,0,,1772594176510,0,,,,,,,,
798,waxed_weathered_copper_door,Waxed Weathered Copper Door,64,0.0,0.0,0.0,0.0,0.0,0.0,0.0,0.0,,1360000.0,5.0,5.0,1000000.0,1,0,,,,,,,,,,,,,,,,,,15,989800.0,130000.0,1000000.0,50000.0,0,,12,1000000.0,1787972123452,0,989800.0,tx_med,1000000.0,989800.0,,,989800.0,ah
799,waxed_oxidized_copper_door,Waxed Oxidized Copper Door,64,242647.0,96.0,87.0,19949.0,2000000.0,0.0,0.0,0.0,,115271.0,36.0,35.0,68830.0,1,2,,,,,,,,,,,,,,,,,,15,69207.0,68830.0,200000.0,60000.0,0,,15,69207.0,1788025073414,0,69207.0,tx_med,69207.0,68830.0,,,68830.0,ah
800,iron_trapdoor,Iron Trapdoor,64,5353.0,41602.0,3057.0,738.0,270000.0,253731.0,33216.0,519.0,3964.55,4877.0,9806.0,766.0,19499.99,1,1550,,,,,,,,60,3,,,,,,,,,15,14600.0,13000.0,19500.0,3125.0,1,3125.0,12,14850.0,1788026631284,0,14600.0,tx_med,14850.0,3964.55,,,3964.55,ah
801,oak_trapdoor,Oak Trapdoor,64,3005.0,80148.0,3198.0,156.0,6000000.0,146522.0,69568.0,1087.0,2289.41,2777.0,20615.0,1012.0,1250.0,40,2284,,,,,4,4,30.1,10.2,7,14.9,49,,,,,,,15,1250.0,703.0,8000.0,703.0,7,703.0,4,8000.0,1788026731785,0,703.0,tx_stack_med,8000.0,703.0,4,finance_jun25,4,orders
802,spruce_trapdoor,Spruce Trapdoor,64,863.0,333873.0,11906.0,109.0,101000.0,40439.0,308224.0,4816.0,631.86,725.0,84647.0,3074.0,9000.0,1,5089,,,,,,,,,,,,,7200.0,1,,,,15,3667.0,547.0,7000.0,547.0,7,547.0,3,9000.0,1788026719927,0,547.0,tx_stack_med,9000.0,547.0,,,547.0,ah
803,birch_trapdoor,Birch Trapdoor,64,8763.0,8608.0,455.0,174.0,5000000.0,269613.0,5952.0,93.0,4212.7,11807.0,1145.0,163.0,50000.0,4,16,,,,,,,,,,,,,,,,,,15,20000.0,20000.0,20000.0,7000.0,0,,13,20000.0,1788025499694,0,20000.0,tx_med,20000.0,4212.7,,,4212.7,ah
804,jungle_trapdoor,Jungle Trapdoor,64,13489.0,4545.0,276.0,494.0,1000000.0,598709.0,3520.0,55.0,9354.83,26396.0,806.0,139.0,15000.0,1,5,,,,,,,,,,,,,,,,,,15,9000.0,9000.0,9000.0,9000.0,0,,14,9000.0,1788026667458,0,9000.0,tx_med,9000.0,9000.0,,,9000.0,ah
805,acacia_trapdoor,Acacia Trapdoor,64,18202.0,4286.0,397.0,500.0,10000000.0,533698.0,3392.0,53.0,8339.03,8116.0,1451.0,58.0,4583.33,12,77,,,,,,,,1,3,,,,,,,,,15,4000.0,4000.0,7016.0,2000.0,1,7016.0,11,4000.0,1788025684892,0,4000.0,tx_med,4000.0,4000.0,,,4000.0,ah
806,cherry_trapdoor,Cherry Trapdoor,64,6949.0,15569.0,437.0,667.0,500000.0,372121.0,13184.0,206.0,5814.39,10843.0,3086.0,152.0,4687.5,64,508,,,,,,,,,,,,,,,,,,15,4219.0,3937.0,4688.0,1333.0,9,4219.0,3,15000.0,1788025851100,0,4219.0,tx_stack_med,15000.0,4219.0,,,4219.0,ah
807,dark_oak_trapdoor,Dark Oak Trapdoor,64,3662.0,46449.0,1156.0,100.0,2000000.0,210243.0,43072.0,673.0,3285.05,3268.0,9361.0,465.0,8000.0,1,171,,,,,,,,,,,,,,,,,,15,8000.0,6800.0,8000.0,1563.0,2,1563.0,11,8000.0,1788026090126,0,8000.0,tx_med,8000.0,3285.05,,,3285.05,ah
808,pale_oak_trapdoor,Pale Oak Trapdoor,64,7370.0,58730.0,1654.0,156.0,1546875.0,408225.0,52608.0,822.0,6378.52,4750.0,14302.0,368.0,3906.25,64,739,,,,,,,,,,,,,,,,,,15,3906.0,3906.0,60000.0,3906.0,9,3906.0,4,92000.0,1788026575645,0,3906.0,tx_stack_med,92000.0,3906.0,,,3906.0,ah
809,mangrove_trapdoor,Mangrove Trapdoor,64,27581.0,14420.0,554.0,1563.0,980000.0,1579927.0,12032.0,188.0,24686.36,33136.0,2525.0,76.0,7031.25,64,523,,,,,,,,,,,,,,,,,,15,7031.0,7031.0,7813.0,6688.0,11,7031.0,0,,1788026692943,0,7031.0,tx_stack_med,27581.0,7031.0,,,7031.0,ah
810,bamboo_trapdoor,Bamboo Trapdoor,64,8330.0,24342.0,658.0,778.0,500000.0,444979.0,20928.0,327.0,6952.8,6473.0,5173.0,96.0,2984.38,64,773,,,,,,,,,,,,,,,,,,15,2891.0,2344.0,3125.0,2184.0,13,2891.0,0,,1788026682252,0,2891.0,tx_stack_med,8330.0,2891.0,,,2891.0,ah
811,crimson_trapdoor,Crimson Trapdoor,64,22993.0,7495.0,260.0,1594.0,35000000.0,730283.0,6528.0,102.0,11410.67,11646.0,1233.0,27.0,6818.91,64,256,,,,,,,,,,,,,,,,,,15,9063.0,6819.0,9219.0,6250.0,12,9063.0,1,600000.0,1788026444384,0,9063.0,tx_stack_med,22993.0,6818.91,,,6818.91,ah
812,warped_trapdoor,Warped Trapdoor,64,30439.0,23316.0,1417.0,1339.0,13687500.0,542958.0,15680.0,245.0,8483.72,9861.0,7169.0,265.0,8593.75,64,530,,,,,,,,,,,,,,,,,,15,50000.0,50000.0,50000.0,8594.0,2,8594.0,13,50000.0,1788024958824,0,50000.0,tx_med,50000.0,8483.72,,,8483.72,ah
813,copper_trapdoor,Copper Trapdoor,64,3850.0,20902.0,369.0,909.0,100000.0,230037.0,20032.0,313.0,3594.33,3991.0,3129.0,61.0,3578.12,64,192,,,,,,,,,,,,,,,,,,15,3594.0,3542.0,4297.0,1563.0,13,3594.0,2,3420.0,1788023747516,0,3594.0,tx_stack_med,3850.0,3578.12,,,3578.12,ah
814,exposed_copper_trapdoor,Exposed Copper Trapdoor,64,137111.0,350.0,13.0,30000.0,600000.0,8400000.0,320.0,5.0,131250.0,84538.0,13.0,3.0,50000.0,2,0,,,,,,,,,,,,,,,,,,15,99875.0,50000.0,140625.0,30000.0,4,132813.0,5,30000.0,1788026649551,0,132813.0,tx_stack_med,30000.0,50000.0,,,50000.0,ah
815,weathered_copper_trapdoor,Weathered Copper Trapdoor,64,155482.0,639.0,41.0,40000.0,500000.0,9076667.0,576.0,9.0,141822.92,129230.0,196.0,6.0,500000.0,1,0,,,,,,,,,,,,,,,,,,15,140469.0,100000.0,299500.0,40000.0,7,140469.0,4,250000.0,1788000592234,0,140469.0,tx_stack_med,250000.0,140469.0,,,140469.0,ah
816,oxidized_copper_trapdoor,Oxidized Copper Trapdoor,64,57216.0,4246.0,237.0,15000.0,1000000.0,3144482.0,2816.0,44.0,49132.53,56412.0,1759.0,120.0,299000.0,1,4,,,,,,,,,,,,,,,,,,15,62250.0,62250.0,295999.0,46491.0,1,46491.0,4,299000.0,1788025673880,0,62250.0,tx_med,299000.0,49132.53,,,49132.53,ah
817,waxed_copper_trapdoor,Waxed Copper Trapdoor,64,29971.0,2111.0,63.0,165.0,600000.0,1625656.0,1728.0,27.0,25400.88,10930.0,626.0,16.0,15625.0,64,0,,,,,,,,,,,,,,,,,,15,15625.0,1571.0,15625.0,1512.0,9,15625.0,1,150000.0,1788019592536,0,15625.0,tx_stack_med,29971.0,15625.0,,,15625.0,ah
818,waxed_exposed_copper_trapdoor,Waxed Exposed Copper Trapdoor,64,112500.0,128.0,2.0,112500.0,112500.0,7200000.0,128.0,2.0,112500.0,0.0,0.0,0.0,139062.5,64,0,,,,,,,,,,,,,,,,,,15,139063.0,70313.0,2500000.0,16667.0,7,112500.0,7,2500000.0,1787922372564,0,112500.0,tx_stack_med,2500000.0,112500.0,,,112500.0,ah
819,waxed_weathered_copper_trapdoor,Waxed Weathered Copper Trapdoor,64,75371.0,887.0,20.0,1563.0,20000000.0,1161538.0,832.0,13.0,18149.03,0.0,0.0,0.0,15000000.0,2,0,,,,,,,,,,,,,,,,,,15,125000.0,75000.0,5000000.0,1563.0,5,1563.0,4,1175000.0,1787900150890,0,1563.0,tx_stack_med,1175000.0,1563.0,,,1563.0,ah
820,waxed_oxidized_copper_trapdoor,Waxed Oxidized Copper Trapdoor,64,53113.0,4755.0,245.0,9091.0,1000000.0,2872885.0,3328.0,52.0,44888.83,86424.0,641.0,54.0,299000.0,1,1,,,,,,,,,,,,,,,,,,15,180000.0,180000.0,249500.0,22222.0,0,,10,180000.0,1788026167762,0,180000.0,tx_med,180000.0,44888.83,,,44888.83,ah
821,oak_fence_gate,Oak Fence Gate,64,4013.0,101909.0,2477.0,266.0,1000000.0,224328.0,94912.0,1483.0,3505.12,4138.0,16753.0,589.0,9375.0,16,828,,,,,,,,,,,,,,,,,,15,9375.0,9375.0,30000.0,9375.0,0,,6,30000.0,1788026404491,0,9375.0,tx_med,30000.0,3505.12,,,3505.12,ah
822,spruce_fence_gate,Spruce Fence Gate,64,1530.0,219848.0,5634.0,79.36,234375.0,74756.0,195712.0,3058.0,1168.06,1213.0,61475.0,1483.0,468.75,64,4936,,,,,,,,,,,,,,,,,,15,547.0,469.0,625.0,469.0,15,547.0,0,,1788026511644,0,547.0,tx_stack_med,1530.0,468.75,,,468.75,ah
823,birch_fence_gate,Birch Fence Gate,64,118218.0,3348.0,270.0,625.0,6187500.0,830978.0,1792.0,28.0,12984.03,52173.0,826.0,69.0,1875.0,32,32,,,,,,,,,,,,,,,,,,15,1875.0,1875.0,15574.0,897.0,3,15625.0,1,200000.0,1788026722885,0,15625.0,tx_stack_med,118218.0,1875.0,,,1875.0,ah
824,jungle_fence_gate,Jungle Fence Gate,64,8049.0,1479.0,57.0,333.0,500000.0,523038.0,832.0,13.0,8172.47,9375.0,264.0,12.0,15625.0,32,0,,,,,,,,,,,,,,,,,,15,8750.0,1563.0,14063.0,1250.0,3,14063.0,0,,1788014052233,0,14063.0,tx_stack_med,8049.0,8172.47,,,8172.47,ah
825,acacia_fence_gate,Acacia Fence Gate,64,41933.0,733.0,244.0,714.0,625000.0,1392391.0,448.0,7.0,21756.11,46071.0,42.0,42.0,45000.0,1,0,,,,,,,,,,,,,,,,,,15,50000.0,19999.0,55000.0,9999.0,0,,15,50000.0,1788019698319,0,50000.0,tx_med,50000.0,21756.11,,,21756.11,ah
826,cherry_fence_gate,Cherry Fence Gate,64,10261.0,4454.0,93.0,82.25,200000.0,644018.0,3648.0,57.0,10062.78,6338.0,609.0,18.0,7812.5,64,126,,,,,,,,,,,,,,,,,,15,7813.0,3125.0,20000.0,300.0,6,6250.0,7,20000.0,1788025974886,0,6250.0,tx_stack_med,20000.0,6250.0,,,6250.0,ah
827,dark_oak_fence_gate,Dark Oak Fence Gate,64,6443.0,10181.0,448.0,625.0,600000.0,289141.0,7744.0,121.0,4517.83,50569.0,253.0,58.0,22000.0,1,13,,,,,,,,,,,,,,,,,,15,22000.0,22000.0,29900.0,10000.0,0,,15,22000.0,1788024702416,0,22000.0,tx_med,22000.0,4517.83,,,4517.83,ah
828,pale_oak_fence_gate,Pale Oak Fence Gate,64,9590.0,33132.0,829.0,875.0,250000.0,545023.0,29696.0,464.0,8515.98,10180.0,5342.0,186.0,70000.0,1,115,,,,,,,,,,,,,,,,,,15,9375.0,1563.0,9375.0,1000.0,4,1563.0,4,69500.0,1788026454339,0,1563.0,tx_stack_med,69500.0,1563.0,,,1563.0,ah
829,mangrove_fence_gate,Mangrove Fence Gate,64,31476.0,1016.0,47.0,1172.0,1000000.0,1651923.0,832.0,13.0,25811.3,47703.0,74.0,11.0,40000.0,1,0,,,,,,,,,,,,,,,,,,15,50000.0,40000.0,50000.0,6250.0,1,46875.0,11,50000.0,1788017856440,0,50000.0,tx_med,50000.0,25811.3,,,25811.3,ah
830,bamboo_fence_gate,Bamboo Fence Gate,64,85223.0,4968.0,118.0,1769.0,18687500.0,1110738.0,3712.0,58.0,17355.28,13903.0,2079.0,42.0,15625.0,64,128,,,,,,,,,,,,,,,,,,15,18750.0,17114.0,29688.0,7667.0,5,17114.0,0,,1788025091910,0,17114.0,tx_stack_med,85223.0,15625.0,,,15625.0,ah
831,crimson_fence_gate,Crimson Fence Gate,64,49704.0,1476.0,453.0,1429.0,500000.0,3576667.0,384.0,6.0,55885.42,22039.0,644.0,92.0,125000.0,1,0,,,,,,,,,,,,,,,,,,15,100000.0,78000.0,125000.0,78000.0,0,,14,100000.0,1788020583319,0,100000.0,tx_med,100000.0,55885.42,,,55885.42,ah
832,warped_fence_gate,Warped Fence Gate,64,33124.0,2550.0,259.0,1563.0,1250000.0,1191628.0,1792.0,28.0,18619.19,27841.0,313.0,70.0,99000.0,1,71,,,,,,,,,,,,,,,,,,15,80000.0,75000.0,89000.0,7277.0,2,11451.0,12,80000.0,1788026478788,0,80000.0,tx_med,80000.0,18619.19,,,18619.19,ah
833,powered_rail,Powered Rail,64,4425.0,262086.0,10102.0,1703.0,200000.0,215420.0,212544.0,3321.0,3365.94,3761.0,74795.0,2907.0,4687.5,64,4271,,,,,85,120,120,100,21,15,49,1403.13,,,,,,15,40000.0,40000.0,50000.0,4688.0,2,4688.0,13,40000.0,1788026695937,0,40000.0,tx_med,40000.0,3365.94,85,finance_jun25,85,orders
834,detector_rail,Detector Rail,64,6739.0,18336.0,1065.0,333.0,800000.0,305299.0,14720.0,230.0,4770.3,7929.0,3678.0,197.0,50000.0,1,143,,,,,300,300,300,60,6,93.3,96,,,,,,,15,20000.0,14000.0,44800.0,3125.0,3,3125.0,12,43600.0,1788026376225,0,3125.0,tx_stack_med,43600.0,3125.0,300,finance_jun25,300,orders
835,rail,Rail,64,811.0,386155.0,8657.0,62.5,100000.0,41849.0,352384.0,5506.0,653.89,481.0,127906.0,2564.0,309.38,64,11338,,,,,1,1,1,1,5,99.6,100,,,,,,,15,309.0,309.0,309.0,309.0,14,309.0,1,20000.0,1788026446237,0,309.0,tx_stack_med,811.0,309.0,1,finance_jun25,1,orders
836,activator_rail,Activator Rail,64,5016.0,60202.0,1457.0,95.01,1379310.0,246481.0,55552.0,868.0,3851.27,3351.0,15963.0,354.0,3125.0,64,1367,,,,,1,1,22,22,4,10.3,25,,,,,,,15,29000.0,3125.0,29000.0,2969.0,5,3125.0,9,29000.0,1788026548856,0,3125.0,tx_stack_med,29000.0,3125.0,1,finance_jun25,1,orders
837,saddle,Saddle,1,11270.0,2081.0,2081.0,1000.0,100000.0,11270.0,2081.0,2081.0,11270.0,13633.0,475.0,475.0,9000.0,1,36,,,,,,,,,,,,,,,,,,15,5000.0,5000.0,5000.0,4900.0,0,,15,5000.0,1788026287763,0,5000.0,tx_med,5000.0,5000.0,,,5000.0,ah
838,white_harness,White Harness,1,80225.0,639.0,639.0,10000.0,500000.0,80225.0,639.0,639.0,80225.0,67498.0,106.0,106.0,60000.0,1,8,,,,,,,,,,,,,,,,,,15,60000.0,60000.0,70000.0,60000.0,0,,15,60000.0,1788026612602,0,60000.0,tx_med,60000.0,60000.0,,,60000.0,ah
839,orange_harness,Orange Harness,1,2616190.0,21.0,21.0,80000.0,20000000.0,2616190.0,21.0,21.0,2616190.0,0.0,0.0,0.0,100000.0,1,0,,,,,,,,,,,,,,,,,,15,3000000.0,400000.0,4000000.0,90000.0,0,,15,3000000.0,1787938922412,0,3000000.0,tx_med,3000000.0,100000.0,,,100000.0,ah
840,magenta_harness,Magenta Harness,1,81685.0,89.0,89.0,20000.0,1000000.0,81685.0,89.0,89.0,81685.0,0.0,0.0,0.0,500000.0,1,0,,,,,,,,,,,,,,,,,,15,60000.0,60000.0,60000.0,60000.0,0,,15,60000.0,1787758678886,0,60000.0,tx_med,60000.0,60000.0,,,60000.0,ah
841,light_blue_harness,Light Blue Harness,1,494533.0,15.0,15.0,69000.0,2000000.0,494533.0,15.0,15.0,494533.0,0.0,0.0,0.0,5000000.0,1,0,,,,,,,,,,,,,,,,,,15,500000.0,70000.0,1000000.0,69000.0,0,,15,500000.0,1787877582382,0,500000.0,tx_med,500000.0,494533.0,,,494533.0,ah
842,yellow_harness,Yellow Harness,1,1081111.0,9.0,9.0,40000.0,7000000.0,1081111.0,9.0,9.0,1081111.0,30833.0,6.0,6.0,70000.0,1,1,,,,,,,,,,,,,,,,,,15,40000.0,29000.0,150000.0,29000.0,0,,15,40000.0,1788023848943,0,40000.0,tx_med,40000.0,40000.0,,,40000.0,ah
843,lime_harness,Lime Harness,1,3450709.0,31.0,31.0,10000.0,100000000.0,3450709.0,31.0,31.0,3450709.0,0.0,0.0,0.0,20000.0,1,0,,,,,,,,,,,,,,,,,,15,120000.0,60000.0,120000.0,20000.0,0,,15,120000.0,1787929743544,0,120000.0,tx_med,120000.0,20000.0,,,20000.0,ah
844,pink_harness,Pink Harness,1,3392500.0,20.0,20.0,100000.0,40000000.0,3392500.0,20.0,20.0,3392500.0,300000.0,1.0,1.0,300000.0,1,0,,,,,,,,,,,,,,,,,,15,750000.0,500000.0,1000000.0,60000.0,0,,15,750000.0,1788007900235,0,750000.0,tx_med,750000.0,300000.0,,,300000.0,ah
845,gray_harness,Gray Harness,1,115643.0,14.0,14.0,25000.0,500000.0,115643.0,14.0,14.0,115643.0,70000.0,1.0,1.0,70000.0,1,0,,,,,,,,,,,,,,,,,,15,100000.0,40000.0,975000.0,25000.0,0,,15,100000.0,1787961909686,0,100000.0,tx_med,100000.0,70000.0,,,70000.0,ah
846,light_gray_harness,Light Gray Harness,1,186053.0,38.0,38.0,30000.0,1000000.0,186053.0,38.0,38.0,186053.0,0.0,0.0,0.0,1000000.0,1,0,,,,,,,,,,,,,,,,,,15,100000.0,90000.0,900000.0,90000.0,0,,15,100000.0,1787929767492,0,100000.0,tx_med,100000.0,100000.0,,,100000.0,ah
847,cyan_harness,Cyan Harness,1,619333.0,27.0,27.0,50000.0,9000000.0,619333.0,27.0,27.0,619333.0,0.0,0.0,0.0,499000.0,1,0,,,,,,,,,,,,,,,,,,15,400000.0,95000.0,1000000.0,50000.0,0,,15,400000.0,1787938365902,0,400000.0,tx_med,400000.0,400000.0,,,400000.0,ah
848,purple_harness,Purple Harness,1,6003593.0,27.0,27.0,69000.0,155000003.0,6003593.0,27.0,27.0,6003593.0,85571.0,7.0,7.0,96000.0,1,0,,,,,,,,,,,,,,,,,,15,96000.0,70000.0,800000.0,59000.0,0,,15,96000.0,1788011844717,0,96000.0,tx_med,96000.0,96000.0,,,96000.0,ah
849,blue_harness,Blue Harness,1,370571.0,56.0,56.0,19000.0,1500000.0,370571.0,56.0,56.0,370571.0,500889.0,27.0,27.0,100000.0,1,0,,,,,,,,,,,,,,,,,,15,500000.0,500000.0,500000.0,45000.0,0,,15,500000.0,1788026630283,0,500000.0,tx_med,500000.0,100000.0,,,100000.0,ah
850,brown_harness,Brown Harness,1,106079168.0,38.0,38.0,14483.0,3999999918.0,106079168.0,38.0,38.0,106079168.0,0.0,0.0,0.0,60000.0,1,1,,,,,,,,,,,,,,,,,,15,54000.0,50000.0,54000.0,16696.0,0,,15,54000.0,1788024301535,0,54000.0,tx_med,54000.0,54000.0,,,54000.0,ah
851,green_harness,Green Harness,1,378821.0,28.0,28.0,10000.0,1000000.0,378821.0,28.0,28.0,378821.0,82875.0,32.0,32.0,69000.0,1,1,,,,,,,,,,,,,,,,,,15,99000.0,99000.0,99000.0,69000.0,0,,15,99000.0,1788022830880,0,99000.0,tx_med,99000.0,69000.0,,,69000.0,ah
852,red_harness,Red Harness,1,1037282.0,78.0,78.0,5000.0,50000000.0,1037282.0,78.0,78.0,1037282.0,550000.0,2.0,2.0,90000.0,1,2,,,,,,,,,,,,,,,,,,15,100000.0,60000.0,1900000.0,50000.0,0,,15,100000.0,1788023996151,0,100000.0,tx_med,100000.0,90000.0,,,90000.0,ah
853,black_harness,Black Harness,1,122125.0,160.0,160.0,2000.0,1000000.0,122125.0,160.0,160.0,122125.0,73359.0,78.0,78.0,200000.0,1,24,,,,,,,,,,,,,,,,,,15,100000.0,100000.0,200000.0,100000.0,0,,15,100000.0,1788024032159,0,100000.0,tx_med,100000.0,100000.0,,,100000.0,ah
854,minecart,Minecart,1,32291.0,7727.0,7727.0,1901.0,1000000.0,32291.0,7727.0,7727.0,32291.0,15927.0,3035.0,3035.0,15000.0,1,304,,,,,460,800,800,402,14,89.7,94,,,,,,,15,12000.0,11000.0,12000.0,9800.0,0,,15,12000.0,1788025678985,0,12000.0,tx_med,12000.0,12000.0,460,finance_jun25,460,orders
855,chest_minecart,Minecart with Chest,1,50291.0,8192.0,8192.0,2000.0,1000000.0,50291.0,8192.0,8192.0,50291.0,43675.0,2073.0,2073.0,197900.0,1,157,,,,,1000,2100,2166.67,500,138,28,57,,,,2000.0,1,,15,50000.0,50000.0,99000.0,25000.0,0,,15,50000.0,1788026057860,0,50000.0,tx_med,50000.0,50000.0,1000,finance_jun25,1000,orders
856,furnace_minecart,Minecart with Furnace,1,2667019.0,178.0,178.0,1001.0,50000000.0,2667019.0,178.0,178.0,2667019.0,136326.0,58.0,58.0,15000.0,1,9,,,,,,,,,,,,,,,,,,15,15000.0,15000.0,45289.0,1601.0,0,,15,15000.0,1788025375938,0,15000.0,tx_med,15000.0,15000.0,,,15000.0,ah
857,tnt_minecart,Minecart with TNT,1,23126.0,9090.0,9090.0,4000.0,500000.0,23126.0,9090.0,9090.0,23126.0,18121.0,3100.0,3100.0,9000.0,1,317,,,,,3500,3800,4000,2000,137,29.1,57,34599.99,,,,,,15,35000.0,33000.0,35000.0,9000.0,0,,15,35000.0,1788025515595,0,35000.0,tx_med,35000.0,9000.0,3500,finance_jun25,3500,orders
858,hopper_minecart,Minecart with Hopper,1,26526.0,9248.0,9248.0,3000.0,290000.0,26526.0,9248.0,9248.0,26526.0,27026.0,3028.0,3028.0,100000.0,1,222,,,,,2000,2000,2000,550,34,85.6,91,,,,,,,15,50000.0,50000.0,100000.0,40000.0,0,,15,50000.0,1788025474297,0,50000.0,tx_med,50000.0,26526.0,2000,finance_jun25,2000,orders
859,carrot_on_a_stick,Carrot on a Stick,1,163072.0,227.0,227.0,10000.0,2000000.0,163072.0,227.0,227.0,163072.0,190460.0,50.0,50.0,305000.0,1,6,,,,,,,,,,,,,,,,,,15,300000.0,199999.0,305000.0,50000.0,0,,15,300000.0,1788026678669,1,300000.0,tx_med,300000.0,163072.0,,,163072.0,ah
860,warped_fungus_on_a_stick,Warped Fungus on a Stick,1,106415.0,337.0,337.0,9999.0,9900000.0,106415.0,337.0,337.0,106415.0,94314.0,66.0,66.0,5000000.0,1,1,,,,,,,,,,,,,,,,,,15,150000.0,80000.0,150000.0,50000.0,0,,15,150000.0,1788025943566,1,150000.0,tx_med,150000.0,106415.0,,,106415.0,ah
861,phantom_membrane,Phantom Membrane,64,8345.0,3847.0,511.0,760.0,125000.0,489696.0,1984.0,31.0,7651.5,6983.0,1110.0,113.0,6000.0,1,82,,,,,3600,3600,3600,3600,5,73.6,84,9800,,,,,,15,6600.0,4900.0,8000.0,2333.0,3,6667.0,9,6000.0,1788026578948,0,6667.0,tx_stack_med,6000.0,6000.0,3600,finance_jun25,3600,orders
862,elytra,Elytra,1,363358892.0,3510.0,3510.0,310000005.0,490000015.0,363358892.0,3510.0,3510.0,363358892.0,357528543.0,873.0,873.0,357000000.0,1,84,355000000,350000000,362000000,1788026208,,,,,,,,,,,,,,15,358999982.0,356999987.0,359999980.0,355999990.0,0,,15,358999982.0,1788025891872,1,358999982.0,tx_med,358999982.0,357000000.0,350000000,lootseller,350000000,orders
863,oak_boat,Oak Boat,1,59075.0,3012.0,3012.0,1000.0,99000003.0,59075.0,3012.0,3012.0,59075.0,18853.0,1468.0,1468.0,15000.0,1,162,,,,,,,,,,,,,,,,,,15,25000.0,15000.0,100000.0,10000.0,0,,15,25000.0,1788026080197,0,25000.0,tx_med,25000.0,15000.0,,,15000.0,ah
864,oak_chest_boat,Oak Boat with Chest,1,899499.0,279.0,279.0,500.0,200000000.0,899499.0,279.0,279.0,899499.0,563533.0,30.0,30.0,1000000.0,1,0,,,,,,,,,,,,,,,,,,15,1000000.0,19000.0,1000000.0,19000.0,0,,15,1000000.0,1788010514108,0,1000000.0,tx_med,1000000.0,899499.0,,,899499.0,ah
865,spruce_boat,Spruce Boat,1,39712.0,9720.0,9720.0,200.0,300000010.0,39712.0,9720.0,9720.0,39712.0,11581.0,3379.0,3379.0,10000.0,1,337,,,,,,,,,,,,,,,,,,15,8000.0,8000.0,10000.0,8000.0,0,,15,8000.0,1788025977648,0,8000.0,tx_med,8000.0,8000.0,,,8000.0,ah
866,spruce_chest_boat,Spruce Boat with Chest,1,93651.0,309.0,309.0,5000.0,1000000.0,93651.0,309.0,309.0,93651.0,98036.0,86.0,86.0,67000.0,1,9,,,,,,,,,,,,,,,,,,15,67000.0,20000.0,70000.0,20000.0,0,,15,67000.0,1788026491086,0,67000.0,tx_med,67000.0,67000.0,,,67000.0,ah
867,birch_boat,Birch Boat,1,9825.0,1183.0,1183.0,1000.0,100000.0,9825.0,1183.0,1183.0,9825.0,24749.0,347.0,347.0,19000.0,1,13,,,,,,,,,,,,,,,,,,15,20000.0,19000.0,20000.0,10000.0,0,,15,20000.0,1788026721121,0,20000.0,tx_med,20000.0,9825.0,,,9825.0,ah
868,birch_chest_boat,Birch Boat with Chest,1,24142393.0,43.0,43.0,20000.0,999999980.0,24142393.0,43.0,43.0,24142393.0,82917.0,12.0,12.0,80000.0,1,2,,,,,,,,,,,,,,,,,,15,35000.0,25000.0,85000.0,10000.0,0,,15,35000.0,1788024828755,0,35000.0,tx_med,35000.0,35000.0,,,35000.0,ah
869,jungle_boat,Jungle Boat,1,24030.0,365.0,365.0,500.0,1500000.0,24030.0,365.0,365.0,24030.0,23068.0,161.0,161.0,10000.0,1,1,,,,,,,,,,,,,,,,,,15,25000.0,10000.0,50000.0,10000.0,0,,15,25000.0,1788023806618,0,25000.0,tx_med,25000.0,10000.0,,,10000.0,ah
870,jungle_chest_boat,Jungle Boat with Chest,1,585000.0,10.0,10.0,1000.0,1000000.0,585000.0,10.0,10.0,585000.0,550000.0,8.0,8.0,1000000.0,1,0,,,,,,,,,,,,,,,,,,15,100000.0,100000.0,1000000.0,100000.0,0,,15,100000.0,1788002513479,0,100000.0,tx_med,100000.0,100000.0,,,100000.0,ah
871,acacia_boat,Acacia Boat,1,74861.0,292.0,292.0,2000.0,2000000.0,74861.0,292.0,292.0,74861.0,103660.0,82.0,82.0,100000.0,1,13,,,,,250,250,250,151,45,78.9,87,,,,,,,15,100000.0,100000.0,100000.0,10000.0,0,,15,100000.0,1788024507685,0,100000.0,tx_med,100000.0,74861.0,250,finance_jun25,250,orders
872,acacia_chest_boat,Acacia Boat with Chest,1,129167.0,36.0,36.0,50000.0,1000000.0,129167.0,36.0,36.0,129167.0,1375000.0,8.0,8.0,200000.0,1,0,,,,,,,,,,,,,,,,,,15,100000.0,100000.0,200000.0,100000.0,0,,15,100000.0,1788001266266,0,100000.0,tx_med,100000.0,100000.0,,,100000.0,ah
873,cherry_boat,Cherry Boat,1,964629.0,701.0,701.0,1000.0,298999992.0,964629.0,701.0,701.0,964629.0,1470326.0,180.0,180.0,99898.0,1,1,,,,,,,,,,,,,,,,,,15,500000.0,250000.0,1000000.0,15000.0,0,,15,500000.0,1788023823847,0,500000.0,tx_med,500000.0,99898.0,,,99898.0,ah
874,cherry_chest_boat,Cherry Boat with Chest,1,369478.0,67.0,67.0,80000.0,3000000.0,369478.0,67.0,67.0,369478.0,1500000.0,2.0,2.0,154000000.0,1,0,,,,,,,,,,,,,,,,,,15,1500000.0,250000.0,3000000.0,30000.0,0,,15,1500000.0,1788021393348,0,1500000.0,tx_med,1500000.0,369478.0,,,369478.0,ah
875,dark_oak_boat,Dark Oak Boat,1,10697.0,866.0,866.0,1000.0,175000.0,10697.0,866.0,866.0,10697.0,11039.0,166.0,166.0,8000.0,1,6,,,,,,,,,,,,,,,,,,15,5000.0,5000.0,8000.0,5000.0,0,,15,5000.0,1788025476873,0,5000.0,tx_med,5000.0,5000.0,,,5000.0,ah
876,dark_oak_chest_boat,Dark Oak Boat with Chest,1,59630.0,27.0,27.0,20000.0,500000.0,59630.0,27.0,27.0,59630.0,245258543.0,11.0,11.0,88000.0,1,1,,,,,,,,,,,,,,,,,,15,110000.0,88000.0,125000.0,75000.0,0,,15,110000.0,1788023645723,0,110000.0,tx_med,110000.0,59630.0,,,59630.0,ah
877,pale_oak_boat,Pale Oak Boat,1,130759.0,291.0,291.0,4000.0,1000000.0,130759.0,291.0,291.0,130759.0,117664.0,45.0,45.0,20000.0,1,12,,,,,,,,,,,,,,,,,,15,14000.0,14000.0,20000.0,14000.0,0,,15,14000.0,1788025080078,0,14000.0,tx_med,14000.0,14000.0,,,14000.0,ah
878,pale_oak_chest_boat,Pale Oak Boat with Chest,1,352786.0,7.0,7.0,15000.0,1000000.0,352786.0,7.0,7.0,352786.0,442222.0,9.0,9.0,800000.0,1,0,,,,,,,,,,,,,,,,,,15,150000.0,75000.0,800000.0,48000.0,0,,15,150000.0,1787970823069,0,150000.0,tx_med,150000.0,150000.0,,,150000.0,ah
879,mangrove_boat,Mangrove Boat,1,188659.0,85.0,85.0,3000.0,10000000.0,188659.0,85.0,85.0,188659.0,750000.0,1.0,1.0,750000.0,1,0,,,,,,,,,,,,,,,,,,15,100000.0,30000.0,200000.0,10000.0,0,,15,100000.0,1787996833838,0,100000.0,tx_med,100000.0,100000.0,,,100000.0,ah
880,mangrove_chest_boat,Mangrove Boat with Chest,1,594498.0,45.0,45.0,28200.0,999000.0,594498.0,45.0,45.0,594498.0,250000.0,1.0,1.0,250000.0,1,0,,,,,,,,,,,,,,,,,,15,200000.0,100000.0,200000.0,100000.0,0,,15,200000.0,1787945527163,0,200000.0,tx_med,200000.0,200000.0,,,200000.0,ah
881,bamboo_raft,Bamboo Raft,1,83945.0,409.0,409.0,2000.0,1000000.0,83945.0,409.0,409.0,83945.0,103371.0,71.0,71.0,10000.0,1,0,,,,,,,,,,,,,,,,,,15,98000.0,10000.0,100000.0,3000.0,0,,15,98000.0,1788017455429,0,98000.0,tx_med,98000.0,10000.0,,,10000.0,ah
882,bamboo_chest_raft,Bamboo Raft with Chest,1,253556.0,18.0,18.0,30000.0,999000.0,253556.0,18.0,18.0,253556.0,21686882.0,17.0,17.0,100000.0,1,0,,,,,,,,,,,,,,,,,,15,100000.0,70000.0,44999997.0,13000.0,0,,15,100000.0,1788001988593,0,100000.0,tx_med,100000.0,100000.0,,,100000.0,ah
883,structure_block,Structure Block,64,0.0,0.0,0.0,0.0,0.0,0.0,0.0,0.0,,0.0,0.0,0.0,,,,,,,,,,,,,,,,,,,,,,,,,,,,,,,0,,,,,,,,
884,jigsaw,Jigsaw Block,64,0.0,0.0,0.0,0.0,0.0,0.0,0.0,0.0,,0.0,0.0,0.0,,,,,,,,,,,,,,,,,,,,,,,,,,,,,,,0,,,,,,,,
885,test_block,Test Block,64,0.0,0.0,0.0,0.0,0.0,0.0,0.0,0.0,,0.0,0.0,0.0,,,,,,,,,,,,,,,,,,,,,,,,,,,,,,,0,,,,,,,,
886,test_instance_block,Test Instance Block,64,0.0,0.0,0.0,0.0,0.0,0.0,0.0,0.0,,0.0,0.0,0.0,,,,,,,,,,,,,,,,,,,,,,,,,,,,,,,0,,,,,,,,
887,turtle_helmet,Turtle Shell,1,415927.0,3767.0,3767.0,45000.0,7000000.0,415927.0,3767.0,3767.0,415927.0,293430.0,1064.0,1064.0,120000.0,1,48,,,,,42000,50700,53000,47000,19,47.3,68,70000,,,,,,15,120000.0,120000.0,170000.0,120000.0,0,,15,120000.0,1788026463295,1,120000.0,tx_med,120000.0,120000.0,42000,finance_jun25,42000,orders
888,turtle_scute,Turtle Scute,64,16174.0,15955.0,993.0,7400.0,90000.0,982467.0,13760.0,215.0,15351.05,18889.0,5003.0,280.0,21873.44,64,920,,,,,8200,10000,10000,8200,12,75.5,85,45000,,,,,,15,22000.0,22000.0,30000.0,15625.0,3,21873.0,12,22000.0,1788025368134,0,21873.0,tx_stack_med,22000.0,15351.05,8200,finance_jun25,8200,orders
889,armadillo_scute,Armadillo Scute,64,664.0,6418.0,327.0,10.0,10000.0,32778.0,4800.0,75.0,512.16,529.0,1625.0,67.0,4000.0,1,8,,,,,,,,,,,,,,,,,,15,4000.0,1000.0,5000.0,14.0,1,703.0,13,4800.0,1788025691618,0,4000.0,tx_med,4800.0,512.16,,,512.16,ah
890,wolf_armor,Wolf Armor,1,45297.0,743.0,743.0,1000.0,1000000.0,45297.0,743.0,743.0,45297.0,19615.0,117.0,117.0,10000.0,1,5,,,,,,,,,,,,,,,,,,15,10000.0,10000.0,15000.0,7000.0,0,,15,10000.0,1788026735021,0,10000.0,tx_med,10000.0,10000.0,,,10000.0,ah
891,flint_and_steel,Flint and Steel,1,38317.0,14523.0,14523.0,1000.0,10000000.0,38317.0,14523.0,14523.0,38317.0,33082.0,4244.0,4244.0,70000.0,1,311,,,,,10,10,15,4,10,56.9,74,,7200.0,2,,,,15,70000.0,55000.0,70000.0,15000.0,0,,15,70000.0,1788026705134,1,70000.0,tx_med,70000.0,38317.0,10,finance_jun25,10,orders
892,bowl,Bowl,64,2907.0,5560.0,172.0,38.46,1000000.0,158325.0,4928.0,77.0,2473.83,1260.0,2507.0,48.0,4000.0,1,1,,,,,,,,,,,,,,,,,,15,2344.0,500.0,3125.0,156.0,9,2344.0,5,1000.0,1788026575582,0,2344.0,tx_stack_med,1000.0,2344.0,,,2344.0,ah
893,apple,Apple,64,3276.0,210916.0,3801.0,1000.0,200000.0,203823.0,200064.0,3126.0,3184.73,2730.0,39051.0,758.0,1562.5,64,3143,,,,,90,100,100,90,6,97.9,99,,,,,,,15,2813.0,1563.0,2969.0,1563.0,13,2813.0,0,,1788026525823,0,2813.0,tx_stack_med,3276.0,1562.5,90,finance_jun25,90,orders
894,bow,Bow,1,358853.0,23823.0,23823.0,250.0,499999990.0,358853.0,23823.0,23823.0,358853.0,324753.0,5913.0,5913.0,750000.0,1,528,,,,,70,100,100,90,6,37.9,63,,,,299500.0,6,,15,250000.0,200000.0,700000.0,123000.0,0,,15,250000.0,1788026730088,1,250000.0,tx_med,250000.0,250000.0,70,finance_jun25,70,orders
895,arrow,Arrow,64,333.0,673991.0,10800.0,6.66,1000000.0,20584.0,661568.0,10337.0,321.62,268.0,218180.0,3466.0,250.0,64,23558,,,,,,,,,,,,,,,781.2,2,,15,250.0,250.0,313.0,250.0,15,250.0,0,,1788026397469,0,250.0,tx_stack_med,333.0,250.0,,,250.0,ah
896,coal,Coal,64,693.0,400411.0,6826.0,182.0,500000.0,42630.0,380416.0,5944.0,666.09,611.0,133142.0,2232.0,623.44,64,18971,,,,,200,220,243.5,100,35,37.1,62,,,,,,,15,623.0,623.0,1563.0,622.0,14,623.0,0,,1788025984989,0,623.0,tx_stack_med,693.0,623.0,200,finance_jun25,200,orders
897,charcoal,Charcoal,64,315.0,494965.0,7819.0,102.0,15000.0,19946.0,488576.0,7634.0,311.66,371.0,99232.0,1612.0,390.62,64,12190,,,,,100,,100,55.2,4,0,0,781.25,,,,,,15,703.0,625.0,703.0,625.0,15,703.0,0,,1788026699869,0,703.0,tx_stack_med,315.0,311.66,100,finance_jun25,100,orders
898,diamond,Diamond,64,7325.0,426121.0,17301.0,4902.0,400000000.0,365613.0,328320.0,5130.0,5712.7,6028.0,104792.0,4027.0,5789.47,57,9854,8000,,,1786543179,,,,,,,,,,,7000.0,1,,15,7000.0,6579.0,8750.0,5789.0,0,,0,,1788026525790,0,7000.0,tx_med,7325.0,5712.7,,,5712.7,ah
899,emerald,Emerald,64,3639.0,247593.0,6250.0,2266.0,113000.0,217091.0,220288.0,3442.0,3392.05,3558.0,69315.0,1618.0,3125.0,64,7308,,,,,556,600,600,514,22,93.7,96,5357.14,,,2890.6,8,,15,3740.0,3438.0,18000.0,3125.0,9,3438.0,4,18000.0,1788026098467,0,3438.0,tx_stack_med,18000.0,3125.0,556,finance_jun25,556,orders
900,lapis_lazuli,Lapis Lazuli,64,746.0,290225.0,5179.0,46.87,1000000.0,44918.0,256384.0,4006.0,701.84,727.0,79243.0,1500.0,1562.5,64,9446,,,,,22,22,24,20,5,75.9,86,453.13,,,,,,15,1563.0,1563.0,1563.0,1563.0,15,1563.0,0,,1788025813850,0,1563.0,tx_stack_med,746.0,701.84,22,finance_jun25,22,orders
901,quartz,Nether Quartz,64,1484.0,161932.0,3110.0,552.0,1000000.0,88424.0,144000.0,2250.0,1381.62,1519.0,31631.0,671.0,12500.0,2,1631,,,,,310,310,362.5,200,30,38,63,1406.25,,,,,,15,12500.0,1719.0,30000.0,694.0,2,1641.0,5,34000.0,1788026642921,0,12500.0,tx_med,34000.0,1381.62,310,finance_jun25,310,orders
902,amethyst_shard,Amethyst Shard,64,941.0,126915.0,2770.0,150.0,1000000.0,51148.0,96064.0,1501.0,799.19,1169.0,23981.0,737.0,625.0,64,4343,,,,,,,,,,,,,,,,,,15,625.0,625.0,781.0,625.0,15,625.0,0,,1788026554385,0,625.0,tx_stack_med,941.0,625.0,,,625.0,ah
903,raw_iron,Raw Iron,64,1385.0,41400.0,1526.0,313.0,50000.0,85002.0,24384.0,381.0,1328.16,1057.0,10494.0,357.0,3333.33,3,1306,,,,,121,150,150,100,12,76.5,86,625,,,,,,15,1406.0,1094.0,3333.0,625.0,4,1250.0,1,8000.0,1788026021948,0,1250.0,tx_stack_med,1385.0,1250.0,121,finance_jun25,121,orders
904,iron_ingot,Iron Ingot,64,701.0,614588.0,12891.0,323.0,125000.0,41341.0,587136.0,9174.0,645.95,477.0,229764.0,4546.0,3375.0,8,12085,,,,,170,177,185.1,100,21,51.1,71,281.23,375.0,1,1000.0,1,,15,1818.0,677.0,8000.0,669.0,6,677.0,4,8000.0,1788026361355,0,677.0,tx_stack_med,8000.0,645.95,170,finance_jun25,170,orders
905,raw_copper,Raw Copper,64,355.0,86657.0,1817.0,115.0,50000.0,21078.0,62528.0,977.0,329.34,329.0,19798.0,412.0,234.36,64,2973,,,,,50,50,50,35,3,26.8,56,465.12,,,,,,15,259.0,203.0,328.0,125.0,8,273.0,0,,1788025891209,0,273.0,tx_stack_med,355.0,234.36,50,finance_jun25,50,orders
906,copper_ingot,Copper Ingot,64,2882.0,144234.0,2552.0,78.12,12000000.0,49517.0,134016.0,2094.0,773.7,906.0,30519.0,555.0,609.38,64,2761,,,,,63,85,85,50,20,72.8,84,859.38,,,,,,15,625.0,469.0,625.0,391.0,15,625.0,0,,1788026376495,0,625.0,tx_stack_med,2882.0,609.38,63,finance_jun25,63,orders
907,raw_gold,Raw Gold,64,3722.0,42592.0,1631.0,1875.0,40000.0,237363.0,27840.0,435.0,3708.8,3364.0,11547.0,411.0,4000.0,5,2259,,,,,100,100,100,5,3,55.2,73,,,,,,,15,3333.0,2500.0,5000.0,2000.0,0,,4,4999.0,1788026687114,0,3333.0,tx_med,4999.0,3333.0,100,finance_jun25,100,orders
908,gold_ingot,Gold Ingot,64,3342.0,196989.0,5897.0,2143.0,100000.0,196808.0,174976.0,2734.0,3075.12,2688.0,54949.0,1708.0,3437.5,64,5724,,,,,600,601,610.5,300,35,26.5,56,,2206.7,2,,,,15,2813.0,2813.0,4900.0,2813.0,9,2813.0,5,4900.0,1788026647671,0,2813.0,tx_stack_med,4900.0,2813.0,600,finance_jun25,600,orders
909,netherite_ingot,Netherite Ingot,64,7182969.0,6212.0,4726.0,6250000.0,11111111.0,474666673.0,1152.0,18.0,7416666.77,6017246.0,2440.0,2057.0,6000000.0,1,170,5600000,5600000,6100000,1788026208,5400000,5600000,5800000,5400000,45,32.2,59,,,,,,,15,6000000.0,6000000.0,6000000.0,5798999.0,0,,15,6000000.0,1788025843216,0,6000000.0,tx_med,6000000.0,6000000.0,5600000,lootseller,5600000,orders
910,netherite_scrap,Netherite Scrap,64,1941488.0,1605.0,1467.0,1500000.0,5000000.0,0.0,0.0,0.0,,1629469.0,538.0,520.0,1499999.99,1,62,,,,,1200000,1200000,1300000,1200000,45,14.7,49,,,,,,,15,1500000.0,1500000.0,1600000.0,1450000.0,0,,14,1500000.0,1788025834122,0,1500000.0,tx_med,1500000.0,1499999.99,1200000,finance_jun25,1200000,orders
911,wooden_sword,Wooden Sword,1,234201.0,1110.0,1110.0,160.0,25000000.0,234201.0,1110.0,1110.0,234201.0,178449.0,170.0,170.0,20000.0,1,26,,,,,5,6,30,6,3,26,40,,,,,,,15,50000.0,20000.0,99999.0,15000.0,0,,15,50000.0,1788025553854,1,50000.0,tx_med,50000.0,20000.0,5,finance_jun25,5,orders
912,wooden_shovel,Wooden Shovel,1,59540.0,463.0,463.0,600.0,1000000.0,59540.0,463.0,463.0,59540.0,75345.0,55.0,55.0,5000.0,1,2,,,,,11,11,11,10,3,98.6,99,,,,,,,15,100000.0,10000.0,100000.0,1000.0,0,,15,100000.0,1788022879234,1,100000.0,tx_med,100000.0,5000.0,11,finance_jun25,11,orders
913,wooden_pickaxe,Wooden Pickaxe,1,42606.0,575.0,575.0,40.0,1320000.0,42606.0,575.0,575.0,42606.0,42347.0,124.0,124.0,250000.0,1,10,,,,,,,,,,,,,,,,,,15,30000.0,10000.0,30000.0,1000.0,0,,15,30000.0,1788026322251,1,30000.0,tx_med,30000.0,30000.0,,,30000.0,ah
914,wooden_axe,Wooden Axe,1,50355.0,230.0,230.0,20.0,1000000.0,50355.0,230.0,230.0,50355.0,19669.0,141.0,141.0,10000.0,1,11,,,,,,,,,,,,,,,,,,15,10000.0,5000.0,30000.0,1000.0,0,,15,10000.0,1788024975816,1,10000.0,tx_med,10000.0,10000.0,,,10000.0,ah
915,wooden_hoe,Wooden Hoe,1,166413.0,219.0,219.0,1000.0,1000000.0,166413.0,219.0,219.0,166413.0,67374.0,145.0,145.0,10000.0,1,1,,,,,100,100,105,100,4,65.9,80,,,,,,,15,25000.0,4000.0,89000.0,4000.0,0,,15,25000.0,1788023778324,1,25000.0,tx_med,25000.0,10000.0,100,finance_jun25,100,orders
916,copper_sword,Copper Sword,1,31655.0,479.0,479.0,5000.0,999000.0,31655.0,479.0,479.0,31655.0,22558.0,121.0,121.0,20000.0,1,29,,,,,,,,,,,,,,,,,,15,20000.0,20000.0,20000.0,10000.0,0,,15,20000.0,1788026452527,1,20000.0,tx_med,20000.0,20000.0,,,20000.0,ah
917,copper_shovel,Copper Shovel,1,336322.0,115.0,115.0,3000.0,5000000.0,336322.0,115.0,115.0,336322.0,74375.0,32.0,32.0,5000.0,1,2,,,,,,,,,,,,,,,,,,15,19000.0,17000.0,60000.0,5000.0,0,,15,19000.0,1788023781696,1,19000.0,tx_med,19000.0,5000.0,,,5000.0,ah
918,copper_pickaxe,Copper Pickaxe,1,721083.0,617.0,617.0,1000.0,200000000.0,721083.0,617.0,617.0,721083.0,2169202.0,94.0,94.0,22000.0,1,10,,,,,,,,,,,,,,,,,,15,25000.0,25000.0,25000.0,6000.0,0,,15,25000.0,1788025724002,1,25000.0,tx_med,25000.0,22000.0,,,22000.0,ah
919,copper_axe,Copper Axe,1,111335.0,471.0,471.0,2999.0,30000000.0,111335.0,471.0,471.0,111335.0,52939.0,49.0,49.0,20000.0,1,10,,,,,,,,,,,,,,,,,,15,20000.0,10000.0,22000.0,4000.0,0,,15,20000.0,1788025580011,1,20000.0,tx_med,20000.0,20000.0,,,20000.0,ah
920,copper_hoe,Copper Hoe,1,1362663.0,303.0,303.0,3000.0,300000010.0,1362663.0,303.0,303.0,1362663.0,197833.0,12.0,12.0,90000.0,1,0,,,,,,,,,,,,,,,,,,15,200000.0,150000.0,200000.0,4000.0,0,,15,200000.0,1788022323617,1,200000.0,tx_med,200000.0,90000.0,,,90000.0,ah
921,stone_sword,Stone Sword,1,21506.0,3249.0,3249.0,100.0,4500000.0,21506.0,3249.0,3249.0,21506.0,17152.0,1071.0,1071.0,19000.0,1,82,,,,,17,17,18,16,11,87.2,92,,,,,,,15,19000.0,19000.0,19000.0,9000.0,0,,15,19000.0,1788025636163,1,19000.0,tx_med,19000.0,19000.0,17,finance_jun25,17,orders
922,stone_shovel,Stone Shovel,1,22308.0,869.0,869.0,100.0,1000000.0,22308.0,869.0,869.0,22308.0,11923.0,183.0,183.0,5000.0,1,14,,,,,,,,,,,,,,,,,,15,5000.0,5000.0,5000.0,5000.0,0,,15,5000.0,1788024928514,1,5000.0,tx_med,5000.0,5000.0,,,5000.0,ah
923,stone_pickaxe,Stone Pickaxe,1,21180.0,7270.0,7270.0,50.0,4800000.0,21180.0,7270.0,7270.0,21180.0,28781.0,1987.0,1987.0,10000.0,1,93,,,,,4,4,4,3,6,29,57,,,,,,,15,10000.0,8000.0,10000.0,8000.0,0,,15,10000.0,1788026555817,1,10000.0,tx_med,10000.0,10000.0,4,finance_jun25,4,orders
924,stone_axe,Stone Axe,1,15431.0,3948.0,3948.0,800.0,1000000.0,15431.0,3948.0,3948.0,15431.0,12638.0,1386.0,1386.0,50000.0,1,38,,,,,5,5,5,5,4,31.7,59,,,,,,,15,12000.0,9900.0,40000.0,1000.0,0,,15,12000.0,1788025584964,1,12000.0,tx_med,12000.0,12000.0,5,finance_jun25,5,orders
925,stone_hoe,Stone Hoe,1,682414.0,787.0,787.0,700.0,499999990.0,682414.0,787.0,787.0,682414.0,33034.0,288.0,288.0,25000.0,1,43,,,,,,,,,,,,,,,,,,15,25000.0,25000.0,25000.0,20000.0,0,,15,25000.0,1788025831513,1,25000.0,tx_med,25000.0,25000.0,,,25000.0,ah
926,golden_sword,Golden Sword,1,78289.0,773.0,773.0,1000.0,20000000.0,78289.0,773.0,773.0,78289.0,53453.0,208.0,208.0,500000.0,1,8,,,,,,,,,,,,,,,,,,15,34000.0,20000.0,60000.0,6000.0,0,,15,34000.0,1788026688819,1,34000.0,tx_med,34000.0,34000.0,,,34000.0,ah
927,golden_shovel,Golden Shovel,1,337672.0,189.0,189.0,5000.0,5000000.0,337672.0,189.0,189.0,337672.0,80565.0,54.0,54.0,100000.0,1,2,,,,,,,,,,,,,,,,,,15,65000.0,30000.0,100000.0,20000.0,0,,15,65000.0,1788026007530,1,65000.0,tx_med,65000.0,65000.0,,,65000.0,ah
928,golden_pickaxe,Golden Pickaxe,1,84865.0,283.0,283.0,5000.0,700000.0,84865.0,283.0,283.0,84865.0,88627.0,67.0,67.0,40000.0,1,5,,,,,,,,,,,,,30000.0,1,,,,15,40000.0,20000.0,50000.0,5000.0,0,,15,40000.0,1788025920761,1,40000.0,tx_med,40000.0,40000.0,,,40000.0,ah
929,golden_axe,Golden Axe,1,78891.0,265.0,265.0,2000.0,500000.0,78891.0,265.0,265.0,78891.0,78211.0,80.0,80.0,50000.0,1,3,,,,,,,,,,,,,,,,,,15,28000.0,10000.0,50000.0,4000.0,0,,15,28000.0,1788026370701,1,28000.0,tx_med,28000.0,28000.0,,,28000.0,ah
930,golden_hoe,Golden Hoe,1,146785.0,214.0,214.0,1000.0,5000000.0,146785.0,214.0,214.0,146785.0,103119.0,42.0,42.0,45000.0,1,3,,,,,,,,,,,,,,,,,,15,40000.0,25000.0,100000.0,5000.0,0,,15,40000.0,1788024512789,1,40000.0,tx_med,40000.0,40000.0,,,40000.0,ah
931,iron_sword,Iron Sword,1,49265.0,6449.0,6449.0,1000.0,50000000.0,49265.0,6449.0,6449.0,49265.0,23506.0,2120.0,2120.0,17000.0,1,121,,,,,,,,,,,,,16000.0,2,,,,15,22000.0,22000.0,22000.0,20000.0,0,,15,22000.0,1788026577645,1,22000.0,tx_med,22000.0,17000.0,,,17000.0,ah
932,iron_shovel,Iron Shovel,1,30886.0,1809.0,1809.0,1000.0,1000000.0,30886.0,1809.0,1809.0,30886.0,29496.0,420.0,420.0,19999.0,1,38,,,,,,,,,,,,,,,,,,15,15000.0,11000.0,19999.0,11000.0,0,,15,15000.0,1788025352109,1,15000.0,tx_med,15000.0,15000.0,,,15000.0,ah
933,iron_pickaxe,Iron Pickaxe,1,1860105.0,13585.0,13585.0,500.0,24999999570.0,1860105.0,13585.0,13585.0,1860105.0,17009.0,4298.0,4298.0,10000.0,1,269,,,,,101,101,101,60,3,20.6,45,,,,,,,15,10000.0,10000.0,20000.0,10000.0,0,,15,10000.0,1788026597004,1,10000.0,tx_med,10000.0,10000.0,101,finance_jun25,101,orders
934,iron_axe,Iron Axe,1,30736.0,5651.0,5651.0,1000.0,1000000.0,30736.0,5651.0,5651.0,30736.0,22728.0,2364.0,2364.0,109999.0,1,132,,,,,,,,,,,,,,,3000.0,15,,15,25000.0,15000.0,98000.0,15000.0,0,,15,25000.0,1788026591820,1,25000.0,tx_med,25000.0,25000.0,,,25000.0,ah
935,iron_hoe,Iron Hoe,1,41964.0,774.0,774.0,1000.0,500000.0,41964.0,774.0,774.0,41964.0,56602.0,136.0,136.0,50000.0,1,7,,,,,,,,,,,,,,,,,,15,50000.0,5000.0,99000.0,5000.0,0,,15,50000.0,1788024489475,1,50000.0,tx_med,50000.0,41964.0,,,41964.0,ah
936,diamond_sword,Diamond Sword,1,696534.0,58039.0,58039.0,9599.0,24650000630.0,696534.0,58039.0,58039.0,696534.0,264387.0,16158.0,16158.0,175000.0,1,1395,,,,,,,,2400,4,,,50000,79000.0,3,149500.0,10,,15,200000.0,108000.0,500000.0,64000.0,0,,15,200000.0,1788026732776,1,200000.0,tx_med,200000.0,175000.0,,,175000.0,ah
937,diamond_shovel,Diamond Shovel,1,180333.0,30304.0,30304.0,2000.0,5000000.0,180333.0,30304.0,30304.0,180333.0,161361.0,8898.0,8898.0,450000.0,1,823,,,,,100.99,100.99,102,100.99,3,3.8,6,,,,,,,15,240000.0,240000.0,399000.0,11000.0,0,,15,240000.0,1788026736131,1,240000.0,tx_med,240000.0,180333.0,100.99,finance_jun25,100.99,orders
938,diamond_pickaxe,Diamond Pickaxe,1,180922.0,82327.0,82327.0,10000.0,10000000.0,180922.0,82327.0,82327.0,180922.0,186630.0,23399.0,23399.0,600000.0,1,1832,,,,,5300,5300,5300,5300,5,99.3,100,24000,115000.0,9,2000000000.0,31,,15,250000.0,49000.0,360000.0,30000.0,0,,15,250000.0,1788026701888,1,250000.0,tx_med,250000.0,180922.0,5300,finance_jun25,5300,orders
939,diamond_axe,Diamond Axe,1,183128.0,27512.0,27512.0,8000.0,44999997.0,183128.0,27512.0,27512.0,183128.0,171916.0,7497.0,7497.0,250000.0,1,696,,,,,100,100,500,100.1,5,93,96,,,,37300.0,4,,15,350000.0,250000.0,749000.0,99000.0,0,,15,350000.0,1788026687167,1,350000.0,tx_med,350000.0,183128.0,100,finance_jun25,100,orders
940,diamond_hoe,Diamond Hoe,1,186170.0,4262.0,4262.0,5000.0,5000000.0,186170.0,4262.0,4262.0,186170.0,160322.0,1096.0,1096.0,25000.0,1,99,,,,,,,,,,,,,30000.0,1,64000.0,1,,15,200000.0,25000.0,500000.0,25000.0,0,,15,200000.0,1788026725158,1,200000.0,tx_med,200000.0,25000.0,,,25000.0,ah
941,netherite_sword,Netherite Sword,1,7565605.0,4461.0,4461.0,3000000.0,147000003.0,7565605.0,4461.0,4461.0,7565605.0,7101364.0,1185.0,1185.0,7000000.0,1,83,,,,,,,,,,,,,,,,,,15,7000000.0,6999900.0,7000000.0,6000000.0,0,,15,7000000.0,1788026702515,1,7000000.0,tx_med,7000000.0,7000000.0,,,7000000.0,ah
942,netherite_shovel,Netherite Shovel,1,7111297.0,1205.0,1205.0,2100001.0,100000000.0,7111297.0,1205.0,1205.0,7111297.0,7133102.0,273.0,273.0,4399000.0,1,28,,,,,,,,,,,,,,,,,,15,4399000.0,4200000.0,12000000.0,3999999.0,0,,15,4399000.0,1788026340849,1,4399000.0,tx_med,4399000.0,4399000.0,,,4399000.0,ah
943,netherite_pickaxe,Netherite Pickaxe,1,15340979.0,31033.0,31033.0,1000000.0,70000000.0,15340979.0,31033.0,31033.0,15340979.0,17794713.0,8901.0,8901.0,5600000.0,1,713,,,,,200000,,200000,80000,8,0,0,,,,,,,15,20100000.0,6767676.0,23000000.0,5500000.0,0,,15,20100000.0,1788026664066,1,20100000.0,tx_med,20100000.0,5600000.0,200000,finance_jun25,200000,orders
944,netherite_axe,Netherite Axe,1,18513937.0,13293.0,13293.0,1000000.0,300000010.0,18513937.0,13293.0,13293.0,18513937.0,25951276.0,3127.0,3127.0,18900000.0,1,294,,,,,50000,,50000,101,6,0,0,,,,,,,15,2399000.0,2350000.0,3000000.0,2300000.0,0,,15,2399000.0,1788026705517,1,2399000.0,tx_med,2399000.0,2399000.0,50000,finance_jun25,50000,orders
945,netherite_hoe,Netherite Hoe,1,1259715.0,2325.0,2325.0,506001.0,10000000.0,1259715.0,2325.0,2325.0,1259715.0,1033534.0,579.0,579.0,1002000.0,1,52,,,,,180000,,180000,170000,3,0,0,,,,,,,15,1099000.0,1002000.0,1099000.0,998000.0,0,,15,1099000.0,1788025811953,1,1099000.0,tx_med,1099000.0,1002000.0,180000,finance_jun25,180000,orders
946,stick,Stick,64,166796.0,466981.0,8234.0,10.0,12950000108.0,3689114.0,450368.0,7037.0,57642.41,541.0,148531.0,2574.0,30000.0,1,5895,,,,,5,5,5,4,15,57.1,74,,,,,,,15,313.0,313.0,10000.0,234.0,10,313.0,4,10000.0,1788025827074,0,313.0,tx_stack_med,10000.0,313.0,5,finance_jun25,5,orders
947,mushroom_stew,Mushroom Stew,1,10201.0,682.0,682.0,1000.0,100000.0,10201.0,682.0,682.0,10201.0,7798.0,252.0,252.0,15000.0,1,57,,,,,,,,,,,,,,,,,,15,7000.0,7000.0,7000.0,7000.0,0,,15,7000.0,1788025691348,0,7000.0,tx_med,7000.0,7000.0,,,7000.0,ah
948,string,String,64,995.0,167401.0,3226.0,120.0,500000.0,53870.0,153024.0,2391.0,841.72,1335.0,52517.0,949.0,75000.0,1,4286,,,,,72,72,72,30.1,14,44.2,67,,,,3046.9,2,,15,625.0,625.0,1406.0,623.0,12,625.0,1,75000.0,1788026481684,0,625.0,tx_stack_med,995.0,625.0,72,finance_jun25,72,orders
949,feather,Feather,64,614.0,45634.0,1018.0,60.0,50000.0,35598.0,40192.0,628.0,556.22,721.0,7989.0,214.0,10000.0,1,310,,,,,,,,,,,,,,,,,,15,600.0,234.0,5000.0,156.0,5,234.0,5,5000.0,1788025614010,0,234.0,tx_stack_med,5000.0,234.0,,,234.0,ah
950,gunpowder,Gunpowder,64,99462.0,252431.0,5054.0,114.0,6237500211.0,38358.0,240384.0,3756.0,599.34,687.0,79940.0,1486.0,265.62,64,11231,,,,,47,47,50,25.5,19,46,68,384.36,,,,,,15,266.0,266.0,266.0,197.0,11,266.0,0,,1788026494027,0,266.0,tx_stack_med,99462.0,265.62,47,finance_jun25,47,orders
951,wheat_seeds,Wheat Seeds,64,409.0,340584.0,5771.0,6.25,10000000.0,22901.0,328704.0,5136.0,357.83,200.0,93506.0,1585.0,312.5,64,3882,,,,,2.4,2.4,2.4,1,12,67.1,80,,,,,,,15,1563.0,391.0,1563.0,344.0,15,1563.0,0,,1788026338093,0,1563.0,tx_stack_med,409.0,312.5,2.4,finance_jun25,2.4,orders
952,wheat,Wheat,64,868.0,228627.0,3800.0,250.0,100000.0,54361.0,218944.0,3421.0,849.39,1181.0,41102.0,697.0,2343.75,64,2891,,,,,225,225,301,100,24,32.2,59,,,,,,,15,1859.0,1563.0,1859.0,1563.0,15,1859.0,0,,1788025563173,0,1859.0,tx_stack_med,868.0,849.39,225,finance_jun25,225,orders
953,bread,Bread,64,2073.0,320708.0,6565.0,632.0,99000.0,121273.0,289408.0,4522.0,1894.89,2747.0,83432.0,1669.0,2562.5,64,8351,,,,,250,250,275,100,31,32.8,60,1406.25,,,,,,15,2563.0,2547.0,3063.0,2547.0,11,2547.0,0,,1788026485016,0,2547.0,tx_stack_med,2073.0,1894.89,250,finance_jun25,250,orders
954,leather_helmet,Leather Cap,1,243024.0,1594.0,1594.0,1200.0,10000000.0,243024.0,1594.0,1594.0,243024.0,248667.0,352.0,352.0,250000.0,1,24,,,,,,,,300,4,,,10000,,,70000.0,1,,15,170000.0,100000.0,1000000.0,20000.0,0,,15,170000.0,1788025811642,1,170000.0,tx_med,170000.0,170000.0,,,170000.0,ah
955,leather_chestplate,Leather Tunic,1,233281.0,2784.0,2784.0,2000.0,10000000.0,233281.0,2784.0,2784.0,233281.0,321994.0,645.0,645.0,140000.0,1,40,,,,,,,,,,,,,,,2000.0,1,,15,150000.0,150000.0,200000.0,100000.0,0,,15,150000.0,1788026460261,1,150000.0,tx_med,150000.0,140000.0,,,140000.0,ah
956,leather_leggings,Leather Pants,1,453685.0,1406.0,1406.0,1000.0,100000000.0,453685.0,1406.0,1406.0,453685.0,317444.0,281.0,281.0,100000.0,1,25,,,,,,,,,,,,,,,,,,15,100000.0,89000.0,850000.0,50000.0,0,,15,100000.0,1788026691631,1,100000.0,tx_med,100000.0,100000.0,,,100000.0,ah
957,leather_boots,Leather Boots,1,83668.0,8357.0,8357.0,1000.0,30000000.0,83668.0,8357.0,8357.0,83668.0,93540.0,1992.0,1992.0,29900.0,1,165,,,,,2000,2000,2000,2000,14,97.3,98,25000,,,,,,15,30000.0,29900.0,34000.0,29900.0,0,,15,30000.0,1788026639176,1,30000.0,tx_med,30000.0,29900.0,2000,finance_jun25,2000,orders
958,copper_helmet,Copper Helmet,1,43755.0,375.0,375.0,1000.0,1000000.0,43755.0,375.0,375.0,43755.0,41091.0,101.0,101.0,10000.0,1,11,,,,,,,,,,,,,,,,,,15,12000.0,10000.0,45000.0,2000.0,0,,15,12000.0,1788025841471,1,12000.0,tx_med,12000.0,10000.0,,,10000.0,ah
959,copper_chestplate,Copper Chestplate,1,104780.0,584.0,584.0,1000.0,37000000.0,104780.0,584.0,584.0,104780.0,34904.0,108.0,108.0,15000.0,1,16,,,,,,,,,,,,,,,,,,15,10000.0,10000.0,15000.0,5000.0,0,,15,10000.0,1788025880325,1,10000.0,tx_med,10000.0,10000.0,,,10000.0,ah
960,copper_leggings,Copper Leggings,1,41089.0,352.0,352.0,700.0,1000000.0,41089.0,352.0,352.0,41089.0,44501.0,98.0,98.0,10000.0,1,11,,,,,,,,,,,,,,,,,,15,15000.0,10000.0,25000.0,7900.0,0,,15,15000.0,1788025528397,1,15000.0,tx_med,15000.0,10000.0,,,10000.0,ah
961,copper_boots,Copper Boots,1,54675.0,337.0,337.0,1000.0,4600000.0,54675.0,337.0,337.0,54675.0,42326.0,68.0,68.0,10000.0,1,10,,,,,,,,,,,,,,,,,,15,14000.0,5900.0,50000.0,3000.0,0,,15,14000.0,1788026500601,1,14000.0,tx_med,14000.0,10000.0,,,10000.0,ah
962,chainmail_helmet,Chainmail Helmet,1,57844.0,593.0,593.0,1000.0,2000000.0,57844.0,593.0,593.0,57844.0,78353.0,146.0,146.0,40000.0,1,10,,,,,27,27,27,26.3,5,94.5,97,,,,,,,15,39000.0,10000.0,40000.0,1200.0,0,,15,39000.0,1788026367148,1,39000.0,tx_med,39000.0,39000.0,27,finance_jun25,27,orders
963,chainmail_chestplate,Chainmail Chestplate,1,82975.0,638.0,638.0,2000.0,4900000.0,82975.0,638.0,638.0,82975.0,61702.0,187.0,187.0,20000.0,1,17,,,,,25.1,25.1,30,25.1,4,93.7,96,,,,,,,15,20000.0,20000.0,45000.0,15000.0,0,,15,20000.0,1788026562568,1,20000.0,tx_med,20000.0,20000.0,25.1,finance_jun25,25.1,orders
964,chainmail_leggings,Chainmail Leggings,1,70280.0,740.0,740.0,2000.0,10000000.0,70280.0,740.0,740.0,70280.0,59871.0,163.0,163.0,50000.0,1,9,,,,,60,60,60,55,3,63.9,78,,,,,,,15,50000.0,49000.0,50000.0,20000.0,0,,15,50000.0,1788026566454,1,50000.0,tx_med,50000.0,50000.0,60,finance_jun25,60,orders
965,chainmail_boots,Chainmail Boots,1,41096.0,736.0,736.0,1000.0,2000000.0,41096.0,736.0,736.0,41096.0,46489.0,211.0,211.0,10000.0,1,18,,,,,25,25,30,25,6,93.9,96,,,,,,,15,89000.0,20000.0,99700.0,10000.0,0,,15,89000.0,1788026570260,1,89000.0,tx_med,89000.0,10000.0,25,finance_jun25,25,orders
966,iron_helmet,Iron Helmet,1,62178.0,1292.0,1292.0,2000.0,3000000.0,62178.0,1292.0,1292.0,62178.0,48647.0,342.0,342.0,15000.0,1,22,,,,,,,,,,,,,,,,,,15,10000.0,9000.0,30000.0,9000.0,0,,15,10000.0,1788025484012,1,10000.0,tx_med,10000.0,10000.0,,,10000.0,ah
967,iron_chestplate,Iron Chestplate,1,73541.0,3273.0,3273.0,4000.0,5000000.0,73541.0,3273.0,3273.0,73541.0,63072.0,689.0,689.0,37000.0,1,61,,,,,106,106,106,100,3,31.7,59,,,,,,,15,111000.0,37000.0,111000.0,36000.0,0,,15,111000.0,1788026267586,1,111000.0,tx_med,111000.0,37000.0,106,finance_jun25,106,orders
968,iron_leggings,Iron Leggings,1,66781.0,1804.0,1804.0,2000.0,2000000.0,66781.0,1804.0,1804.0,66781.0,61727.0,444.0,444.0,50000.0,1,29,,,,,,,,,,,,,,,,,,15,9000.0,9000.0,50000.0,8000.0,0,,15,9000.0,1788026509110,1,9000.0,tx_med,9000.0,9000.0,,,9000.0,ah
969,iron_boots,Iron Boots,1,99818.0,2481.0,2481.0,500.0,20000000.0,99818.0,2481.0,2481.0,99818.0,128994.0,479.0,479.0,298000.0,1,72,,,,,,,,,,,,,,,44000.0,1,,15,298000.0,100000.0,298000.0,10000.0,0,,15,298000.0,1788026421446,1,298000.0,tx_med,298000.0,99818.0,,,99818.0,ah
970,diamond_helmet,Diamond Helmet,1,248482.0,26294.0,26294.0,10000.0,15000000.0,248482.0,26294.0,26294.0,248482.0,238539.0,7315.0,7315.0,120000.0,1,667,,,,,,,,4500,3,,,30000,,,292000.0,11,,15,125000.0,80000.0,399000.0,59000.0,0,,15,125000.0,1788026728452,1,125000.0,tx_med,125000.0,120000.0,,,120000.0,ah
971,diamond_chestplate,Diamond Chestplate,1,187386.0,25401.0,25401.0,11500.0,9000000.0,187386.0,25401.0,25401.0,187386.0,164359.0,7646.0,7646.0,350000.0,1,780,,,,,,,,,,,,,,,169500.0,6,,15,155000.0,100000.0,340000.0,80000.0,0,,15,155000.0,1788026730311,1,155000.0,tx_med,155000.0,155000.0,,,155000.0,ah
972,diamond_leggings,Diamond Leggings,1,291810.0,30636.0,30636.0,13000.0,200000000.0,291810.0,30636.0,30636.0,291810.0,283632.0,7995.0,7995.0,366000.0,1,675,,,,,,,,5300,4,,,93000,,,349000.0,6,,15,194000.0,100000.0,290000.0,75000.0,0,,15,194000.0,1788026640724,1,194000.0,tx_med,194000.0,194000.0,,,194000.0,ah
973,diamond_boots,Diamond Boots,1,249417.0,31356.0,31356.0,9000.0,100000000.0,249417.0,31356.0,31356.0,249417.0,241952.0,8730.0,8730.0,300000.0,1,666,,,,,,,,,,,,,,,322000.0,4,,15,300000.0,300000.0,500000.0,299000.0,0,,15,300000.0,1788026403972,1,300000.0,tx_med,300000.0,249417.0,,,249417.0,ah
974,golden_helmet,Golden Helmet,1,95763.0,1046.0,1046.0,1000.0,5000000.0,95763.0,1046.0,1046.0,95763.0,98843.0,229.0,229.0,90000.0,1,15,,,,,,,,,,,,,,,,,,15,80000.0,30000.0,90000.0,5000.0,0,,15,80000.0,1788025997364,1,80000.0,tx_med,80000.0,80000.0,,,80000.0,ah
975,golden_chestplate,Golden Chestplate,1,310557.0,737.0,737.0,1000.0,100000000.0,310557.0,737.0,737.0,310557.0,158774.0,146.0,146.0,50000.0,1,8,,,,,,,,,,,,,,,,,,15,50000.0,30000.0,80000.0,20000.0,0,,15,50000.0,1788026186069,1,50000.0,tx_med,50000.0,50000.0,,,50000.0,ah
976,golden_leggings,Golden Leggings,1,81751.0,590.0,590.0,2000.0,1000000.0,81751.0,590.0,590.0,81751.0,119562.0,134.0,134.0,250000.0,1,10,,,,,,,,,,,,,,,,,,15,35000.0,20000.0,90000.0,9000.0,0,,15,35000.0,1788025091926,1,35000.0,tx_med,35000.0,35000.0,,,35000.0,ah
977,golden_boots,Golden Boots,1,110677.0,1295.0,1295.0,1000.0,10000000.0,110677.0,1295.0,1295.0,110677.0,92385.0,252.0,252.0,40000.0,1,22,,,,,,,,,,,,,,,,,,15,40000.0,40000.0,60000.0,20000.0,0,,15,40000.0,1788026373081,1,40000.0,tx_med,40000.0,40000.0,,,40000.0,ah
978,netherite_helmet,Netherite Helmet,1,7384055.0,5398.0,5398.0,5000000.0,249999995.0,7384055.0,5398.0,5398.0,7384055.0,6906568.0,1200.0,1200.0,6700000.0,1,89,,,,,3300000,3400000,4200000,3400000,3,38.6,44,,,,,,,15,7000000.0,7000000.0,7000000.0,6700000.0,0,,15,7000000.0,1788026467931,1,7000000.0,tx_med,7000000.0,6700000.0,3300000,finance_jun25,3300000,orders
979,netherite_chestplate,Netherite Chestplate,1,6684971.0,6067.0,6067.0,5000000.0,248999997.0,6684971.0,6067.0,6067.0,6684971.0,6484270.0,1280.0,1280.0,8000000.0,1,86,,,,,5000000,5000000,5000000,4300000,6,13,10,,,,6900000.0,1,,15,6700000.0,6600000.0,7300000.0,6500000.0,0,,15,6700000.0,1788026688940,1,6700000.0,tx_med,6700000.0,6684971.0,5000000,finance_jun25,5000000,orders
980,netherite_leggings,Netherite Leggings,1,7527775.0,5650.0,5650.0,5500000.0,97999995.0,7527775.0,5650.0,5650.0,7527775.0,6779202.0,1425.0,1425.0,6500000.0,1,119,,,,,4099999.9999999995,4099999.9999999995,4100000,4000000,3,8.1,7,,,,,,,15,6500000.0,6300000.0,6790000.0,6299999.0,0,,15,6500000.0,1788026686384,1,6500000.0,tx_med,6500000.0,6500000.0,4099999.9999999995,finance_jun25,4099999.9999999995,orders
981,netherite_boots,Netherite Boots,1,7596143.0,5342.0,5342.0,5900001.0,44999997.0,7596143.0,5342.0,5342.0,7596143.0,6835295.0,1376.0,1376.0,6690000.0,1,126,,,,,,,,2500000,3,,,,,,,,,15,6690000.0,6600000.0,6900000.0,5990000.0,0,,15,6690000.0,1788026683833,1,6690000.0,tx_med,6690000.0,6690000.0,,,6690000.0,ah
982,flint,Flint,64,2498.0,46833.0,1749.0,21.01,468750.0,149588.0,38912.0,608.0,2337.31,2296.0,7203.0,289.0,2857.14,7,1474,,,,,5.1,5.1,5.1,4.3,3,95.6,97,,,,,,,15,1563.0,1053.0,3125.0,300.0,5,1563.0,2,2650.0,1788026002463,0,1563.0,tx_stack_med,2498.0,1563.0,5.1,finance_jun25,5.1,orders
983,porkchop,Raw Porkchop,64,789.0,50784.0,944.0,141.0,166667.0,45872.0,48896.0,764.0,716.75,1250.0,5727.0,135.0,14062.5,64,131,,,,,16,20,20,5.1,7,65.7,79,,,,,,,15,1667.0,1328.0,10000.0,109.0,8,1328.0,2,30000.0,1788024970282,0,1328.0,tx_stack_med,789.0,716.75,16,finance_jun25,16,orders
984,cooked_porkchop,Cooked Porkchop,64,331.0,840873.0,13847.0,102.0,100000.0,19745.0,809344.0,12646.0,308.52,409.0,254180.0,4278.0,937.5,64,20131,,,,,12.2,12.2,12.2,7,6,75.8,85,,283.6,16,,,,15,938.0,933.0,938.0,859.0,10,935.0,0,,1788025691775,0,935.0,tx_stack_med,331.0,308.52,12.2,finance_jun25,12.2,orders
985,painting,Painting,64,10872.0,17920.0,1683.0,811.0,300000.0,408072.0,13952.0,218.0,6376.12,10219.0,3249.0,313.0,39999.9,1,246,,,,,,,,,,,,,,,,,,15,40000.0,20000.0,40000.0,17500.0,1,20000.0,10,40000.0,1788026653434,0,40000.0,tx_med,40000.0,6376.12,,,6376.12,ah
986,golden_apple,Golden Apple,64,109053.0,303957.0,13709.0,14984.0,761764712.0,1344165.0,181504.0,2836.0,21002.58,18959.0,83273.0,3646.0,18624.99,16,5334,19800,14500,18300,1788026208,902,1000,1300,658,100,74.9,85,5000,19850.0,2,20000.0,60,,15,23688.0,21875.0,24938.0,15609.0,1,15609.0,0,,1788026714944,0,23688.0,tx_med,109053.0,18624.99,14500,lootseller,14500,orders
987,enchanted_golden_apple,Enchanted Golden Apple,64,1404662.0,16384.0,2378.0,1050000.0,5000000.0,87418846.0,11648.0,182.0,1365919.47,1680224.0,3955.0,614.0,1800000.0,1,42,1500000,1500000,1600000,1788026208,766000,766000,791333.33,743000,67,46,68,,,,1750000.0,2,,15,1700000.0,1593750.0,1700000.0,1560000.0,3,1593750.0,12,1700000.0,1788026065465,0,1593750.0,tx_stack_med,1700000.0,1365919.47,1500000,lootseller,1365919.47,ah
988,oak_sign,Oak Sign,16,1735.0,63466.0,7071.0,188.0,1000000.0,21530.0,56384.0,3524.0,1345.62,4531.0,17062.0,1941.0,9000.0,1,1147,,,,,12,12,35,12,6,33.3,60,,,,,,,15,9000.0,2000.0,10000.0,625.0,2,625.0,11,10000.0,1788026633052,0,9000.0,tx_med,10000.0,1345.62,12,finance_jun25,12,orders
989,spruce_sign,Spruce Sign,16,1064.0,192701.0,19912.0,62.5,100000.0,13242.0,157392.0,9837.0,827.62,835.0,68577.0,7260.0,9900.0,1,3867,,,,,,,,,,,,,1000.0,2,,,,15,625.0,624.0,9900.0,624.0,10,625.0,4,9900.0,1788026376663,0,625.0,tx_stack_med,9900.0,625.0,,,625.0,ah
990,birch_sign,Birch Sign,16,3243.0,16957.0,1805.0,138.0,625000.0,49883.0,14432.0,902.0,3117.69,2092.0,3032.0,527.0,875.0,16,187,,,,,,,,,,,,,,,,,,15,875.0,625.0,2438.0,500.0,8,875.0,1,7000.0,1788025211422,0,875.0,tx_stack_med,3243.0,875.0,,,875.0,ah
991,jungle_sign,Jungle Sign,16,6306.0,6089.0,634.0,219.0,1000000.0,104953.0,4976.0,311.0,6559.56,1568.0,1546.0,153.0,937.5,16,145,,,,,,,,,,,,,,,,,,15,938.0,563.0,1250.0,563.0,11,938.0,3,5000.0,1788025254811,0,938.0,tx_stack_med,5000.0,937.5,,,937.5,ah
992,acacia_sign,Acacia Sign,16,14433.0,2133.0,497.0,313.0,312500.0,313241.0,1376.0,86.0,19577.56,9974.0,510.0,172.0,16666.67,3,35,,,,,,,,,,,,,,,,,,15,4000.0,2500.0,4000.0,1250.0,2,1563.0,10,4000.0,1788025258975,0,4000.0,tx_med,4000.0,4000.0,,,4000.0,ah
993,cherry_sign,Cherry Sign,16,10403.0,9808.0,847.0,313.0,300000.0,160691.0,8800.0,550.0,10043.19,4859.0,2744.0,206.0,10000.0,1,97,,,,,,,,,,,,,,,,,,15,6250.0,6188.0,6250.0,6188.0,13,6250.0,1,10000.0,1788026113843,0,6250.0,tx_stack_med,10403.0,6250.0,,,6250.0,ah
994,dark_oak_sign,Dark Oak Sign,16,4140.0,13538.0,1302.0,219.0,200000.0,58291.0,11872.0,742.0,3643.19,2103.0,3523.0,309.0,625.0,16,211,,,,,,,,,,,,,,,,,,15,2500.0,625.0,2500.0,625.0,6,625.0,8,2500.0,1788026522125,0,625.0,tx_stack_med,2500.0,625.0,,,625.0,ah
995,pale_oak_sign,Pale Oak Sign,16,8898.0,35707.0,2611.0,333.0,84999997.0,91875.0,34560.0,2160.0,5742.19,11198.0,4344.0,468.0,10187.5,16,785,,,,,,,,,,,,,,,,,,15,10188.0,10188.0,12538.0,10188.0,11,10188.0,2,250000.0,1788026172317,0,10188.0,tx_stack_med,8898.0,5742.19,,,5742.19,ah
996,mangrove_sign,Mangrove Sign,16,27922.0,3194.0,259.0,1286.0,499500.0,393749.0,2816.0,176.0,24609.31,13883.0,732.0,49.0,7363.19,16,55,,,,,,,,,,,,,,,,,,15,6188.0,6188.0,6250.0,6136.0,13,6188.0,0,,1788025594516,0,6188.0,tx_stack_med,27922.0,6188.0,,,6188.0,ah
997,bamboo_sign,Bamboo Sign,16,13192.0,13562.0,880.0,938.0,19000000.0,183918.0,13296.0,831.0,11494.88,4024.0,3916.0,251.0,4937.5,16,496,,,,,,,,,,,,,,,,,,15,4938.0,4938.0,4938.0,4938.0,15,4938.0,0,,1788026730977,0,4938.0,tx_stack_med,13192.0,4937.5,,,4937.5,ah
998,crimson_sign,Crimson Sign,16,12374.0,3834.0,259.0,1071.0,125000.0,177973.0,3504.0,219.0,11123.31,9084.0,511.0,73.0,6187.5,16,46,,,,,,,,,,,,,,,,,,15,6188.0,6188.0,100000.0,909.0,9,6188.0,4,100000.0,1788026204055,0,6188.0,tx_stack_med,100000.0,6187.5,,,6187.5,ah
999,warped_sign,Warped Sign,16,22994.0,10797.0,917.0,929.0,1000000.0,285009.0,10032.0,627.0,17813.06,22168.0,2139.0,203.0,75000.0,1,311,,,,,,,,,,,,,,,,,,15,6188.0,6188.0,75000.0,6188.0,10,6188.0,5,75000.0,1788025974380,0,6188.0,tx_stack_med,75000.0,6188.0,,,6188.0,ah
1000,oak_hanging_sign,Oak Hanging Sign,16,,,,,,,,,,,,,118305.0,1,2,,,,,,,,,,,,,,,,,,,,,,,,,,,,,,,,118305.0,,,118305.0,ah
1001,spruce_hanging_sign,Spruce Hanging Sign,16,35279.0,3374.0,455.0,833.0,265000.0,518754.0,2784.0,174.0,32422.12,29853.0,1001.0,87.0,43750.0,16,49,,,,,,,,,,,,,,,,,,15,37449.0,25000.0,39828.0,2500.0,11,37449.0,1,99000.0,1788026073066,0,37449.0,tx_stack_med,35279.0,32422.12,,,32422.12,ah
1002,birch_hanging_sign,Birch Hanging Sign,16,138544.0,331.0,34.0,3125.0,990000.0,2113125.0,256.0,16.0,132070.31,90333.0,66.0,7.0,124875.0,8,120,,,,,,,,,,,,,,,,,,15,4688.0,4688.0,4688.0,4286.0,13,4688.0,0,,1788025764993,0,4688.0,tx_stack_med,138544.0,4688.0,,,4688.0,ah
1003,jungle_hanging_sign,Jungle Hanging Sign,16,222899.0,268.0,22.0,5000.0,799999.0,3600000.0,256.0,16.0,225000.0,4688.0,16.0,1.0,100000.0,1,6,,,,,,,,,,,,,,,,,,15,100000.0,5000.0,125000.0,2500.0,6,5000.0,6,100000.0,1788026082595,0,5000.0,tx_stack_med,100000.0,5000.0,,,5000.0,ah
1004,acacia_hanging_sign,Acacia Hanging Sign,16,92597.0,173.0,38.0,4286.0,245313.0,1787500.0,96.0,6.0,111718.75,415000.0,60.0,7.0,562500.0,16,0,,,,,,,,,,,,,,,,,,15,245313.0,95000.0,437500.0,75000.0,5,312500.0,4,272500.0,1787966001829,0,312500.0,tx_stack_med,272500.0,111718.75,,,111718.75,ah
1005,cherry_hanging_sign,Cherry Hanging Sign,16,34272.0,914.0,121.0,3125.0,430000.0,323143.0,784.0,49.0,20196.44,26235.0,590.0,53.0,297000.0,1,38,,,,,,,,,,,,,,,,,,15,15625.0,15574.0,295000.0,4688.0,6,15625.0,9,295000.0,1788023808778,0,15625.0,tx_stack_med,295000.0,15625.0,,,15625.0,ah
1006,dark_oak_hanging_sign,Dark Oak Hanging Sign,16,45959.0,765.0,94.0,1250.0,125000.0,1342750.0,128.0,8.0,83921.88,36659.0,126.0,20.0,200000.0,1,1,,,,,,,,,,,,,,,,,,15,37375.0,37375.0,50000.0,6250.0,1,11875.0,7,50000.0,1788022844962,0,37375.0,tx_med,50000.0,37375.0,,,37375.0,ah
1007,pale_oak_hanging_sign,Pale Oak Hanging Sign,16,36930.0,3563.0,506.0,1875.0,500000.0,347690.0,2768.0,173.0,21730.62,34255.0,1856.0,186.0,13333.33,15,80,,,,,,,,,,,,,,,,,,15,14688.0,4688.0,18750.0,4688.0,12,10469.0,2,285000.0,1788024746449,0,10469.0,tx_stack_med,36930.0,10469.0,,,10469.0,ah
1008,mangrove_hanging_sign,Mangrove Hanging Sign,16,164148.0,408.0,97.0,6250.0,1000000.0,2366176.0,272.0,17.0,147886.0,507196.0,22.0,7.0,12000.0,1,1,,,,,,,,,,,,,,,,,,15,440000.0,40446.0,440000.0,12000.0,1,312500.0,14,440000.0,1788023221141,0,440000.0,tx_med,440000.0,12000.0,,,12000.0,ah
1009,bamboo_hanging_sign,Bamboo Hanging Sign,16,30104.0,1467.0,137.0,3000.0,909091.0,322056.0,1344.0,84.0,20128.5,98596.0,275.0,28.0,2000.0,1,3,,,,,,,,,,,,,,,,,,15,167000.0,26000.0,249900.0,2000.0,3,37500.0,9,167000.0,1788026503029,0,37500.0,tx_stack_med,167000.0,2000.0,,,2000.0,ah
1010,crimson_hanging_sign,Crimson Hanging Sign,16,53873.0,663.0,67.0,1250.0,2000000.0,493608.0,576.0,36.0,30850.5,61346.0,52.0,7.0,11875.0,16,0,,,,,,,,,,,,,,,,,,15,93750.0,28500.0,250000.0,11875.0,5,25000.0,7,250000.0,1788016601820,0,25000.0,tx_stack_med,250000.0,11875.0,,,11875.0,ah
1011,warped_hanging_sign,Warped Hanging Sign,16,114620.0,1180.0,225.0,6250.0,1200000.0,1059105.0,912.0,57.0,66194.06,62389.0,199.0,36.0,159000.0,1,9,,,,,,,,,,,,,,,,,,15,159000.0,35663.0,200000.0,8333.0,1,25000.0,11,200000.0,1788026618651,0,159000.0,tx_med,200000.0,66194.06,,,66194.06,ah
1012,bucket,Bucket,16,4708.0,70599.0,5624.0,938.0,400000.0,70789.0,67040.0,4190.0,4424.31,8849.0,19280.0,1559.0,2812.5,16,2302,,,,,210,213,213,200,10,78,87,3687.5,,,,,,15,2813.0,2813.0,2813.0,2813.0,15,2813.0,0,,1788026220692,0,2813.0,tx_stack_med,4708.0,2812.5,210,finance_jun25,210,orders
1013,water_bucket,Water Bucket,1,44806.0,31117.0,31117.0,1099.0,999999980.0,44806.0,31117.0,31117.0,44806.0,10456.0,10494.0,10494.0,15900.0,1,808,,,,,571,1200,2100,501,32,57.3,74,5294,5000.0,14,3000.0,6,,15,25000.0,23600.0,30000.0,15900.0,0,,15,25000.0,1788026634081,0,25000.0,tx_med,25000.0,15900.0,571,finance_jun25,571,orders
1014,lava_bucket,Lava Bucket,1,24652.0,20618.0,20618.0,3500.0,4100000.0,24652.0,20618.0,20618.0,24652.0,16111.0,6579.0,6579.0,100000.0,1,502,,,,,4900,5000,6775,4000,85,46.2,68,15000,6700.0,3,,,,15,90000.0,90000.0,90000.0,90000.0,0,,15,90000.0,1788026089335,0,90000.0,tx_med,90000.0,24652.0,4900,finance_jun25,4900,orders
1015,powder_snow_bucket,Powder Snow Bucket,1,36794.0,10605.0,10605.0,2000.0,1000000.0,36794.0,10605.0,10605.0,36794.0,38382.0,3168.0,3168.0,25000.0,1,132,,,,,2500,4100,5000,2100,16,43.7,66,50000,,,,,,15,25000.0,25000.0,25000.0,25000.0,0,,15,25000.0,1788025832366,0,25000.0,tx_med,25000.0,25000.0,2500,finance_jun25,2500,orders
1016,snowball,Snowball,16,10251.0,103131.0,6497.0,8.18,62499999.0,166394.0,101552.0,6347.0,10399.62,409.0,33844.0,2133.0,3125.0,16,3243,,,,,,,,,,,,,125.0,4,222.2,1,,15,219.0,219.0,250.0,156.0,14,219.0,0,,1788025488061,0,219.0,tx_stack_med,10251.0,219.0,,,219.0,ah
1017,leather,Leather,64,1753.0,240201.0,5488.0,638.0,109375.0,98025.0,211328.0,3302.0,1531.64,1524.0,60018.0,1470.0,1828.11,54,5903,,,,,283,283,300,100,16,38.1,63,1071.43,,,4000.0,1,,15,1719.0,1719.0,2031.0,1563.0,11,1719.0,2,22950.0,1788025100348,0,1719.0,tx_stack_med,1753.0,1531.64,283,finance_jun25,283,orders
1018,milk_bucket,Milk Bucket,1,41700.0,8353.0,8353.0,3000.0,29299292.0,41700.0,8353.0,8353.0,41700.0,43026.0,2373.0,2373.0,150000.0,1,261,,,,,400,500,500,301,12,99,99,,,,,,,15,30000.0,29900.0,100000.0,29000.0,0,,15,30000.0,1788026297362,0,30000.0,tx_med,30000.0,30000.0,400,finance_jun25,400,orders
1019,pufferfish_bucket,Bucket of Pufferfish,1,100649.0,868.0,868.0,10000.0,1000000.0,100649.0,868.0,868.0,100649.0,269552.0,131.0,131.0,125000.0,1,12,,,,,3000,3000,3000,3000,3,48.2,69,70000,,,,,,125000,100000.0,199000.0,99949.0,0.0,15,125000.0,1788025735784,1788021619031.0,,0,125000.0,tx_stack_med,1788021619031.0,100000.0,3000,finance_jun25,3000,orders
1020,salmon_bucket,Bucket of Salmon,1,544110.0,164.0,164.0,5000.0,50000000.0,544110.0,164.0,164.0,544110.0,603928.0,29.0,29.0,105000.0,1,10,,,,,,,,,,,,,,,,,,15,50000.0,50000.0,105000.0,5000.0,0,,15,50000.0,1788025810331,0,50000.0,tx_med,50000.0,50000.0,,,50000.0,ah
1021,cod_bucket,Bucket of Cod,1,103590.0,117.0,117.0,3000.0,800000.0,103590.0,117.0,117.0,103590.0,105091.0,11.0,11.0,300000.0,1,5,,,,,,,,,,,,,,,,,,15,99000.0,50000.0,299000.0,2500.0,0,,15,99000.0,1788025798370,0,99000.0,tx_med,99000.0,99000.0,,,99000.0,ah
1022,tropical_fish_bucket,Bucket of Tropical Fish,1,71975.0,8026.0,8026.0,5000.0,5000000.0,71975.0,8026.0,8026.0,71975.0,91913.0,1824.0,1824.0,60000.0,1,158,,,,,5000,10000,21066.67,4000,59,33.8,60,60000,,,,,,15,35000.0,34000.0,60000.0,34000.0,0,,15,35000.0,1788025625360,0,35000.0,tx_med,35000.0,35000.0,5000,finance_jun25,5000,orders
1023,axolotl_bucket,Bucket of Axolotl,1,129341.0,8642.0,8642.0,10000.0,25000000.0,129341.0,8642.0,8642.0,129341.0,179959.0,2307.0,2307.0,100000.0,1,202,,,,,1100,2000,2100,1100,19,69.5,82,40000,,,,,,15,100000.0,100000.0,200000.0,100000.0,0,,15,100000.0,1788026270555,0,100000.0,tx_med,100000.0,100000.0,1100,finance_jun25,1100,orders
1024,tadpole_bucket,Bucket of Tadpole,1,113070.0,495.0,495.0,30000.0,700000.0,113070.0,495.0,495.0,113070.0,133478.0,122.0,122.0,146846.0,1,2,,,,,3000,5000,5000,3000,7,94.1,96,100000,,,,,,15,115000.0,115000.0,115000.0,100000.0,0,,15,115000.0,1788025268219,0,115000.0,tx_med,115000.0,113070.0,3000,finance_jun25,3000,orders
1025,brick,Brick,64,2978.0,27135.0,484.0,47.05,268293.0,168584.0,24640.0,385.0,2634.12,2582.0,13115.0,237.0,2718.75,64,478,,,,,,,,,,,,,,,,,,15,2719.0,2719.0,2891.0,156.0,14,2727.0,0,,1788025306559,0,2727.0,tx_stack_med,2978.0,2634.12,,,2634.12,ah
1026,clay_ball,Clay Ball,64,367.0,96168.0,1609.0,31.25,25000.0,23001.0,89344.0,1396.0,359.39,323.0,16714.0,286.0,546.88,64,2994,,,,,,,,,,,,,,,,,,15,547.0,313.0,781.0,227.0,15,547.0,0,,1788025657074,0,547.0,tx_stack_med,367.0,359.39,,,359.39,ah
1027,dried_kelp_block,Dried Kelp Block,64,985.0,113748.0,3947.0,748.0,34950.0,57445.0,98944.0,1546.0,897.58,895.0,22415.0,805.0,2500.0,1,1674,,,,,500,740,740,255,28,47.8,69,890.63,,,,,300,15,2000.0,2000.0,2500.0,2000.0,0,,15,2000.0,1788026658068,0,2000.0,tx_med,2000.0,897.58,500,finance_jun25,500,orders
1028,paper,Paper,64,646.0,494320.0,8072.0,167.0,50000000.0,31002.0,475072.0,7423.0,484.41,596.0,131291.0,2222.0,10000.0,1,12754,,,,,103,103,103,72,15,68,81,859.38,,,,,,15,781.0,391.0,781.0,391.0,12,625.0,2,22000.0,1788026102083,0,625.0,tx_stack_med,646.0,484.41,103,finance_jun25,103,orders
1029,book,Book,64,0.0,0.0,0.0,0.0,0.0,0.0,0.0,0.0,,0.0,0.0,0.0,,,,,,,,,,,,,,,,,,,,,,,,,,,,,,,0,,,,,,,,
1030,slime_ball,Slimeball,64,461.0,107749.0,1882.0,50.0,250000.0,27914.0,101056.0,1579.0,436.16,425.0,30879.0,525.0,625.0,64,3739,,,,,40,40,40,20,7,71.2,83,,,,,,,15,469.0,469.0,625.0,313.0,15,469.0,0,,1788025527160,0,469.0,tx_stack_med,461.0,436.16,40,finance_jun25,40,orders
1031,egg,Egg,16,1120.0,166002.0,10548.0,62.5,200000.0,17720.0,164320.0,10270.0,1107.5,1023.0,58554.0,3725.0,1250.0,16,4468,,,,,28,31,28,10,24,63.5,78,,,,,,,15,1250.0,1250.0,1250.0,1188.0,15,1250.0,0,,1788026609193,0,1250.0,tx_stack_med,1120.0,1107.5,28,finance_jun25,28,orders
1032,blue_egg,Blue Egg,16,2433.0,23006.0,1472.0,125.0,150000.0,38205.0,22672.0,1417.0,2387.81,8911.0,3857.0,255.0,1875.0,16,288,,,,,,,,,,,,,,,,,,15,1125.0,438.0,1875.0,438.0,15,1125.0,0,,1788024327429,0,1125.0,tx_stack_med,2433.0,1125.0,,,1125.0,ah
1033,brown_egg,Brown Egg,16,2278.0,26089.0,1670.0,2.0,150000.0,35803.0,25536.0,1596.0,2237.69,2441.0,4014.0,264.0,1250.0,16,572,,,,,,,,,,,,,,,,,,15,1250.0,625.0,1250.0,625.0,14,1250.0,0,,1788026134251,0,1250.0,tx_stack_med,2278.0,1250.0,,,1250.0,ah
1034,compass,Compass,64,13534.0,20766.0,2260.0,2000.0,20000000.0,383970.0,17088.0,267.0,5999.53,248994.0,4227.0,424.0,95000.0,1,157,,,,,700,701,701,656,10,77.8,87,22500,,,,,,15,60000.0,30000.0,95000.0,4688.0,2,4688.0,12,92500.0,1788026544037,1,60000.0,tx_med,92500.0,5999.53,700,finance_jun25,700,orders
1035,recovery_compass,Recovery Compass,64,188742.0,431.0,249.0,56604.0,1000000.0,4900000.0,128.0,2.0,76562.5,162202.0,76.0,76.0,115000.0,1,6,,,,,,,,20000,6,,,,,,,,,15,115000.0,50000.0,245000.0,50000.0,0,,15,115000.0,1788025572428,0,115000.0,tx_med,115000.0,115000.0,,,115000.0,ah
1036,bundle,Bundle,1,846518.0,4165.0,4165.0,1000.0,1499999928.0,846518.0,4165.0,4165.0,846518.0,235366.0,1086.0,1086.0,99000.0,1,111,,,,,,,,,,,,,,,,,,15,99000.0,99000.0,250000.0,5000.0,0,,15,99000.0,1788025568712,0,99000.0,tx_med,99000.0,99000.0,,,99000.0,ah
1037,white_bundle,White Bundle,1,1563200.0,25.0,25.0,30000.0,13990001.0,1563200.0,25.0,25.0,1563200.0,428870.0,23.0,23.0,150000.0,1,2,,,,,,,,,,,,,,,,,,15,150000.0,75000.0,150000.0,15000.0,0,,15,150000.0,1788024737334,0,150000.0,tx_med,150000.0,150000.0,,,150000.0,ah
1038,orange_bundle,Orange Bundle,1,645818.0,22.0,22.0,29000.0,6700000.0,645818.0,22.0,22.0,645818.0,0.0,0.0,0.0,12990000.0,1,0,,,,,,,,,,,,,,,,,,15,29000.0,29000.0,500000.0,29000.0,0,,15,29000.0,1787925285555,0,29000.0,tx_med,29000.0,29000.0,,,29000.0,ah
1039,magenta_bundle,Magenta Bundle,1,1063410.0,29.0,29.0,14900.0,14670001.0,1063410.0,29.0,29.0,1063410.0,4386000.0,3.0,3.0,99000.0,1,0,,,,,,,,,,,,,,,,,,15,69000.0,50000.0,5000000.0,9900.0,0,,15,69000.0,1788008648443,0,69000.0,tx_med,69000.0,69000.0,,,69000.0,ah
1040,light_blue_bundle,Light Blue Bundle,1,571938.0,8.0,8.0,75500.0,2500000.0,571938.0,8.0,8.0,571938.0,0.0,0.0,0.0,12990000.0,1,1,,,,,,,,,,,,,,,,,,15,200000.0,150000.0,650000.0,75500.0,0,,15,200000.0,1788024846255,0,200000.0,tx_med,200000.0,200000.0,,,200000.0,ah
1041,yellow_bundle,Yellow Bundle,1,742000.0,17.0,17.0,29000.0,7000000.0,742000.0,17.0,17.0,742000.0,65908.0,12.0,12.0,50000.0,1,0,,,,,,,,,,,,,,,,,,15,50000.0,50000.0,100000.0,43000.0,0,,15,50000.0,1788017348745,0,50000.0,tx_med,50000.0,50000.0,,,50000.0,ah
1042,lime_bundle,Lime Bundle,1,6526141.0,7.0,7.0,32990.0,15000000.0,6526141.0,7.0,7.0,6526141.0,10122250.0,4.0,4.0,12990000.0,1,0,,,,,,,,,,,,,,,,,,15,1000000.0,150000.0,15000000.0,32990.0,0,,15,1000000.0,1788013901536,0,1000000.0,tx_med,1000000.0,1000000.0,,,1000000.0,ah
1043,pink_bundle,Pink Bundle,1,7864520.0,25.0,25.0,45000.0,150000005.0,7864520.0,25.0,25.0,7864520.0,4689667.0,3.0,3.0,12990000.0,1,0,,,,,,,,,,,,,,,,,,15,1000000.0,70000.0,12990001.0,45000.0,0,,15,1000000.0,1787990101396,0,1000000.0,tx_med,1000000.0,1000000.0,,,1000000.0,ah
1044,gray_bundle,Gray Bundle,1,22405333.0,24.0,24.0,35000.0,100000000.0,22405333.0,24.0,24.0,22405333.0,500000.0,3.0,3.0,500000.0,1,0,,,,,,,,,,,,,,,,,,15,300000.0,200000.0,400000.0,35000.0,0,,15,300000.0,1787997430966,0,300000.0,tx_med,300000.0,300000.0,,,300000.0,ah
1045,light_gray_bundle,Light Gray Bundle,1,1953545.0,22.0,22.0,100000.0,36000000.0,1953545.0,22.0,22.0,1953545.0,16700000.0,3.0,3.0,50000.0,1,0,,,,,,,,,,,,,,,,,,15,295000.0,140000.0,415000.0,50000.0,0,,15,295000.0,1788005070944,0,295000.0,tx_med,295000.0,50000.0,,,50000.0,ah
1046,cyan_bundle,Cyan Bundle,1,3560000.0,5.0,5.0,150000.0,9000000.0,3560000.0,5.0,5.0,3560000.0,0.0,0.0,0.0,12990000.0,1,0,,,,,,,,,,,,,,,,,,15,49000.0,49000.0,999000.0,49000.0,0,,15,49000.0,1787901378064,0,49000.0,tx_med,49000.0,49000.0,,,49000.0,ah
1047,purple_bundle,Purple Bundle,1,1592480.0,25.0,25.0,50000.0,7000000.0,1592480.0,25.0,25.0,1592480.0,2844333.0,9.0,9.0,999000.0,1,0,,,,,,,,,,,,,,,,,,15,1000000.0,199000.0,7000000.0,100000.0,0,,15,1000000.0,1788017852202,0,1000000.0,tx_med,1000000.0,999000.0,,,999000.0,ah
1048,blue_bundle,Blue Bundle,1,739667.0,70.0,70.0,10000.0,16000000.0,739667.0,70.0,70.0,739667.0,122993.0,15.0,15.0,25000.0,1,0,,,,,,,,,,,,,,,,,,15,100000.0,100000.0,100000.0,9900.0,0,,15,100000.0,1787995769090,0,100000.0,tx_med,100000.0,25000.0,,,25000.0,ah
1049,brown_bundle,Brown Bundle,1,3419914.0,14.0,14.0,70000.0,14670001.0,3419914.0,14.0,14.0,3419914.0,0.0,0.0,0.0,9000000.0,1,0,,,,,,,,,,,,,,,,,,15,250000.0,99800.0,9000000.0,70000.0,0,,15,250000.0,1787938580839,0,250000.0,tx_med,250000.0,250000.0,,,250000.0,ah
1050,green_bundle,Green Bundle,1,856482.0,27.0,27.0,65000.0,13990001.0,856482.0,27.0,27.0,856482.0,0.0,0.0,0.0,12990000.0,1,0,,,,,,,,,,,,,,,,,,15,395000.0,199000.0,465000.0,65000.0,0,,15,395000.0,1787924800579,0,395000.0,tx_med,395000.0,395000.0,,,395000.0,ah
1051,red_bundle,Red Bundle,1,379039.0,171.0,171.0,15000.0,12990001.0,379039.0,171.0,171.0,379039.0,1027719.0,32.0,32.0,99000.0,1,0,,,,,,,,,,,,,,,,,,15,99000.0,70000.0,100000.0,70000.0,0,,15,99000.0,1788021125507,0,99000.0,tx_med,99000.0,99000.0,,,99000.0,ah
1052,black_bundle,Black Bundle,1,1747967.0,60.0,60.0,20000.0,20000000.0,1747967.0,60.0,60.0,1747967.0,1235000.0,24.0,24.0,200000.0,1,2,,,,,,,,,,,,,,,,,,15,250000.0,200000.0,500000.0,200000.0,0,,15,250000.0,1788024736229,0,250000.0,tx_med,250000.0,200000.0,,,200000.0,ah
1053,fishing_rod,Fishing Rod,1,137204.0,3983.0,3983.0,1000.0,20000000.0,137204.0,3983.0,3983.0,137204.0,164195.0,871.0,871.0,35000.0,1,105,,,,,,,,,,,,,,,,,,15,35000.0,35000.0,90000.0,35000.0,0,,15,35000.0,1788026704207,1,35000.0,tx_med,35000.0,35000.0,,,35000.0,ah
1054,clock,Clock,64,30402.0,1072.0,581.0,1056.0,1000000.0,0.0,0.0,0.0,,32777.0,181.0,118.0,60000.0,1,22,,,,,,,,65,3,,,,,,,,,15,60000.0,35000.0,60000.0,6667.0,0,,14,60000.0,1788026274806,0,60000.0,tx_med,60000.0,60000.0,,,60000.0,ah
1055,spyglass,Spyglass,1,42953.0,1964.0,1964.0,3000.0,1000000.0,42953.0,1964.0,1964.0,42953.0,37975.0,402.0,402.0,30000.0,1,31,,,,,46,46,46,45,5,98.2,99,,,,,,,15,20000.0,20000.0,29000.0,19000.0,0,,15,20000.0,1788025845784,0,20000.0,tx_med,20000.0,20000.0,46,finance_jun25,46,orders
1056,glowstone_dust,Glowstone Dust,64,1860.0,95056.0,2295.0,435.0,100000.0,113112.0,74752.0,1168.0,1767.38,1652.0,25777.0,602.0,5000.0,4,1632,,,,,10,10,13,10,5,24.4,55,,,,,,,15,1563.0,781.0,5000.0,781.0,11,781.0,2,6750.0,1788026594190,0,781.0,tx_stack_med,1860.0,781.0,10,finance_jun25,10,orders
1057,cod,Raw Cod,64,2432.0,40209.0,728.0,156.0,500000.0,151246.0,37184.0,581.0,2363.22,2650.0,10946.0,197.0,400.0,62,909,,,,,,,,,,,,,,,,,,15,388.0,388.0,3906.0,388.0,11,388.0,1,10000.0,1788026274530,0,388.0,tx_stack_med,2432.0,388.0,,,388.0,ah
1058,salmon,Raw Salmon,64,5280.0,14056.0,323.0,370.0,300000.0,309304.0,11456.0,179.0,4832.88,6945.0,2567.0,70.0,6250.0,64,192,,,,,2,200,200,2,3,91.2,95,,,,,,,15,33333.0,6641.0,50000.0,6199.0,7,6641.0,6,50000.0,1788024706771,0,6641.0,tx_stack_med,50000.0,4832.88,2,finance_jun25,2,orders
1059,tropical_fish,Tropical Fish,64,4947.0,12172.0,381.0,500.0,150000.0,270051.0,10816.0,169.0,4219.55,7614.0,1804.0,63.0,7812.5,64,101,,,,,,,,1.06,3,,,,,,,,,15,89000.0,9240.0,90000.0,5078.0,2,6445.0,11,89000.0,1788025734947,0,89000.0,tx_med,89000.0,4219.55,,,4219.55,ah
1060,pufferfish,Pufferfish,64,15144.0,16412.0,743.0,6000.0,170000.0,892889.0,14848.0,232.0,13951.39,19320.0,3952.0,159.0,66666.67,3,68,,,,,867,867,867,800,5,12.8,48,,,,,,,15,21875.0,21875.0,66667.0,19672.0,10,21875.0,3,100000.0,1788026063580,0,21875.0,tx_stack_med,100000.0,13951.39,867,finance_jun25,867,orders
1061,cooked_cod,Cooked Cod,64,2537.0,10176.0,200.0,156.0,1000000.0,144268.0,9536.0,149.0,2254.19,1833.0,2290.0,42.0,6250.0,16,176,,,,,,,,,,,,,,,,,,15,3169.0,2344.0,4297.0,1563.0,10,3169.0,0,,1788025046517,0,3169.0,tx_stack_med,2537.0,2254.19,,,2254.19,ah
1062,cooked_salmon,Cooked Salmon,64,11425.0,3431.0,113.0,167.0,450000.0,853503.0,2432.0,38.0,13335.98,6191.0,1230.0,32.0,6074.0,64,96,,,,,,,,,,,,,,,,,,15,6074.0,4762.0,6094.0,1000.0,8,6078.0,2,5000.0,1788025081013,0,6078.0,tx_stack_med,11425.0,6074.0,,,6074.0,ah
1063,ink_sac,Ink Sac,64,3538.0,48651.0,1325.0,550.0,100000.0,204152.0,45760.0,715.0,3189.88,4273.0,7610.0,236.0,3906.25,64,583,,,,,151,451,500,150,13,26.2,56,4785.71,,,,,,15,3422.0,3370.0,7500.0,1000.0,8,3422.0,0,,1788025510957,0,3422.0,tx_stack_med,3538.0,3189.88,151,finance_jun25,151,orders
1064,glow_ink_sac,Glow Ink Sac,64,4563.0,59963.0,4531.0,467.0,5000000.0,154180.0,48064.0,751.0,2409.06,3294.0,22461.0,1249.0,15000.0,1,1886,,,,,404.1,404.1,423,404.1,3,60.1,76,10000,,,,,,15,1547.0,1328.0,15000.0,1250.0,8,1328.0,4,15000.0,1788026641128,0,1328.0,tx_stack_med,15000.0,1328.0,404.1,finance_jun25,404.1,orders
1065,cocoa_beans,Cocoa Beans,64,746.0,28474.0,661.0,46.87,50000.0,44868.0,23808.0,372.0,701.06,597.0,7194.0,184.0,4950.0,2,252,,,,,26,26,26,23,4,98.9,99,609.38,,,,,,15,400.0,167.0,7000.0,47.62,2,391.0,4,8500.0,1788025524052,0,400.0,tx_med,8500.0,400.0,26,finance_jun25,26,orders
1066,white_dye,White Dye,64,598.0,216041.0,3544.0,50.0,100000.0,37345.0,206912.0,3233.0,583.52,770.0,47812.0,789.0,937.5,64,3642,,,,,,,,,,,,,,,,,,15,781.0,469.0,938.0,469.0,13,781.0,0,,1788025400211,0,781.0,tx_stack_med,598.0,583.52,,,583.52,ah
1067,orange_dye,Orange Dye,64,1451.0,99015.0,1632.0,93.75,1000000.0,89731.0,93760.0,1465.0,1402.05,939.0,17765.0,303.0,3000.0,3,560,,,,,,,,,,,,,,,,,,15,3125.0,3000.0,4641.0,1000.0,10,4188.0,1,1000.0,1788026020614,0,4188.0,tx_stack_med,1451.0,1402.05,,,1402.05,ah
1068,magenta_dye,Magenta Dye,64,245.0,100429.0,1684.0,15.62,50000.0,14655.0,94528.0,1477.0,228.98,303.0,24515.0,392.0,156.25,64,1338,,,,,,,,,,,,,,,,,,15,156.0,155.0,234.0,155.0,13,155.0,0,,1788025769395,0,155.0,tx_stack_med,245.0,155.0,,,155.0,ah
1069,light_blue_dye,Light Blue Dye,64,2184.0,78181.0,1308.0,87.71,80000.0,135910.0,72640.0,1135.0,2123.59,1319.0,21810.0,365.0,1249.98,64,1528,,,,,,,,,,,,,,,,,,15,1247.0,1210.0,1247.0,781.0,13,1247.0,0,,1788025678030,0,1247.0,tx_stack_med,2184.0,1247.0,,,1247.0,ah
1070,yellow_dye,Yellow Dye,64,457.0,189445.0,3109.0,15.62,1000000.0,27007.0,180288.0,2817.0,421.98,495.0,37526.0,614.0,312.5,64,2443,,,,,,,,,,,,,,,,,,15,391.0,391.0,391.0,344.0,14,391.0,0,,1788026692419,0,391.0,tx_stack_med,457.0,312.5,,,312.5,ah
1071,lime_dye,Lime Dye,64,837.0,115827.0,1837.0,156.0,15625.0,52847.0,111616.0,1744.0,825.73,836.0,23758.0,377.0,2031.25,64,1999,,,,,50,50,50,25,4,71.5,83,,,,,,,15,1847.0,1719.0,2031.0,1094.0,14,1875.0,0,,1788025179716,0,1875.0,tx_stack_med,837.0,825.73,50,finance_jun25,50,orders
1072,pink_dye,Pink Dye,64,267.0,162208.0,2624.0,15.62,300000.0,16011.0,154240.0,2410.0,250.17,314.0,29299.0,484.0,140.62,64,3126,,,,,,,,,,,,,,,,,,15,188.0,188.0,188.0,188.0,14,188.0,0,,1788026699222,0,188.0,tx_stack_med,267.0,140.62,,,140.62,ah
1073,gray_dye,Gray Dye,64,3540.0,65983.0,1071.0,469.0,200000.0,226414.0,62912.0,983.0,3537.72,2700.0,12475.0,283.0,3906.25,64,552,,,,,,,,,,,,,,,,,,15,3906.0,938.0,3906.0,625.0,14,3906.0,0,,1788026649302,0,3906.0,tx_stack_med,3540.0,3537.72,,,3537.72,ah
1074,light_gray_dye,Light Gray Dye,64,2644.0,41765.0,811.0,81.63,150000.0,166381.0,37504.0,586.0,2599.7,1629.0,12206.0,222.0,1156.25,64,1412,,,,,,,,,,,,,,,,,,15,1023.0,1022.0,1156.0,156.0,15,1023.0,0,,1788025695144,0,1023.0,tx_stack_med,2644.0,1023.0,,,1023.0,ah
1075,cyan_dye,Cyan Dye,64,2689.0,68518.0,1278.0,120.0,100000.0,164275.0,55168.0,862.0,2566.8,2235.0,17194.0,302.0,1562.5,64,1580,,,,,50.01,55,55,50,7,96.6,98,,,,,,,15,2328.0,2273.0,2344.0,1563.0,13,2328.0,1,25000.0,1788026118095,0,2328.0,tx_stack_med,2689.0,1562.5,50.01,finance_jun25,50.01,orders
1076,purple_dye,Purple Dye,64,1998.0,102779.0,1699.0,62.5,89000.0,125652.0,98240.0,1535.0,1963.31,1786.0,23095.0,386.0,1562.5,64,3099,,,,,,,,91.4,4,,,,,,,,,15,984.0,781.0,1563.0,781.0,12,781.0,0,,1788025882208,0,781.0,tx_stack_med,1998.0,781.0,,,781.0,ah
1077,blue_dye,Blue Dye,64,1202.0,161011.0,2833.0,46.87,70000.0,71009.0,154176.0,2409.0,1109.52,1094.0,36782.0,697.0,765.62,64,3558,,,,,,,,,,,,,,,,,,15,766.0,766.0,766.0,766.0,13,766.0,0,,1788026021087,0,766.0,tx_stack_med,1202.0,765.62,,,765.62,ah
1078,brown_dye,Brown Dye,64,1456.0,59100.0,1023.0,80.64,200000.0,93815.0,52736.0,824.0,1465.86,1644.0,12293.0,225.0,1390.62,64,1472,,,,,,,,,,,,,,,,,,15,1406.0,1176.0,1406.0,391.0,13,1406.0,0,,1788025655747,0,1406.0,tx_stack_med,1456.0,1390.62,,,1390.62,ah
1079,green_dye,Green Dye,64,152457.0,165745.0,2676.0,45.45,392562483.0,10157096.0,159168.0,2487.0,158704.62,428.0,35756.0,572.0,781.25,64,3493,,,,,,,,,,,,,,,,,,15,781.0,781.0,938.0,781.0,15,781.0,0,,1788026238693,0,781.0,tx_stack_med,152457.0,781.0,,,781.0,ah
1080,red_dye,Red Dye,64,188.0,330375.0,5429.0,15.62,50000.0,11386.0,312192.0,4878.0,177.91,205.0,83742.0,1392.0,156.25,64,8155,,,,,,,,67,3,,,312.5,,,,,,15,156.0,156.0,156.0,143.0,11,156.0,0,,1788026598475,0,156.0,tx_stack_med,188.0,156.0,,,156.0,ah
1081,black_dye,Black Dye,64,2242.0,129661.0,3101.0,91.01,100000.0,116178.0,121216.0,1894.0,1815.28,1875.0,35667.0,733.0,99800.0,1,4480,,,,,90,90,90,42,12,10.4,33,,,,,,,15,3000.0,2969.0,50000.0,2938.0,9,2969.0,6,50000.0,1788026703336,0,2969.0,tx_stack_med,50000.0,1815.28,90,finance_jun25,90,orders
1082,bone_meal,Bone Meal,64,34100.0,1443928.0,23437.0,62.5,23000000758.0,13830.0,1419136.0,22174.0,216.09,242.0,452916.0,7329.0,250.0,60,31714,,,,,,,,,,,,,,,140.6,1,30,15,469.0,141.0,547.0,125.0,13,469.0,0,,1788026592272,0,469.0,tx_stack_med,34100.0,216.09,,,216.09,ah
1083,bone,Bone,64,81434.0,286684.0,4790.0,154.0,23100000829.0,39475.0,275584.0,4306.0,616.8,545.0,93184.0,1519.0,161.29,62,8117,18000,137,265,1788026742,,,,,,,,,,,357.1,1,,15,766.0,625.0,766.0,161.0,11,703.0,0,,1788026708675,0,703.0,tx_stack_med,81434.0,161.29,137,lootseller,137,orders
1084,sugar,Sugar,64,711.0,27172.0,537.0,78.12,125000.0,31071.0,23104.0,361.0,485.48,812.0,4452.0,98.0,5000.0,6,522,,,,,,,,,,,,,,,,,,15,357.0,234.0,625.0,83.33,12,344.0,0,,1788024922628,0,344.0,tx_stack_med,711.0,344.0,,,344.0,ah
1085,cake,Cake,1,108604.0,1808.0,1808.0,4000.0,1000000.0,108604.0,1808.0,1808.0,108604.0,166141.0,293.0,293.0,150000.0,1,67,,,,,370,500,501,370,7,33.6,60,,,,,,,15,150000.0,99000.0,198000.0,4000.0,0,,15,150000.0,1788025503723,0,150000.0,tx_med,150000.0,108604.0,370,finance_jun25,370,orders
1086,white_bed,White Bed,1,25808.0,11825.0,11825.0,2000.0,200000.0,25808.0,11825.0,11825.0,25808.0,29708.0,3979.0,3979.0,20000.0,1,440,,,,,220,220,220,135,14,77.9,87,,55000.0,1,,,,15,20000.0,20000.0,20000.0,20000.0,0,,15,20000.0,1788025865302,0,20000.0,tx_med,20000.0,20000.0,220,finance_jun25,220,orders
1087,orange_bed,Orange Bed,1,183651.0,238.0,238.0,20000.0,2500000.0,183651.0,238.0,238.0,183651.0,212160.0,48.0,48.0,50001.0,1,9,,,,,,,,,,,,,,,,,,15,50001.0,15000.0,78000.0,10000.0,0,,15,50001.0,1788024985304,0,50001.0,tx_med,50001.0,50001.0,,,50001.0,ah
1088,magenta_bed,Magenta Bed,1,63630.0,646.0,646.0,10000.0,1000000.0,63630.0,646.0,646.0,63630.0,42764.0,323.0,323.0,20000.0,1,33,,,,,,,,,,,,,,,,,,15,30000.0,20000.0,39900.0,20000.0,0,,15,30000.0,1788025857915,0,30000.0,tx_med,30000.0,20000.0,,,20000.0,ah
1089,light_blue_bed,Light Blue Bed,1,123451.0,330.0,330.0,20000.0,5000000.0,123451.0,330.0,330.0,123451.0,187228.0,51.0,51.0,30000.0,1,6,,,,,,,,,,,,,,,,,,15,100000.0,50000.0,300000.0,15000.0,0,,15,100000.0,1788026629330,0,100000.0,tx_med,100000.0,30000.0,,,30000.0,ah
1090,yellow_bed,Yellow Bed,1,164523.0,515.0,515.0,2000.0,20000000.0,164523.0,515.0,515.0,164523.0,1127062.0,97.0,97.0,75000.0,1,14,,,,,,,,,,,,,,,,,,15,40000.0,40000.0,40000.0,40000.0,0,,15,40000.0,1788025976245,0,40000.0,tx_med,40000.0,40000.0,,,40000.0,ah
1091,lime_bed,Lime Bed,1,96739.0,467.0,467.0,10000.0,1000000.0,96739.0,467.0,467.0,96739.0,84859.0,79.0,79.0,70000.0,1,7,,,,,,,,,,,,,,,,,,15,74999.0,74999.0,74999.0,20000.0,0,,15,74999.0,1788024786360,0,74999.0,tx_med,74999.0,70000.0,,,70000.0,ah
1092,pink_bed,Pink Bed,1,121547.0,696.0,696.0,9000.0,10000000.0,121547.0,696.0,696.0,121547.0,56379.0,224.0,224.0,40000.0,1,5,,,,,,,,,,,,,,,,,,15,66641.0,40000.0,99000.0,9900.0,0,,15,66641.0,1788025996397,0,66641.0,tx_med,66641.0,40000.0,,,40000.0,ah
1093,gray_bed,Gray Bed,1,66569.0,516.0,516.0,9000.0,999000.0,66569.0,516.0,516.0,66569.0,71631.0,150.0,150.0,450000.0,1,2,,,,,,,,,,,,,,,,,,15,20000.0,20000.0,20000.0,15000.0,0,,15,20000.0,1788026507606,0,20000.0,tx_med,20000.0,20000.0,,,20000.0,ah
1094,light_gray_bed,Light Gray Bed,1,170993.0,141.0,141.0,4000.0,10000000.0,170993.0,141.0,141.0,170993.0,343515.0,39.0,39.0,20000.0,1,0,,,,,,,,,,,,,,,,,,15,19900.0,19900.0,20000.0,19900.0,0,,15,19900.0,1788022043568,0,19900.0,tx_med,19900.0,19900.0,,,19900.0,ah
1095,cyan_bed,Cyan Bed,1,230628.0,229.0,229.0,14900.0,15000000.0,230628.0,229.0,229.0,230628.0,106096.0,51.0,51.0,79000.0,1,3,,,,,,,,,,,,,,,,,,15,79000.0,79000.0,79000.0,39000.0,0,,15,79000.0,1788026162235,0,79000.0,tx_med,79000.0,79000.0,,,79000.0,ah
1096,purple_bed,Purple Bed,1,265310.0,320.0,320.0,5000.0,1500000.0,265310.0,320.0,320.0,265310.0,133186.0,95.0,95.0,177000.0,1,4,,,,,,,,,,,,,,,,,,15,179000.0,170000.0,180000.0,20000.0,0,,15,179000.0,1788026705111,0,179000.0,tx_med,179000.0,177000.0,,,177000.0,ah
1097,blue_bed,Blue Bed,1,101740.0,807.0,807.0,12000.0,1000000.0,101740.0,807.0,807.0,101740.0,556292.0,205.0,205.0,99999.0,1,4,,,,,,,,,,,,,,,,,,15,28900.0,28000.0,200000.0,27000.0,0,,15,28900.0,1788025764174,0,28900.0,tx_med,28900.0,28900.0,,,28900.0,ah
1098,brown_bed,Brown Bed,1,1216972.0,188.0,188.0,10000.0,200000000.0,1216972.0,188.0,188.0,1216972.0,139260.0,63.0,63.0,111430.0,1,0,,,,,1,1,10,1,3,38.6,63,,,,,,,15,111430.0,100000.0,250000.0,12000.0,0,,15,111430.0,1788021420109,0,111430.0,tx_med,111430.0,111430.0,1,finance_jun25,1,orders
1099,green_bed,Green Bed,1,106824.0,374.0,374.0,9500.0,1000000.0,106824.0,374.0,374.0,106824.0,142116.0,85.0,85.0,100000.0,1,6,,,,,,,,,,,,,,,,,,15,100000.0,100000.0,100000.0,50000.0,0,,15,100000.0,1788026366123,0,100000.0,tx_med,100000.0,100000.0,,,100000.0,ah
1100,red_bed,Red Bed,1,73226.0,2104.0,2104.0,9000.0,2500000.0,73226.0,2104.0,2104.0,73226.0,54650.0,584.0,584.0,80000.0,1,17,,,,,,,,,,,,,,,,,,15,85000.0,80000.0,150000.0,70000.0,0,,15,85000.0,1788025880413,0,85000.0,tx_med,85000.0,73226.0,,,73226.0,ah
1101,black_bed,Black Bed,1,104790.0,1962.0,1962.0,8999.0,88999997.0,104790.0,1962.0,1962.0,104790.0,56884.0,708.0,708.0,99000.0,1,28,,,,,,,,,,,,,,,,,,15,90000.0,88000.0,99000.0,80000.0,0,,15,90000.0,1788025330956,0,90000.0,tx_med,90000.0,90000.0,,,90000.0,ah
1102,cookie,Cookie,64,2248.0,72952.0,1195.0,83.33,781250.0,138278.0,69184.0,1081.0,2160.59,908.0,17320.0,298.0,687.5,64,908,,,,,10,10,110,10,7,93.4,96,,,,,,,15,700.0,688.0,703.0,469.0,14,694.0,0,,1788026252939,0,694.0,tx_stack_med,2248.0,687.5,10,finance_jun25,10,orders
1103,crafter,Crafter,64,5901.0,234042.0,8329.0,3125.0,166667.0,332221.0,188928.0,2952.0,5190.95,5926.0,59950.0,2159.0,139000.0,1,5486,59000,3700,6300,1788026742,2600,2800,2600,1900,31,36.1,62,39000,,,,,,15,7500.0,5156.0,9375.0,5088.0,7,5156.0,1,139000.0,1788026733288,0,5156.0,tx_stack_med,5901.0,5156.0,3700,lootseller,3700,orders
1104,filled_map,Map,64,223755.0,293982.0,237966.0,833.0,23000000758.0,958348.0,27776.0,434.0,14974.19,179586.0,73146.0,63330.0,20000.0,1,5996,4900,1200,4000,1788026742,100,100,200,100,38,0.6,2,,,,,,,15,100000.0,100000.0,400000.0,50000.0,0,,15,100000.0,1788026742208,0,100000.0,tx_med,100000.0,14974.19,1200,lootseller,1200,orders
1105,shears,Shears,1,110416.0,7534.0,7534.0,2000.0,100000000.0,110416.0,7534.0,7534.0,110416.0,70784.0,2291.0,2291.0,15000.0,1,148,,,,,11,11,11,9,6,96.4,98,,,,,,,15,15000.0,15000.0,399000.0,13000.0,0,,15,15000.0,1788026575432,1,15000.0,tx_med,15000.0,15000.0,11,finance_jun25,11,orders
1106,melon_slice,Melon Slice,64,371.0,83226.0,1525.0,28.57,30000.0,21215.0,76608.0,1197.0,331.48,564.0,16971.0,352.0,1250.0,16,598,,,,,10,10,11,3,10,7.7,33,,,,,,,15,1250.0,469.0,1250.0,313.0,6,469.0,0,,1788026670520,0,469.0,tx_stack_med,371.0,331.48,10,finance_jun25,10,orders
1107,dried_kelp,Dried Kelp,64,215.0,154520.0,2506.0,82.81,20000.0,13351.0,148608.0,2322.0,208.61,227.0,44717.0,728.0,156.25,64,3200,,,,,50,50,82.01,30,12,64.3,79,500,,,,,,15,156.0,141.0,313.0,141.0,13,156.0,0,,1788026496451,0,156.0,tx_stack_med,215.0,156.0,50,finance_jun25,50,orders
1108,pumpkin_seeds,Pumpkin Seeds,64,673.0,49780.0,932.0,25.0,70000.0,41137.0,44416.0,694.0,642.77,520.0,12553.0,221.0,4687.5,64,1060,,,,,,,,20,4,,,,,,,,,15,703.0,703.0,1250.0,703.0,11,703.0,0,,1788025719481,0,703.0,tx_stack_med,673.0,642.77,,,642.77,ah
1109,melon_seeds,Melon Seeds,64,2643.0,8985.0,290.0,30.27,100000.0,135462.0,7744.0,121.0,2116.59,1928.0,2628.0,69.0,10000.0,4,52,,,,,,,,,,,,,,,,,,15,1563.0,800.0,5000.0,104.0,4,1563.0,1,100000.0,1788024370002,0,1563.0,tx_stack_med,2643.0,1563.0,,,1563.0,ah
1110,beef,Raw Beef,64,1856.0,68059.0,1174.0,313.0,10000000.0,106533.0,65728.0,1027.0,1664.58,1463.0,13638.0,244.0,1400.0,5,1485,,,,,24.2,24.2,46,24.2,16,24.7,40,,,,,,,15,1563.0,1563.0,1563.0,1400.0,13,1563.0,0,,1788024910591,0,1563.0,tx_stack_med,1856.0,1400.0,24.2,finance_jun25,24.2,orders
1111,cooked_beef,Steak,64,63906.0,795032.0,21660.0,328.0,400161294.0,51635.0,630528.0,9852.0,806.8,1466.0,254689.0,7154.0,937.5,64,20428,,,,,67,67,130,50,24,28.6,57,781.25,1275.0,2,,,,15,938.0,930.0,938.0,781.0,13,938.0,0,,1788026396371,0,938.0,tx_stack_med,63906.0,806.8,67,finance_jun25,67,orders
1112,chicken,Raw Chicken,64,2240.0,11641.0,385.0,67.0,200000.0,127273.0,9216.0,144.0,1988.64,2059.0,3390.0,94.0,4000.0,3,0,,,,,18,18,18,5,4,80.5,88,,,,,,,15,3000.0,1000.0,5000.0,156.0,3,1563.0,7,5000.0,1788022275708,0,1563.0,tx_stack_med,5000.0,1563.0,18,finance_jun25,18,orders
1113,cooked_chicken,Cooked Chicken,64,1398.0,105849.0,1942.0,141.0,690000.0,84277.0,101056.0,1579.0,1316.83,1532.0,24770.0,459.0,3125.0,64,2112,,,,,1,1,10,2,5,79.8,88,,,,,,,15,2344.0,1561.0,4849.0,938.0,11,1563.0,1,50000.0,1788026655040,0,1563.0,tx_stack_med,1398.0,1316.83,1,finance_jun25,1,orders
1114,rotten_flesh,Rotten Flesh,64,644.0,168642.0,2956.0,46.0,100000.0,38350.0,160512.0,2508.0,599.22,980.0,104662.0,1723.0,2000.0,1,4976,,,,,1.1,5.5,5.5,3.01,7,1.1,12,125,,,,,,15,1250.0,1016.0,2000.0,938.0,12,1250.0,2,2000.0,1788026563883,0,1250.0,tx_stack_med,644.0,599.22,1.1,finance_jun25,1.1,orders
1115,ender_pearl,Ender Pearl,16,102894.0,494027.0,35849.0,31.06,8573333886.0,8111.0,458000.0,28625.0,506.94,773.0,153240.0,10842.0,937.5,16,14458,2700,55,70,1788026742,,,,,,,,,125.0,89,,,,15,938.0,938.0,1000.0,813.0,15,938.0,0,,1788026728848,0,938.0,tx_stack_med,102894.0,506.94,55,lootseller,55,orders
1116,blaze_rod,Blaze Rod,64,672.0,479819.0,8004.0,230.0,100000.0,40425.0,467520.0,7305.0,631.64,497.0,164300.0,2675.0,773.44,64,14667,,,,,400,400.01,400.01,400,4,83.6,90,,,,,,,15,773.0,773.0,773.0,307.0,13,773.0,0,,1788026220749,0,773.0,tx_stack_med,672.0,631.64,400,finance_jun25,400,orders
1117,ghast_tear,Ghast Tear,64,28775.0,18820.0,634.0,5833.0,1900000.0,1757515.0,15872.0,248.0,27461.17,19348.0,4539.0,175.0,18750.0,64,346,70000,10000,15000,1788026742,140,140,140,101,4,82.7,90,,,,76562.5,1,,15,27188.0,15625.0,50000.0,12500.0,4,15600.0,5,50000.0,1788026139349,0,15600.0,tx_stack_med,50000.0,15600.0,10000,lootseller,10000,orders
1118,gold_nugget,Gold Nugget,64,959.0,53189.0,1040.0,238.0,67000.0,60504.0,47040.0,735.0,945.38,1425.0,8935.0,217.0,10000.0,4,269,,,,,33,36.2,36.2,33,6,55,73,285.71,,,,,,15,1133.0,750.0,2174.0,345.0,4,1563.0,0,,1788024569516,0,1563.0,tx_stack_med,959.0,945.38,33,finance_jun25,33,orders
1119,nether_wart,Nether Wart,64,1166.0,221178.0,3899.0,118.0,89000.0,71856.0,206720.0,3230.0,1122.75,1414.0,69835.0,1189.0,1560.94,64,7765,,,,,52,52,80,75,6,6.6,44,625,681.8,1,,,,15,1703.0,1563.0,1703.0,1562.0,12,1703.0,1,25000.0,1788026667810,0,1703.0,tx_stack_med,1166.0,1122.75,52,finance_jun25,52,orders
1120,glass_bottle,Glass Bottle,64,790.0,220067.0,3619.0,250.0,120000.0,49262.0,216064.0,3376.0,769.72,1022.0,63463.0,1053.0,1015.62,64,4547,,,,,250,250,250,50,19,16.6,50,,,,20000.0,1,,15,1094.0,1016.0,1178.0,1000.0,15,1094.0,0,,1788026706432,0,1094.0,tx_stack_med,790.0,769.72,250,finance_jun25,250,orders
1121,potion,Potion,1,510659.0,39566.0,39566.0,20.0,999999980.0,510659.0,39566.0,39566.0,510659.0,468381.0,9963.0,9963.0,299999.0,1,861,,,,,,,,,,,,,,,,,,15,100000.0,85000.0,200000.0,35000.0,0,,15,100000.0,1788026672957,0,100000.0,tx_med,100000.0,100000.0,,,100000.0,ah
1122,spider_eye,Spider Eye,64,3932.0,101201.0,1935.0,23.01,3125000.0,251753.0,97216.0,1519.0,3933.64,1475.0,27819.0,550.0,1328.12,64,1572,,,,,,,,,,,,,,,1168.8,2,,15,1453.0,1406.0,1563.0,1328.0,12,1453.0,3,39000.0,1788026638613,0,1453.0,tx_stack_med,39000.0,1328.12,,,1328.12,ah
1123,fermented_spider_eye,Fermented Spider Eye,64,5121.0,86755.0,1752.0,513.0,70000.0,310079.0,77952.0,1218.0,4844.98,4088.0,22820.0,417.0,9312.5,16,838,,,,,147.1,147.1,147.1,90,5,11.5,47,,,,,,,15,9313.0,9313.0,9313.0,9313.0,1,9375.0,0,,1788026701967,0,9313.0,tx_med,5121.0,4844.98,147.1,finance_jun25,147.1,orders
1124,blaze_powder,Blaze Powder,64,697.0,111079.0,1883.0,93.73,40000.0,42290.0,103744.0,1621.0,660.78,732.0,27274.0,452.0,781.25,64,1457,,,,,30,30,30,10,4,91.6,95,,,,,,,15,1000.0,781.0,1250.0,625.0,11,859.0,0,,1788025740346,0,859.0,tx_stack_med,697.0,660.78,30,finance_jun25,30,orders
1125,magma_cream,Magma Cream,64,3108.0,38984.0,711.0,278.0,75555.0,191141.0,36352.0,568.0,2986.58,3744.0,10900.0,210.0,3846.15,26,730,,,,,37,37,50,35,9,17.5,51,,,,,,,15,3438.0,2969.0,3438.0,781.0,12,3438.0,1,40000.0,1788026282189,0,3438.0,tx_stack_med,3108.0,2986.58,37,finance_jun25,37,orders
1126,brewing_stand,Brewing Stand,64,2691.0,93261.0,5488.0,156.0,1000000.0,119606.0,83008.0,1297.0,1868.84,4397.0,26715.0,1795.0,10000.0,8,2019,,,,,,,,,,,,,,,,,,15,25000.0,2328.0,25000.0,1563.0,4,1563.0,8,25000.0,1788026701514,0,1563.0,tx_stack_med,25000.0,1563.0,,,1563.0,ah
1127,cauldron,Cauldron,64,8480.0,34990.0,1896.0,1111.0,300000.0,397015.0,28864.0,451.0,6203.36,8036.0,6042.0,408.0,39000.0,1,619,,,,,101,101,150,120,4,45.6,67,,,,,,,15,39000.0,39000.0,39000.0,4375.0,1,4375.0,12,39000.0,1788026152932,0,39000.0,tx_med,39000.0,6203.36,101,finance_jun25,101,orders
1128,ender_eye,Eye of Ender,64,1867.0,94772.0,2025.0,200.0,2000000.0,96012.0,86208.0,1347.0,1500.19,1851.0,25261.0,579.0,30000.0,1,1653,,,,,10,10,30,20,4,99.7,100,781.25,,,,,,15,30000.0,3109.0,30000.0,2344.0,6,3109.0,8,30000.0,1788026688243,0,3109.0,tx_stack_med,30000.0,1500.19,10,finance_jun25,10,orders
1129,glistering_melon_slice,Glistering Melon Slice,64,5551.0,9897.0,282.0,429.0,100000.0,351938.0,8064.0,126.0,5499.03,4720.0,2048.0,62.0,6218.75,64,100,,,,,150,150,150,100,3,98.8,99,781.25,,,,,,15,2083.0,1563.0,6234.0,781.0,7,6219.0,0,,1788025339042,0,6219.0,tx_stack_med,5551.0,2083.0,150,finance_jun25,150,orders
1217,experience_bottle,Bottle o' Enchanting,64,6783.0,1030863.0,37910.0,4747.0,400000.0,383007.0,682240.0,10660.0,5984.48,6410.0,287545.0,10647.0,9374.97,32,18678,7000,7500,7500,1788026742,1600,1600,1600,1500,5,74.6,85,2756.25,,,6031.2,1,,15,10000.0,9900.0,30000.0,9375.0,0,,5,30000.0,1788026724917,0,10000.0,tx_med,30000.0,5984.48,7500,lootseller,5984.48,ah
1218,fire_charge,Fire Charge,64,5100.0,19186.0,761.0,500.0,149999.0,266521.0,15296.0,239.0,4164.39,4411.0,6280.0,224.0,1562.5,64,181,,,,,,,,,,,,,,,75000.0,15,,15,50000.0,1563.0,50000.0,375.0,3,1563.0,10,50000.0,1788026443936,0,1563.0,tx_stack_med,50000.0,1562.5,,,1562.5,ah
1219,wind_charge,Wind Charge,64,7266.0,366527.0,9159.0,3600.0,2000000.0,414055.0,308672.0,4823.0,6469.61,7156.0,76390.0,2021.0,15625.0,16,5051,,,,,4300,4500,4300,2000,32,32,59,54000,,,21000.0,23,,15,7328.0,6250.0,20000.0,6250.0,8,6250.0,3,23900.0,1788026709397,0,6250.0,tx_stack_med,23900.0,6250.0,4300,finance_jun25,4300,orders
1220,writable_book,Book and Quill,1,88598.0,6389.0,6389.0,4000.0,50000000.0,88598.0,6389.0,6389.0,88598.0,64024.0,1742.0,1742.0,67000.0,1,122,,,,,,,,,,,,,,,,,,15,67000.0,65000.0,70000.0,65000.0,0,,15,67000.0,1788026025994,0,67000.0,tx_med,67000.0,67000.0,,,67000.0,ah
1221,written_book,Written Book,16,4567678.0,6814.0,4606.0,2000.0,8999999242.0,490217.0,2208.0,138.0,30638.56,2616546.0,1388.0,952.0,238000.0,1,55,,,,,,,,,,,,,,,,,,15,50000.0,50000.0,5000000.0,40000.0,0,,14,50000.0,1788026699910,0,50000.0,tx_med,50000.0,30638.56,,,30638.56,ah
1222,breeze_rod,Breeze Rod,64,23255.0,48775.0,2099.0,15000.0,555556.0,1409842.0,37824.0,591.0,22028.78,25241.0,12635.0,524.0,26562.5,64,716,,,,,15700,15700,16050,9000,41,54.5,73,55000,,,,,,15,31250.0,26563.0,49000.0,25000.0,5,27969.0,1,95000.0,1788026719362,0,27969.0,tx_stack_med,23255.0,22028.78,15700,finance_jun25,15700,orders
1223,mace,Mace,1,4827996.0,11164.0,11164.0,3000000.0,499999990.0,4827996.0,11164.0,11164.0,4827996.0,4709144.0,2563.0,2563.0,5499999.99,1,214,3800000,7300000,7400000,1788026742,2900000,2900000,2900000,2800000,11,19.1,51,,5500000.0,1,5000000.0,3,,15,5500000.0,4190000.0,6000000.0,4190000.0,0,,15,5500000.0,1788026733094,1,5500000.0,tx_med,5500000.0,4827996.0,7300000,lootseller,4827996.0,ah
1224,item_frame,Item Frame,64,3834.0,331371.0,15166.0,800.0,2500000.0,182498.0,251840.0,3935.0,2851.53,3971.0,87603.0,4393.0,13000.0,1,5510,,,,,33,33,100,50,10,12,47,,,,,,,15,13000.0,5800.0,13000.0,3438.0,3,4688.0,9,13000.0,1788026668764,0,4688.0,tx_stack_med,13000.0,2851.53,33,finance_jun25,33,orders
1225,glow_item_frame,Glow Item Frame,64,33260.0,40823.0,2177.0,1000.0,55555554.0,456969.0,35840.0,560.0,7140.14,10172.0,8934.0,396.0,8799.99,1,740,,,,,15,15,51,15,4,74.2,84,,,,,,,15,8800.0,8700.0,10328.0,8500.0,2,9641.0,12,8750.0,1788025791867,0,8800.0,tx_med,8750.0,7140.14,15,finance_jun25,15,orders
1226,flower_pot,Flower Pot,64,10907.0,26983.0,2348.0,1563.0,1000000.0,348342.0,16192.0,253.0,5442.84,10128.0,9040.0,626.0,25000.0,1,429,,,,,101,101,101,100,3,34.2,61,,,,22500.0,4,,15,39000.0,20000.0,40000.0,3125.0,0,,11,39000.0,1788025867736,0,39000.0,tx_med,39000.0,5442.84,101,finance_jun25,101,orders
1227,carrot,Carrot,64,713.0,475252.0,7649.0,156.0,88000.0,45073.0,465600.0,7275.0,704.27,1129.0,106157.0,1788.0,1093.75,64,9775,,,,,90,90,90,35,20,13.9,48,625,,,,,,15,1406.0,1406.0,1406.0,1406.0,15,1406.0,0,,1788026548502,0,1406.0,tx_stack_med,713.0,704.27,90,finance_jun25,90,orders
1228,potato,Potato,64,1168.0,115246.0,1917.0,141.0,1000000.0,56875.0,109952.0,1718.0,888.67,1197.0,31159.0,512.0,1562.5,64,3097,,,,,38.1,38.1,46,45,4,17.8,51,1040.63,,,,,,15,3125.0,2344.0,3125.0,1953.0,15,3125.0,0,,1788026186407,0,3125.0,tx_stack_med,1168.0,888.67,38.1,finance_jun25,38.1,orders
1229,baked_potato,Baked Potato,64,1185.0,51905.0,955.0,156.0,46875.0,76463.0,47936.0,749.0,1194.73,967.0,13999.0,259.0,1562.5,64,448,,,,,20,,20,10,20,0,0,,,,,,,15,1563.0,1328.0,1563.0,600.0,13,1563.0,0,,1788025428010,0,1563.0,tx_stack_med,1185.0,1194.73,20,finance_jun25,20,orders
1230,poisonous_potato,Poisonous Potato,64,16588.0,1137.0,185.0,82.29,4950000.0,167250.0,256.0,4.0,2613.28,3107.0,336.0,46.0,4166.67,6,7,,,,,30.1,30.1,30.1,10,10,96.5,98,,,,,,,15,5000.0,2714.0,5000.0,156.0,2,156.0,10,5000.0,1788025474297,0,5000.0,tx_med,5000.0,4166.67,30.1,finance_jun25,30.1,orders
1231,map,Empty Map,64,33769.0,785373.0,37807.0,3500.0,51562501.0,2425929.0,633216.0,9894.0,37905.14,7196.0,223817.0,11202.0,9312.5,32,16060,18000,3900,6200,1788026742,2850,3000,2850,1400,36,45.3,67,,,,,,,15,9375.0,6953.0,24750.0,6953.0,4,6953.0,1,200000.0,1788026572129,0,6953.0,tx_stack_med,33769.0,6953.0,3900,lootseller,3900,orders
1232,golden_carrot,Golden Carrot,64,217710.0,211048.0,5325.0,1875.0,22600000471.0,202509.0,170432.0,2663.0,3164.2,3274.0,64301.0,1403.0,30000.0,1,2920,,,,,400,420,500,262,61,46,68,3124.94,2453.1,1,,,,15,2953.0,2953.0,3125.0,2938.0,15,2953.0,0,,1788026741222,0,2953.0,tx_stack_med,217710.0,2953.0,400,finance_jun25,400,orders
1233,skeleton_skull,Skeleton Skull,64,267242.0,6719.0,1411.0,156333.0,1000000.0,15960326.0,4800.0,75.0,249380.09,266474.0,2931.0,310.0,261000.0,1,233,258000,202000,226000,1788026742,80000,80000,140000,90000,37,43.2,66,,,,,,,15,261000.0,261000.0,261000.0,216914.0,1,216914.0,14,261000.0,1788026097411,1,261000.0,tx_med,261000.0,249380.09,202000,lootseller,202000,orders
1234,wither_skeleton_skull,Wither Skeleton Skull,64,,,,,,,,,,,,,35921.88,64,3816,43000,31000,35600,1788026742,25200,26200,26600,15000,35,33.9,60,59000,,,,,,,,,,,,,,,,,,,,35921.88,31000,lootseller,31000,orders
1235,player_head,Player Head,64,0.0,0.0,0.0,0.0,0.0,0.0,0.0,0.0,,0.0,0.0,0.0,,,,,,,,,,,,,,,,,,,,,,,,,,,,,,,1,,,,,,,,
1236,zombie_head,Zombie Head,64,325170.0,8211.0,1407.0,195652.0,5000000.0,20259294.0,6272.0,98.0,316551.47,323719.0,1877.0,331.0,390000.0,1,75,335000,230000,300000,1788026742,181000,181000,201000,170000,45,25.6,55,,,,,,,15,424000.0,377000.0,425000.0,310938.0,1,310938.0,14,424000.0,1788026005430,1,424000.0,tx_med,424000.0,316551.47,230000,lootseller,230000,orders
1237,creeper_head,Creeper Head,64,300500.0,10836.0,1606.0,205000.0,1000000.0,18906403.0,8576.0,134.0,295412.55,286151.0,2939.0,533.0,250000.0,64,342,374000,206000,300000,1788026742,91100,95000,95000,85000,45,49.1,69,199999,,,,,,15,262500.0,257813.0,397000.0,250000.0,8,257813.0,6,397500.0,1788026549398,1,257813.0,tx_stack_med,397500.0,250000.0,206000,lootseller,206000,orders
1238,dragon_head,Dragon Head,64,53732653.0,1440.0,1400.0,47500001.0,99000003.0,0.0,0.0,0.0,,51604297.0,333.0,331.0,52400000.0,1,21,51300000,50600000,52700000,1788026742,2400000,2400000,25600000,23600000,45,45.4,67,,,,,,,15,51800003.0,50800000.0,52000000.0,50200003.0,0,,15,51800003.0,1788025447855,1,51800003.0,tx_med,51800003.0,51800003.0,50600000,lootseller,50600000,orders
1239,piglin_head,Piglin Head,64,463631.0,23798.0,2882.0,373000.0,2000000.0,28521592.0,17984.0,281.0,445649.88,463631.0,7980.0,876.0,950000.0,1,477,440000,408000,460000,1788026742,200000,226000,273000,180000,43,53.3,72,,,,,,,15,478125.0,447900.0,481250.0,425000.0,2,435156.0,8,479000.0,1788026647056,1,478125.0,tx_med,479000.0,445649.88,408000,lootseller,408000,orders
1240,nether_star,Nether Star,64,186171.0,4745.0,1199.0,90000.0,650000.0,12247667.0,3392.0,53.0,191369.8,188751.0,1013.0,306.0,150000.0,2,15,,,,,111000,111000,112000,86000,25,45.4,67,,,,,,,15,180000.0,170000.0,184000.0,135000.0,0,,14,180000.0,1788024655219,0,180000.0,tx_med,180000.0,150000.0,111000,finance_jun25,111000,orders
1241,pumpkin_pie,Pumpkin Pie,64,1748.0,10185.0,216.0,141.0,33333.0,101446.0,7616.0,119.0,1585.09,3683.0,2518.0,44.0,1270.83,48,0,,,,,,,,,,,,,,,,,,15,1763.0,1563.0,3630.0,1042.0,7,1815.0,0,,1788019330553,0,1815.0,tx_stack_med,1748.0,1270.83,,,1270.83,ah
1242,firework_rocket,Firework Rocket,64,2625.0,532862.0,9410.0,133.0,22000000.0,121973.0,500800.0,7825.0,1905.83,1494.0,160024.0,3115.0,781.25,64,16024,,,,,200,200,300,120,6,74.2,85,453.13,,,,,,15,1094.0,469.0,1562.0,373.0,15,1094.0,0,,1788026741738,0,1094.0,tx_stack_med,2625.0,781.25,200,finance_jun25,200,orders
1243,firework_star,Firework Star,64,5675.0,34775.0,551.0,1563.0,1000000.0,360752.0,34624.0,541.0,5636.75,11221.0,4864.0,79.0,10921.88,64,512,,,,,,,,,,,,,,,,,,15,10781.0,10781.0,10922.0,9375.0,15,10781.0,0,,1788026012868,0,10781.0,tx_stack_med,5675.0,5636.75,,,5636.75,ah
1244,enchanted_book,Enchanted Book,1,,,,,,,,,,,,,100000.0,1,2497,,,,,,,,,,,,,54700.0,21,28000.0,5,,,,,,,,,,,,,,,,100000.0,,,100000.0,ah
1245,nether_brick,Nether Brick,64,2248.0,14124.0,292.0,92.59,2000000.0,110091.0,12288.0,192.0,1720.17,719.0,5016.0,96.0,28125.0,16,181,,,,,,,,,,,,,,,,,,15,1053.0,469.0,1406.0,278.0,7,469.0,0,,1788025437588,0,469.0,tx_stack_med,2248.0,469.0,,,469.0,ah
1246,resin_brick,Resin Brick,64,4123.0,49461.0,1325.0,351.0,6000000.0,158966.0,45056.0,704.0,2483.84,2705.0,13249.0,298.0,2995.74,58,760,,,,,,,,,,,,,,,,,,15,2328.0,2252.0,2328.0,2091.0,10,2328.0,0,,1788025457864,0,2328.0,tx_stack_med,4123.0,2328.0,,,2328.0,ah
1247,prismarine_shard,Prismarine Shard,64,1559.0,13677.0,241.0,250.0,30000.0,98431.0,12992.0,203.0,1537.98,2485.0,1496.0,29.0,1562.5,64,192,,,,,23,,23,23,4,0,0,,,,,,,15,1176.0,234.0,1563.0,234.0,11,1172.0,0,,1788024528202,0,1172.0,tx_stack_med,1559.0,1172.0,23,finance_jun25,23,orders
1248,prismarine_crystals,Prismarine Crystals,64,1861.0,11085.0,277.0,127.0,69091.0,105715.0,9216.0,144.0,1651.8,2334.0,1754.0,70.0,25000.0,1,73,,,,,75,75,75,75,4,89,93,1484.38,,,,,,15,2031.0,1172.0,24000.0,1111.0,7,1563.0,4,25000.0,1788025413782,0,1563.0,tx_stack_med,25000.0,1563.0,75,finance_jun25,75,orders
1249,rabbit,Raw Rabbit,64,4219.0,1140.0,151.0,938.0,100000.0,165833.0,768.0,12.0,2591.14,6287.0,54.0,24.0,2000.0,1,1,,,,,110,110,120,102,7,96.5,98,,,,,,,15,10000.0,3000.0,10000.0,1000.0,0,,13,10000.0,1788023604807,0,10000.0,tx_med,10000.0,2000.0,110,finance_jun25,110,orders
1250,cooked_rabbit,Cooked Rabbit,64,56094.0,868.0,43.0,469.0,3900000.0,760000.0,448.0,7.0,11875.0,12438.0,16.0,4.0,5000.0,2,0,,,,,,,,,,,,,,,,,,15,5000.0,3125.0,25000.0,1471.0,2,2344.0,5,9000.0,1788026178745,0,5000.0,tx_med,9000.0,5000.0,,,5000.0,ah
1251,rabbit_stew,Rabbit Stew,1,35625.0,72.0,72.0,3000.0,150000.0,35625.0,72.0,72.0,35625.0,124706.0,17.0,17.0,500000.0,1,1,,,,,,,,,,,,,,,,,,15,150000.0,140000.0,150000.0,30000.0,0,,15,150000.0,1788025078925,0,150000.0,tx_med,150000.0,35625.0,,,35625.0,ah
1252,rabbit_foot,Rabbit's Foot,64,29831.0,2050.0,286.0,2500.0,500000.0,1185600.0,1280.0,20.0,18525.0,22866.0,488.0,83.0,250000.0,1,12,,,,,12000,12000,12000,11000,6,46.1,68,50000,,,,,,15,99900.0,50000.0,160000.0,10000.0,1,11465.0,12,99950.0,1788025222724,0,99900.0,tx_med,99950.0,18525.0,12000,finance_jun25,12000,orders
1253,rabbit_hide,Rabbit Hide,64,7769.0,865.0,167.0,200.0,1000000.0,86000.0,256.0,4.0,1343.75,2478.0,141.0,24.0,3400.0,1,4,,,,,13.1,13.1,20,20,4,83.1,90,833.33,,,,,,15,2333.0,825.0,3400.0,500.0,1,625.0,8,3400.0,1788026460078,0,2333.0,tx_med,3400.0,2333.0,13.1,finance_jun25,13.1,orders
1254,armor_stand,Armor Stand,16,1507.0,195139.0,12908.0,133.0,100000.0,23404.0,190000.0,11875.0,1462.75,1325.0,36300.0,2637.0,3888.89,9,4005,,,,,75,80,90,53,17,62.4,77,875,,,,,,15,1813.0,1250.0,1875.0,938.0,10,1813.0,2,938.0,1788026784134,0,1813.0,tx_stack_med,1507.0,1462.75,75,finance_jun25,75,orders
1255,copper_horse_armor,Copper Horse Armor,1,75049.0,680.0,680.0,500.0,999000.0,75049.0,680.0,680.0,75049.0,40896.0,137.0,137.0,99999.0,1,11,,,,,,,,,,,,,,,,,,15,80000.0,20000.0,99000.0,10000.0,0,,15,80000.0,1788024994076,0,80000.0,tx_med,80000.0,75049.0,,,75049.0,ah
1256,iron_horse_armor,Iron Horse Armor,1,163760.0,858.0,858.0,1000.0,50000000.0,163760.0,858.0,858.0,163760.0,62936.0,208.0,208.0,5000.0,1,19,,,,,300,300,300,300,3,21.9,53,,,,,,,15,90000.0,60000.0,100000.0,5000.0,0,,15,90000.0,1788026232181,0,90000.0,tx_med,90000.0,5000.0,300,finance_jun25,300,orders
1257,golden_horse_armor,Golden Horse Armor,1,121416.0,1022.0,1022.0,1600.0,1000000.0,121416.0,1022.0,1022.0,121416.0,91930.0,269.0,269.0,80000.0,1,14,,,,,901,901,901,800,8,39.4,64,21000,,,,,,15,97000.0,90000.0,100000.0,55000.0,0,,15,97000.0,1788024250622,0,97000.0,tx_med,97000.0,80000.0,901,finance_jun25,901,orders
1258,diamond_horse_armor,Diamond Horse Armor,1,158428.0,1772.0,1772.0,2000.0,11000000.0,158428.0,1772.0,1772.0,158428.0,48128.0,282.0,282.0,40000.0,1,31,,,,,,,,,,,,,,,111000.0,1,,15,45000.0,15000.0,50000.0,12500.0,0,,15,45000.0,1788026516685,0,45000.0,tx_med,45000.0,40000.0,,,40000.0,ah
1259,netherite_horse_armor,Netherite Horse Armor,1,9236789.0,19.0,19.0,5000000.0,14000000.0,9236789.0,19.0,19.0,9236789.0,9500000.0,2.0,2.0,10000000.0,1,0,,,,,,,,,,,,,,,,,,15,8000000.0,6999999.0,10000000.0,5000000.0,0,,15,8000000.0,1787977007542,0,8000000.0,tx_med,8000000.0,8000000.0,,,8000000.0,ah
1260,leather_horse_armor,Leather Horse Armor,1,430131.0,114.0,114.0,25000.0,10000000.0,430131.0,114.0,114.0,430131.0,779273.0,11.0,11.0,1000000.0,1,0,,,,,,,,,,,,,,,,,,15,1000000.0,500000.0,1000000.0,2000.0,0,,15,1000000.0,1788021404911,0,1000000.0,tx_med,1000000.0,430131.0,,,430131.0,ah
1261,lead,Lead,64,6296.0,48402.0,4075.0,402.0,15800000.0,219093.0,38656.0,604.0,3423.33,5033.0,12568.0,1205.0,29000.0,1,733,,,,,75,1000,1000,1000,6,56.6,74,30000,,,,,,15,29000.0,29000.0,34999.0,29000.0,0,,15,29000.0,1788026801255,0,29000.0,tx_med,29000.0,3423.33,75,finance_jun25,75,orders
1262,name_tag,Name Tag,64,31300.0,14536.0,4565.0,10556.0,23299999.0,1627448.0,8256.0,129.0,25428.88,35293.0,3657.0,1273.0,68499.99,1,403,,,,,3700,3700,4000,2200,10,50.2,70,50000,,,19800.0,1,,15,95000.0,66900.0,100000.0,35922.0,2,36633.0,10,92500.0,1788026204330,0,95000.0,tx_med,92500.0,25428.88,3700,finance_jun25,3700,orders
1264,mutton,Raw Mutton,64,3447.0,3206.0,215.0,800.0,100000.0,204309.0,2368.0,37.0,3192.33,4562.0,427.0,55.0,5000.0,1,68,,,,,180,200,200,176.1,14,99,99,,,,,,,15,3000.0,2000.0,5000.0,1000.0,2,3156.0,5,4000.0,1788024868616,0,3000.0,tx_med,4000.0,3000.0,180,finance_jun25,180,orders
1265,cooked_mutton,Cooked Mutton,64,16845.0,7643.0,168.0,90.9,1562500.0,1169286.0,6720.0,105.0,18270.09,3186.0,1242.0,39.0,7500.0,4,0,,,,,,,,,,,,,,,,,,15,5000.0,3125.0,5000.0,1074.0,2,3071.0,2,5250.0,1788018889907,0,5000.0,tx_med,16845.0,5000.0,,,5000.0,ah
1266,white_banner,White Banner,16,40309.0,38704.0,7234.0,156.0,100000000.0,189247.0,30560.0,1910.0,11827.94,36848.0,7265.0,1622.0,21812.5,16,806,,,,,102,102,120,102,5,92.1,95,,,,,,,15,80000.0,80000.0,99900.0,31250.0,1,31250.0,13,80000.0,1788026815610,0,80000.0,tx_med,80000.0,11827.94,102,finance_jun25,102,orders
1267,orange_banner,Orange Banner,16,98802.0,410.0,66.0,3333.0,5000000.0,849363.0,304.0,19.0,53085.19,128824.0,85.0,25.0,200000.0,1,2,,,,,,,,,,,,,,,,,,15,200000.0,200000.0,200000.0,200000.0,0,,15,200000.0,1788023225532,0,200000.0,tx_med,200000.0,53085.19,,,53085.19,ah
1268,magenta_banner,Magenta Banner,16,162726.0,308.0,218.0,1000.0,2000000.0,500000.0,16.0,1.0,31250.0,188500.0,50.0,45.0,700000.0,1,1,,,,,,,,,,,,,,,,,,15,95000.0,25000.0,200000.0,10000.0,0,,15,95000.0,1788026098563,0,95000.0,tx_med,95000.0,95000.0,,,95000.0,ah
1269,light_blue_banner,Light Blue Banner,16,152840.0,723.0,279.0,10000.0,1000000.0,1501852.0,432.0,27.0,93865.75,117267.0,172.0,60.0,250000.0,1,6,,,,,,,,,,,,,,,,,,15,200000.0,99990.0,250000.0,20000.0,2,68750.0,13,200000.0,1788026741997,0,200000.0,tx_med,200000.0,93865.75,,,93865.75,ah
1270,yellow_banner,Yellow Banner,16,661715.0,198.0,137.0,5833.0,100000000.0,4000000.0,16.0,1.0,250000.0,263080.0,25.0,25.0,100000.0,1,8,,,,,,,,,,,,,,,,,,15,100000.0,100000.0,200000.0,30000.0,0,,14,125000.0,1788023398454,0,100000.0,tx_med,125000.0,100000.0,,,100000.0,ah
1271,lime_banner,Lime Banner,16,391831.0,362.0,232.0,6000.0,10000000.0,712500.0,64.0,4.0,44531.25,341274.0,62.0,58.0,150000.0,1,9,,,,,,,,,,,,,,,,,,15,150000.0,150000.0,150000.0,55000.0,0,,15,150000.0,1788026040667,0,150000.0,tx_med,150000.0,150000.0,,,150000.0,ah
1272,pink_banner,Pink Banner,16,246705.0,478.0,385.0,6250.0,2500000.0,1866667.0,48.0,3.0,116666.69,390217.0,46.0,46.0,100000.0,1,6,,,,,,,,,,,,,,,,,,15,200000.0,100000.0,570000.0,10000.0,0,,15,200000.0,1788026552203,0,200000.0,tx_med,200000.0,100000.0,,,100000.0,ah
1273,gray_banner,Gray Banner,16,235433.0,60.0,27.0,9375.0,2000000.0,224495.0,32.0,2.0,14030.94,385750.0,4.0,4.0,42999.0,1,0,,,,,,,,,,,,,,,,,,15,42999.0,18000.0,500000.0,10000.0,0,,12,71500.0,1788001551766,0,42999.0,tx_med,71500.0,42999.0,,,42999.0,ah
1274,light_gray_banner,Light Gray Banner,16,219537.0,149.0,149.0,40000.0,1000000.0,0.0,0.0,0.0,,1335444.0,9.0,9.0,5000.0,1,0,,,,,,,,,,,,,,,,,,15,100000.0,60000.0,400000.0,5000.0,0,,15,100000.0,1788019130852,0,100000.0,tx_med,100000.0,5000.0,,,5000.0,ah
1275,cyan_banner,Cyan Banner,16,176455.0,358.0,227.0,5000.0,1000000.0,1762500.0,64.0,4.0,110156.25,146494.0,89.0,29.0,500000.0,1,0,,,,,,,,,,,,,,,,,,15,463000.0,150000.0,463000.0,100000.0,0,,15,463000.0,1788012134416,0,463000.0,tx_med,463000.0,463000.0,,,463000.0,ah
1276,purple_banner,Purple Banner,16,214274.0,508.0,368.0,3750.0,3000000.0,880000.0,112.0,7.0,55000.0,177696.0,135.0,34.0,1000000.0,1,8,,,,,,,,,,,,,,,,,,15,199999.0,50000.0,1000000.0,20000.0,2,62500.0,13,200000.0,1788024833820,0,199999.0,tx_med,200000.0,55000.0,,,55000.0,ah
1277,blue_banner,Blue Banner,16,212978.0,863.0,496.0,5000.0,10000000.0,2723684.0,304.0,19.0,170230.25,158391.0,179.0,175.0,123000.0,1,12,,,,,,,,,,,,,,,,,,15,123000.0,123000.0,123000.0,123000.0,0,,15,123000.0,1788026747663,0,123000.0,tx_med,123000.0,123000.0,,,123000.0,ah
1278,brown_banner,Brown Banner,16,113340.0,626.0,447.0,1000.0,5000000.0,4350000.0,32.0,2.0,271875.0,556214.0,242.0,141.0,79000.0,1,52,,,,,,,,,,,,,,,,,,15,79000.0,79000.0,79000.0,79000.0,0,,15,79000.0,1788026094551,0,79000.0,tx_med,79000.0,79000.0,,,79000.0,ah
1279,green_banner,Green Banner,16,407244.0,130.0,110.0,5833.0,3000000.0,0.0,0.0,0.0,,263714.0,7.0,7.0,100000.0,1,1,,,,,,,,,,,,,,,,,,15,124000.0,100000.0,144000.0,100000.0,0,,15,124000.0,1788022836549,0,124000.0,tx_med,124000.0,100000.0,,,100000.0,ah
1280,red_banner,Red Banner,16,135311.0,3540.0,1198.0,8333.0,7000000.0,1390127.0,2272.0,142.0,86882.94,151176.0,571.0,252.0,199999.0,1,32,,,,,,,,,,,,,,,,,,15,199999.0,150000.0,250000.0,50000.0,0,,15,199999.0,1788026421965,0,199999.0,tx_med,199999.0,86882.94,,,86882.94,ah
1281,black_banner,Black Banner,16,103627.0,9145.0,2501.0,1000.0,38000000.0,551620.0,6528.0,408.0,34476.25,172681.0,1004.0,464.0,250000.0,1,46,,,,,,,,,,,,,,,,,,15,250000.0,200000.0,250000.0,199999.0,0,,14,250000.0,1788026797754,0,250000.0,tx_med,250000.0,34476.25,,,34476.25,ah
1282,end_crystal,End Crystal,64,21041.0,423402.0,18141.0,5555.0,1000000.0,1220721.0,287424.0,4491.0,19073.77,20165.0,100591.0,5098.0,37500.0,16,19639,37000,15400,50000,1788026742,,,,,,,,,,,33000.0,31,,15,27500.0,25000.0,31250.0,21875.0,0,,0,,1788026814942,0,27500.0,tx_med,21041.0,19073.77,15400,lootseller,15400,orders
1283,chorus_fruit,Chorus Fruit,64,948.0,145890.0,2577.0,46.87,300000.0,58282.0,132416.0,2069.0,910.66,1491.0,31032.0,554.0,312.5,64,3190,,,,,20,20,40,20,6,79.3,88,156.23,102.2,8,1000000000.0,4,,15,234.0,156.0,234.0,156.0,15,234.0,0,,1788026096068,0,234.0,tx_stack_med,948.0,234.0,20,finance_jun25,20,orders
1284,popped_chorus_fruit,Popped Chorus Fruit,64,8545.0,4401.0,102.0,172.0,1000000.0,288933.0,3840.0,60.0,4514.58,13115.0,1210.0,23.0,1562.5,64,0,,,,,,,,,,,,,,,,,,15,7813.0,1406.0,8333.0,313.0,13,7813.0,0,,1788012610648,0,7813.0,tx_stack_med,8545.0,1562.5,,,1562.5,ah
1285,torchflower_seeds,Torchflower Seeds,64,6959.0,14145.0,358.0,938.0,220000.0,405445.0,13120.0,205.0,6335.08,4612.0,3268.0,61.0,7031.25,64,64,,,,,1200,1200,1200,900,27,17.7,51,,,,,,,15,2344.0,2344.0,7031.0,2344.0,14,2344.0,1,156000.0,1788026531206,0,2344.0,tx_stack_med,6959.0,2344.0,1200,finance_jun25,1200,orders
1286,pitcher_pod,Pitcher Pod,64,1214.0,6160.0,169.0,78.12,100000.0,40618.0,5696.0,89.0,634.66,2472.0,857.0,28.0,27000.0,1,36,,,,,,,,,,,,,,,,,,15,2578.0,2578.0,9000.0,286.0,8,2578.0,4,27000.0,1788026490478,0,2578.0,tx_stack_med,27000.0,634.66,,,634.66,ah
1287,beetroot,Beetroot,64,1916.0,9728.0,178.0,46.87,50000.0,120211.0,8576.0,134.0,1878.3,2403.0,2692.0,46.0,1562.5,64,384,,,,,25,25,55,25,8,97.4,98,1093.75,,,,,,15,1563.0,1172.0,1563.0,469.0,14,1563.0,0,,1788025577430,0,1563.0,tx_stack_med,1916.0,1562.5,25,finance_jun25,25,orders
1288,beetroot_seeds,Beetroot Seeds,64,1030.0,11731.0,255.0,28.22,51000.0,60581.0,10176.0,159.0,946.58,878.0,2261.0,44.0,1666.67,6,80,,,,,,,,,,,,,,,,,,15,833.0,781.0,1340.0,14.29,6,781.0,0,,1788025776867,0,781.0,tx_stack_med,1030.0,781.0,,,781.0,ah
1289,beetroot_soup,Beetroot Soup,1,152096.0,41.0,41.0,8000.0,1000000.0,152096.0,41.0,41.0,152096.0,38533.0,15.0,15.0,46000.0,1,3,,,,,,,,,,,,,,,,,,15,42000.0,39000.0,46000.0,38000.0,0,,15,42000.0,1788023885067,0,42000.0,tx_med,42000.0,42000.0,,,42000.0,ah
1290,dragon_breath,Dragon's Breath,64,13339.0,35356.0,917.0,4636.0,1000000.0,805817.0,33536.0,524.0,12590.89,12613.0,3496.0,140.0,79000.0,1,263,,,,,1000,1000,1100,1100,9,71.7,83,24500,,,29596.2,4,,15,11719.0,11094.0,79000.0,9375.0,7,11094.0,5,79000.0,1788025408120,0,11094.0,tx_stack_med,79000.0,11094.0,1000,finance_jun25,1000,orders
1291,splash_potion,Splash Potion,1,94760.0,94383.0,94383.0,1000.0,1999999959.0,94760.0,94383.0,94383.0,94760.0,49069.0,29026.0,29026.0,100000.0,1,2343,,,,,,,,,,,,,,,,,,15,25000.0,20000.0,40000.0,20000.0,0,,15,25000.0,1788026843493,0,25000.0,tx_med,25000.0,25000.0,,,25000.0,ah
1292,spectral_arrow,Spectral Arrow,64,2781.0,54827.0,931.0,133.0,105263.0,171201.0,50880.0,795.0,2675.02,2600.0,15707.0,258.0,1171.88,64,1200,,,,,,,,2,3,,,,,,,,,15,1172.0,1094.0,1172.0,313.0,15,1172.0,0,,1788026280572,0,1172.0,tx_stack_med,2781.0,1171.88,,,1171.88,ah
1293,tipped_arrow,Tipped Arrow,64,6040.0,414925.0,7859.0,38.46,50000000.0,370884.0,358144.0,5596.0,5795.06,5244.0,95911.0,1744.0,2187.5,64,5778,,,,,,,,,,,,,,,,,,15,7333.0,2188.0,9756.0,1999.0,8,3039.0,0,,1788026419995,0,3039.0,tx_stack_med,6040.0,2187.5,,,2187.5,ah
1294,lingering_potion,Lingering Potion,1,151323.0,1698.0,1698.0,1000.0,44999997.0,151323.0,1698.0,1698.0,151323.0,127387.0,426.0,426.0,200000.0,1,61,,,,,,,,,,,,,,,,,,15,50000.0,50000.0,100000.0,12000.0,0,,15,50000.0,1788026358552,0,50000.0,tx_med,50000.0,50000.0,,,50000.0,ah
1295,shield,Shield,1,117094.0,14720.0,14720.0,2000.0,50000000.0,117094.0,14720.0,14720.0,117094.0,100255.0,4214.0,4214.0,200000.0,1,296,,,,,100,100,100,2,3,4.4,6,,169000.0,1,190000.0,1,,15,19000.0,19000.0,500000.0,19000.0,0,,15,19000.0,1788026698294,1,19000.0,tx_med,19000.0,19000.0,100,finance_jun25,100,orders
1296,wooden_spear,Wooden Spear,1,136168.0,197.0,197.0,1000.0,4999999.0,136168.0,197.0,197.0,136168.0,185321.0,28.0,28.0,5000.0,1,1,,,,,,,,,,,,,,,,,,15,50000.0,5000.0,499000.0,1000.0,0,,15,50000.0,1788023357972,1,50000.0,tx_med,50000.0,5000.0,,,5000.0,ah
1297,stone_spear,Stone Spear,1,15166.0,317.0,317.0,25.0,200000.0,15166.0,317.0,317.0,15166.0,23951.0,83.0,83.0,19000.0,1,10,,,,,,,,,,,,,,,,,,15,6000.0,4000.0,19000.0,2000.0,0,,15,6000.0,1788026544378,1,6000.0,tx_med,6000.0,6000.0,,,6000.0,ah
1298,copper_spear,Copper Spear,1,74286.0,145.0,145.0,2500.0,2000000.0,74286.0,145.0,145.0,74286.0,31667.0,18.0,18.0,10000.0,1,2,,,,,,,,,,,,,,,,,,15,10000.0,9999.0,20000.0,1500.0,0,,15,10000.0,1788024977586,1,10000.0,tx_med,10000.0,10000.0,,,10000.0,ah
1299,iron_spear,Iron Spear,1,40069.0,300.0,300.0,1000.0,3000000.0,40069.0,300.0,300.0,40069.0,25845.0,121.0,121.0,10000.0,1,11,,,,,,,,,,,,,,,,,,15,10000.0,10000.0,10000.0,8000.0,0,,15,10000.0,1788026128515,1,10000.0,tx_med,10000.0,10000.0,,,10000.0,ah
1300,golden_spear,Golden Spear,1,202650.0,76.0,76.0,4000.0,5000000.0,202650.0,76.0,76.0,202650.0,380844.0,32.0,32.0,10000.0,1,0,,,,,,,,,,,,,,,,,,15,99000.0,20000.0,120000.0,10000.0,0,,15,99000.0,1788017378945,1,99000.0,tx_med,99000.0,10000.0,,,10000.0,ah
1301,diamond_spear,Diamond Spear,1,349432.0,6514.0,6514.0,5000.0,8000000.0,349432.0,6514.0,6514.0,349432.0,311877.0,1499.0,1499.0,250000.0,1,129,,,,,,,,,,,,,,,,,,15,250000.0,30000.0,270000.0,20000.0,0,,15,250000.0,1788026669358,1,250000.0,tx_med,250000.0,250000.0,,,250000.0,ah
1302,netherite_spear,Netherite Spear,1,6110098.0,903.0,903.0,4900000.0,75000003.0,6110098.0,903.0,903.0,6110098.0,5629942.0,207.0,207.0,5499999.0,1,12,,,,,,,,,,,,,,,,,,15,5499999.0,5499999.0,6000000.0,5399999.0,0,,15,5499999.0,1788026810640,1,5499999.0,tx_med,5499999.0,5499999.0,,,5499999.0,ah
1303,totem_of_undying,Totem of Undying,1,239398.0,24083.0,24083.0,104990.0,999999980.0,239398.0,24083.0,24083.0,239398.0,297041.0,8351.0,8351.0,150000.0,1,681,107000,103000,111000,1788026742,4200,4200,4600,4200,34,88.5,93,12294,104800.0,2,110000.0,144,,15,150000.0,125000.0,150000.0,125000.0,0,,15,150000.0,1788025980495,0,150000.0,tx_med,150000.0,150000.0,103000,lootseller,103000,orders
1304,shulker_shell,Shulker Shell,64,5707.0,126728.0,2180.0,2800.0,375000.0,360343.0,122496.0,1914.0,5630.36,5402.0,38003.0,651.0,4687.5,64,1400,50000,2800,5700,1788026742,4500,4500,4500,4500,4,93.7,96,68000,,,,,,15,4688.0,4141.0,5000.0,3571.0,10,4688.0,3,45990.0,1788025389338,0,4688.0,tx_stack_med,45990.0,4687.5,2800,lootseller,2800,orders
1305,iron_nugget,Iron Nugget,64,1149.0,8570.0,240.0,36.84,50000.0,59508.0,5696.0,89.0,929.81,438.0,5880.0,117.0,148.15,27,39,,,,,,,,,,,,,,,,,,15,1000.0,522.0,1563.0,125.0,3,1563.0,0,,1788024770032,0,1563.0,tx_stack_med,1149.0,148.15,,,148.15,ah
1306,copper_nugget,Copper Nugget,64,4735.0,1414.0,42.0,52.63,1000000.0,19375.0,1024.0,16.0,302.73,1725.0,536.0,12.0,1000.0,6,0,,,,,,,,,,,,,,,,,,15,1563.0,1016.0,2953.0,156.0,8,1563.0,2,32500.0,1788026243089,0,1563.0,tx_stack_med,4735.0,302.73,,,302.73,ah
1307,knowledge_book,Knowledge Book,1,0.0,0.0,0.0,0.0,0.0,0.0,0.0,0.0,,0.0,0.0,0.0,,,,,,,,,,,,,,,,,,,,,,,,,,,,,,,0,,,,,,,,
1309,music_disc_13,Music Disc,1,26507.0,1079.0,1079.0,1000.0,500000.0,26507.0,1079.0,1079.0,26507.0,66937.0,243.0,243.0,300000.0,1,38,,,,,,,,,,,,,,,,,,15,20000.0,8000.0,25000.0,5000.0,0,,15,20000.0,1788025778409,0,20000.0,tx_med,20000.0,20000.0,,,20000.0,ah
1310,music_disc_cat,Music Disc,1,30091.0,1124.0,1124.0,1000.0,1000000.0,30091.0,1124.0,1124.0,30091.0,30770.0,265.0,265.0,30000.0,1,24,,,,,,,,,,,,,,,,,,15,30000.0,10000.0,30000.0,8000.0,0,,15,30000.0,1788026784681,0,30000.0,tx_med,30000.0,30000.0,,,30000.0,ah
1311,music_disc_blocks,Music Disc,1,354970.0,155.0,155.0,4200.0,1000000.0,354970.0,155.0,155.0,354970.0,507180.0,27.0,27.0,215677.0,1,0,,,,,,,,,,,,,,,,,,15,235119.0,199000.0,749000.0,100000.0,0,,15,235119.0,1788021656946,0,235119.0,tx_med,235119.0,215677.0,,,215677.0,ah
1312,music_disc_chirp,Music Disc,1,332478.0,211.0,211.0,25000.0,4000000.0,332478.0,211.0,211.0,332478.0,340885.0,52.0,52.0,470000.0,1,1,,,,,,,,,,,,,,,,,,15,500000.0,15000.0,699000.0,9000.0,0,,15,500000.0,1788024963900,0,500000.0,tx_med,500000.0,332478.0,,,332478.0,ah
1313,music_disc_creator,Music Disc,1,119279.0,521.0,521.0,4000.0,1000000.0,119279.0,521.0,521.0,119279.0,115408.0,142.0,142.0,100000.0,1,8,,,,,,,,,,,,,,,,,,15,100000.0,50000.0,100000.0,40000.0,0,,15,100000.0,1788026395099,0,100000.0,tx_med,100000.0,100000.0,,,100000.0,ah
1314,music_disc_creator_music_box,Music Disc,1,236135.0,290.0,290.0,5000.0,4900000.0,236135.0,290.0,290.0,236135.0,242434.0,76.0,76.0,100000.0,1,5,,,,,,,,,,,,,,,,,,15,121741.0,80000.0,150000.0,20000.0,0,,15,121741.0,1788026684292,0,121741.0,tx_med,121741.0,100000.0,,,100000.0,ah
1315,music_disc_far,Music Disc,1,285694.0,95.0,95.0,4000.0,1000000.0,285694.0,95.0,95.0,285694.0,338520.0,25.0,25.0,800000.0,1,0,,,,,,,,,,,,,,,,,,15,200000.0,99000.0,800000.0,10000.0,0,,15,200000.0,1788012569715,0,200000.0,tx_med,200000.0,200000.0,,,200000.0,ah
1316,music_disc_lava_chicken,Music Disc,1,421899.0,1005.0,1005.0,50000.0,3000000.0,421899.0,1005.0,1005.0,421899.0,427824.0,252.0,252.0,249999.0,1,22,,,,,,,,,,,,,,,,,,15,249999.0,249999.0,298000.0,200000.0,0,,15,249999.0,1788026420943,0,249999.0,tx_med,249999.0,249999.0,,,249999.0,ah
1317,music_disc_mall,Music Disc,1,282908.0,301.0,301.0,5166.0,15000000.0,282908.0,301.0,301.0,282908.0,240835.0,68.0,68.0,200000.0,1,6,,,,,,,,,,,,,,,,,,15,200000.0,200000.0,300000.0,10000.0,0,,15,200000.0,1788025758512,0,200000.0,tx_med,200000.0,200000.0,,,200000.0,ah
1318,music_disc_mellohi,Music Disc,1,368478.0,237.0,237.0,4500.0,999000.0,368478.0,237.0,237.0,368478.0,464974.0,39.0,39.0,50000.0,1,0,,,,,,,,,,,,,,,,,,15,595000.0,200000.0,899000.0,50000.0,0,,15,595000.0,1788020649007,0,595000.0,tx_med,595000.0,50000.0,,,50000.0,ah
1319,music_disc_stal,Music Disc,1,333334.0,182.0,182.0,6000.0,3000000.0,333334.0,182.0,182.0,333334.0,783098.0,41.0,41.0,10000.0,1,3,,,,,,,,,,,,,,,,,,15,150000.0,25000.0,3000000.0,10000.0,0,,15,150000.0,1788025509999,0,150000.0,tx_med,150000.0,10000.0,,,10000.0,ah
1320,music_disc_strad,Music Disc,1,248917.0,255.0,255.0,6000.0,3000000.0,248917.0,255.0,255.0,248917.0,210823.0,56.0,56.0,450000.0,1,1,,,,,,,,,,,,,,,,,,15,199000.0,100000.0,299000.0,15000.0,0,,15,199000.0,1788025119768,0,199000.0,tx_med,199000.0,199000.0,,,199000.0,ah
1321,music_disc_ward,Music Disc,1,183875.0,125.0,125.0,3000.0,1000000.0,183875.0,125.0,125.0,183875.0,466833.0,24.0,24.0,10000.0,1,1,,,,,,,,,,,,,,,,,,15,499000.0,75000.0,800000.0,10000.0,0,,15,499000.0,1788026144019,0,499000.0,tx_med,499000.0,10000.0,,,10000.0,ah
1322,music_disc_11,Music Disc,1,305400.0,220.0,220.0,10000.0,4400000.0,305400.0,220.0,220.0,305400.0,286271.0,48.0,48.0,497000.0,1,2,,,,,,,,,,,,,,,,,,15,400000.0,398000.0,450000.0,150000.0,0,,15,400000.0,1788024761429,0,400000.0,tx_med,400000.0,305400.0,,,305400.0,ah
1323,music_disc_wait,Music Disc,1,283723.0,191.0,191.0,5500.0,2000000.0,283723.0,191.0,191.0,283723.0,248578.0,38.0,38.0,159750.0,1,1,,,,,,,,,,,,,,,,,,15,159750.0,127546.0,211000.0,60000.0,0,,15,159750.0,1788026294376,0,159750.0,tx_med,159750.0,159750.0,,,159750.0,ah
1324,music_disc_otherside,Music Disc,1,161909.0,439.0,439.0,4900.0,5000000.0,161909.0,439.0,439.0,161909.0,219093.0,73.0,73.0,50000.0,1,9,,,,,,,,,,,,,,,,,,15,100000.0,50000.0,100000.0,7000.0,0,,15,100000.0,1788026448640,0,100000.0,tx_med,100000.0,50000.0,,,50000.0,ah
1325,music_disc_relic,Music Disc,1,2994854.0,74.0,74.0,1000000.0,10000000.0,2994854.0,74.0,74.0,2994854.0,3558823.0,17.0,17.0,2990000.0,1,1,,,,,211000,211000,211000,210000,5,27.1,24,,,,,,,15,3499999.0,3000000.0,3599999.0,2800000.0,0,,15,3499999.0,1788022737464,0,3499999.0,tx_med,3499999.0,2990000.0,211000,finance_jun25,211000,orders
1326,music_disc_5,Music Disc,1,319475.0,200.0,200.0,20000.0,900000.0,319475.0,200.0,200.0,319475.0,178400.0,85.0,85.0,399000.0,1,0,,,,,,,,,,,,,,,,,,15,300000.0,249000.0,449000.0,105000.0,0,,15,300000.0,1788017243052,0,300000.0,tx_med,300000.0,300000.0,,,300000.0,ah
1327,music_disc_pigstep,Music Disc,1,628428.0,563.0,563.0,151000.0,10000000.0,628428.0,563.0,563.0,628428.0,436160.0,109.0,109.0,349220.0,1,5,,,,,51000,51000,52000,43000,13,18.8,51,,,,,,,15,500000.0,450000.0,500000.0,349220.0,0,,15,500000.0,1788026513869,0,500000.0,tx_med,500000.0,349220.0,51000,finance_jun25,51000,orders
1328,music_disc_precipice,Music Disc,1,162293.0,321.0,321.0,3000.0,1000000.0,162293.0,321.0,321.0,162293.0,220929.0,84.0,84.0,100000.0,1,6,,,,,,,,,,,,,,,,,,15,95000.0,30000.0,105000.0,10000.0,0,,15,95000.0,1788026445320,0,95000.0,tx_med,95000.0,95000.0,,,95000.0,ah
1329,music_disc_tears,Music Disc,1,390728.0,330.0,330.0,50000.0,1000000.0,390728.0,330.0,330.0,390728.0,501265.0,82.0,82.0,500000.0,1,6,,,,,,,,,,,,,,,179000.0,3,,15,400000.0,200000.0,500000.0,55000.0,0,,15,400000.0,1788025251412,0,400000.0,tx_med,400000.0,390728.0,,,390728.0,ah
1330,disc_fragment_5,Disc Fragment,64,14130.0,1882.0,217.0,1000.0,100000.0,767684.0,1216.0,19.0,11995.06,10073.0,426.0,43.0,24950.0,2,38,,,,,,,,,,,,,,,,,,15,25000.0,24950.0,49000.0,1000.0,0,,11,40000.0,1788025560786,0,25000.0,tx_med,40000.0,11995.06,,,11995.06,ah
1331,trident,Trident,1,1191520.0,14697.0,14697.0,300000.0,34499999.0,1191520.0,14697.0,14697.0,1191520.0,1277249.0,3809.0,3809.0,1299999.0,1,300,,,,,316000,317000,350000,273000,24,37.3,62,,1300000.0,1,1300000.0,4,,15,1790000.0,1790000.0,1790000.0,1000000.0,0,,15,1790000.0,1788026828297,1,1790000.0,tx_med,1790000.0,1191520.0,316000,finance_jun25,316000,orders
1332,nautilus_shell,Nautilus Shell,64,3938.0,3349.0,338.0,290.0,2000000.0,198216.0,1600.0,25.0,3097.12,6732.0,755.0,74.0,19000.0,1,9,,,,,,,,,,,,,,,,,,15,8333.0,4900.0,18000.0,1020.0,0,,10,14000.0,1788025807638,0,8333.0,tx_med,14000.0,3097.12,,,3097.12,ah
1333,iron_nautilus_armor,Iron Nautilus Armor,1,21585.0,124.0,124.0,2000.0,200000.0,21585.0,124.0,124.0,21585.0,20330.0,40.0,40.0,30000.0,1,0,,,,,,,,,,,,,,,,,,15,10000.0,10000.0,30000.0,5000.0,0,,15,10000.0,1788014708167,0,10000.0,tx_med,10000.0,10000.0,,,10000.0,ah
1334,golden_nautilus_armor,Golden Nautilus Armor,1,47020.0,142.0,142.0,2000.0,1000000.0,47020.0,142.0,142.0,47020.0,54288.0,34.0,34.0,25000.0,1,1,,,,,,,,,,,,,,,,,,15,29000.0,10000.0,35000.0,5000.0,0,,15,29000.0,1788026533495,0,29000.0,tx_med,29000.0,25000.0,,,25000.0,ah
1335,diamond_nautilus_armor,Diamond Nautilus Armor,1,180339.0,137.0,137.0,5000.0,3000000.0,180339.0,137.0,137.0,180339.0,66000.0,23.0,23.0,80000.0,1,6,,,,,,,,,,,,,,,,,,15,70000.0,40000.0,90000.0,12000.0,0,,15,70000.0,1788024285451,0,70000.0,tx_med,70000.0,70000.0,,,70000.0,ah
1336,netherite_nautilus_armor,Netherite Nautilus Armor,1,5238500.0,20.0,20.0,3000000.0,14000000.0,5238500.0,20.0,20.0,5238500.0,6833300.0,3.0,3.0,7000000.0,1,1,,,,,,,,,,,,,,,,,,15,5000000.0,4899999.0,6500000.0,3000000.0,0,,15,5000000.0,1788024622951,0,5000000.0,tx_med,5000000.0,5000000.0,,,5000000.0,ah
1337,copper_nautilus_armor,Copper Nautilus Armor,1,356075.0,254.0,254.0,1000.0,80000000.0,356075.0,254.0,254.0,356075.0,15222.0,45.0,45.0,20000.0,1,6,,,,,,,,,,,,,,,,,,15,10000.0,8000.0,10000.0,1000.0,0,,15,10000.0,1788025224719,0,10000.0,tx_med,10000.0,10000.0,,,10000.0,ah
1338,heart_of_the_sea,Heart of the Sea,64,47651.0,1239.0,454.0,24000.0,200000.0,2638236.0,704.0,11.0,41222.44,68592.0,234.0,141.0,46000.0,1,7,,,,,20100,21000,21000,19000,9,47,68,40000,,,,,,15,48386.0,45000.0,50000.0,40000.0,3,48386.0,12,48000.0,1788026835693,0,48386.0,tx_stack_med,48000.0,41222.44,20100,finance_jun25,20100,orders
1339,crossbow,Crossbow,1,209170.0,3070.0,3070.0,1000.0,10000000.0,209170.0,3070.0,3070.0,209170.0,285570.0,585.0,585.0,5000.0,1,65,,,,,,,,100,4,,,,,,3000.0,12,,15,15000.0,10000.0,25000.0,5000.0,0,,15,15000.0,1788026754878,1,15000.0,tx_med,15000.0,5000.0,,,5000.0,ah
1340,suspicious_stew,Suspicious Stew,1,29112.0,685.0,685.0,1000.0,2000000.0,29112.0,685.0,685.0,29112.0,19799.0,105.0,105.0,43000.0,1,16,,,,,,,,,,,,,,,,,,15,26000.0,10000.0,30000.0,6000.0,0,,15,26000.0,1788025929150,0,26000.0,tx_med,26000.0,26000.0,,,26000.0,ah
1341,loom,Loom,64,12163.0,11117.0,900.0,1250.0,800000.0,509152.0,9536.0,149.0,7955.5,20970.0,2394.0,254.0,79000.0,1,137,,,,,,,,,,,,,,,,,,15,55000.0,50000.0,68999.0,3000.0,2,6615.0,13,55000.0,1788025555097,0,55000.0,tx_med,55000.0,7955.5,,,7955.5,ah
1342,flower_banner_pattern,Flower Charge Banner Pattern,1,343894.0,180.0,180.0,3000.0,2000000.0,343894.0,180.0,180.0,343894.0,222936.0,47.0,47.0,50000.0,1,7,,,,,,,,,,,,,,,,,,15,50000.0,10000.0,150000.0,10000.0,0,,15,50000.0,1788026308406,0,50000.0,tx_med,50000.0,50000.0,,,50000.0,ah
1343,creeper_banner_pattern,Creeper Charge Banner Pattern,1,912884.0,91.0,91.0,100000.0,4000000.0,912884.0,91.0,91.0,912884.0,397354.0,28.0,28.0,249000.0,1,1,,,,,,,,,,,,,,,,,,15,249000.0,249000.0,249000.0,230000.0,0,,15,249000.0,1788025949844,0,249000.0,tx_med,249000.0,249000.0,,,249000.0,ah
1344,skull_banner_pattern,Skull Charge Banner Pattern,1,306896.0,135.0,135.0,10000.0,800000.0,306896.0,135.0,135.0,306896.0,1032848.0,17.0,17.0,600000.0,1,1,,,,,,,,,,,,,,,,,,15,500000.0,320000.0,1800000.0,194339.0,0,,15,500000.0,1788024033311,0,500000.0,tx_med,500000.0,306896.0,,,306896.0,ah
1345,mojang_banner_pattern,Thing Banner Pattern,1,2291000.0,37.0,37.0,500000.0,3790000.0,2291000.0,37.0,37.0,2291000.0,1557143.0,14.0,14.0,2000000.0,1,2,,,,,,,,,,,,,,,,,,15,1590000.0,1590000.0,1590000.0,1100000.0,0,,15,1590000.0,1788024458604,0,1590000.0,tx_med,1590000.0,1590000.0,,,1590000.0,ah
1346,globe_banner_pattern,Globe Banner Pattern,1,95170.0,106.0,106.0,5000.0,298000.0,95170.0,106.0,106.0,95170.0,83542.0,33.0,33.0,200000.0,1,3,,,,,,,,,,,,,,,,,,15,90000.0,40000.0,199999.0,30000.0,0,,15,90000.0,1788024051294,0,90000.0,tx_med,90000.0,90000.0,,,90000.0,ah
1347,piglin_banner_pattern,Snout Banner Pattern,1,1018373.0,182.0,182.0,58297.0,2600000.0,1018373.0,182.0,182.0,1018373.0,832998.0,25.0,25.0,400000.0,1,1,,,,,62000,65000,67000,65000,6,8.9,8,,,,,,,15,899000.0,899000.0,999000.0,242050.0,0,,15,899000.0,1788022921338,0,899000.0,tx_med,899000.0,400000.0,62000,finance_jun25,62000,orders
1348,flow_banner_pattern,Flow Banner Pattern,1,14659.0,403.0,403.0,1000.0,100000.0,14659.0,403.0,403.0,14659.0,15846.0,87.0,87.0,18000.0,1,6,,,,,,,,,,,,,,,,,,15,19000.0,17000.0,30000.0,5000.0,0,,15,19000.0,1788025980495,0,19000.0,tx_med,19000.0,14659.0,,,14659.0,ah
1349,guster_banner_pattern,Guster Banner Pattern,1,45820.0,215.0,215.0,1000.0,999000.0,45820.0,215.0,215.0,45820.0,28295.0,52.0,52.0,20000.0,1,6,,,,,,,,,,,,,,,10000.0,1,,15,19000.0,15000.0,20000.0,5000.0,0,,15,19000.0,1788025980781,0,19000.0,tx_med,19000.0,19000.0,,,19000.0,ah
1350,field_masoned_banner_pattern,Field Masoned Banner Pattern,1,509880.0,50.0,50.0,75000.0,5000000.0,509880.0,50.0,50.0,509880.0,325000.0,10.0,10.0,100000.0,1,2,,,,,,,,,,,,,,,,,,15,400000.0,100000.0,400000.0,10000.0,0,,15,400000.0,1788026200576,0,400000.0,tx_med,400000.0,100000.0,,,100000.0,ah
1351,bordure_indented_banner_pattern,Bordure Indented Banner Pattern,1,198329.0,218.0,218.0,30000.0,2000000.0,198329.0,218.0,218.0,198329.0,173556.0,45.0,45.0,200000.0,1,3,,,,,,,,,,,,,,,,,,15,100000.0,99000.0,140000.0,25000.0,0,,15,100000.0,1788023983299,0,100000.0,tx_med,100000.0,100000.0,,,100000.0,ah
1352,goat_horn,Goat Horn,1,392407.0,897.0,897.0,3000.0,5000000.0,392407.0,897.0,897.0,392407.0,348817.0,232.0,232.0,300000.0,1,11,,,,,701,701,2000,1000,16,28.1,44,,,,,,,15,200000.0,200000.0,355000.0,106858.0,0,,15,200000.0,1788025506808,0,200000.0,tx_med,200000.0,200000.0,701,finance_jun25,701,orders
1353,composter,Composter,64,1984.0,97830.0,4192.0,159.0,2000000.0,76413.0,84096.0,1314.0,1193.95,1343.0,25522.0,1238.0,6250.0,4,1858,,,,,,,,,,,,,,,,,,15,6250.0,6250.0,20000.0,469.0,0,,4,22000.0,1788026274871,0,6250.0,tx_med,22000.0,1193.95,,,1193.95,ah
1354,barrel,Barrel,64,7182.0,170346.0,6782.0,61.01,3906250.0,481672.0,143424.0,2241.0,7526.12,12469.0,46765.0,1798.0,15000.0,1,2519,,,,,13,31,31,10,13,74.3,85,,,,,,,15,30000.0,15000.0,30000.0,1563.0,3,3906.0,12,30000.0,1788026520027,0,3906.0,tx_stack_med,30000.0,3906.0,13,finance_jun25,13,orders
1355,smoker,Smoker,64,1534.0,186957.0,3841.0,89.01,300000.0,88375.0,170176.0,2659.0,1380.86,1536.0,42989.0,1021.0,90000.0,1,2738,,,,,1,1,1,1,6,66.1,80,,,,,,,15,2266.0,2188.0,4516.0,2078.0,10,2266.0,2,80000.0,1788026521097,0,2266.0,tx_stack_med,1534.0,1380.86,1,finance_jun25,1,orders
1356,blast_furnace,Blast Furnace,64,8799.0,41752.0,3495.0,1400.0,350000.0,341646.0,32960.0,515.0,5338.22,7226.0,9657.0,707.0,38000.0,1,624,,,,,210,210,210,200,5,90,94,,,,,,,15,30000.0,25000.0,38000.0,5703.0,3,5703.0,12,35000.0,1788026731429,0,5703.0,tx_stack_med,35000.0,5338.22,210,finance_jun25,210,orders
1357,cartography_table,Cartography Table,64,22834.0,4830.0,1274.0,1000.0,5000000.0,510057.0,2240.0,35.0,7969.64,33183.0,626.0,277.0,29000.0,1,30,,,,,42,42,42,35,3,87.4,92,,,,,,,15,20000.0,20000.0,29000.0,5667.0,0,,14,22500.0,1788026497249,0,20000.0,tx_med,22500.0,7969.64,42,finance_jun25,42,orders
1358,fletching_table,Fletching Table,64,8175.0,26306.0,1534.0,1563.0,3700000.0,337404.0,23232.0,363.0,5271.94,33917.0,4152.0,333.0,40000.0,1,451,,,,,,,,,,,,,,,,,,15,35000.0,35000.0,40000.0,7955.0,0,,14,37500.0,1788026176227,0,35000.0,tx_med,37500.0,5271.94,,,5271.94,ah
1359,grindstone,Grindstone,64,13974.0,12618.0,2127.0,345.0,440000.0,495859.0,9536.0,149.0,7747.8,8048.0,4525.0,545.0,45000.0,1,212,,,,,,,,40,3,,,,,,,,,15,45000.0,37500.0,60000.0,6667.0,0,,11,45000.0,1788026711442,0,45000.0,tx_med,45000.0,7747.8,,,7747.8,ah
1360,smithing_table,Smithing Table,64,15834.0,18122.0,3460.0,1563.0,1000000.0,463297.0,12928.0,202.0,7239.02,41698.0,3930.0,998.0,25000.0,1,58,,,,,,,,,,,,,,,,,,15,25000.0,25000.0,34900.0,25000.0,0,,15,25000.0,1788026413943,0,25000.0,tx_med,25000.0,7239.02,,,7239.02,ah
1361,stonecutter,Stonecutter,64,10705.0,12955.0,2217.0,625.0,1000000.0,187355.0,9728.0,152.0,2927.42,6390.0,4817.0,658.0,2015.62,64,165,,,,,1.1,1.1,10,1.2,5,77.2,86,,,,,,,15,40000.0,2031.0,49900.0,2016.0,4,2031.0,11,40000.0,1788026821998,0,2031.0,tx_stack_med,40000.0,2015.62,1.1,finance_jun25,1.1,orders
1362,bell,Bell,64,57742.0,3839.0,642.0,2273.0,1000000.0,2404633.0,2560.0,40.0,37572.39,40598.0,689.0,115.0,79999.0,1,3,,,,,3000,3100,3100,1800,10,77.8,87,20000,,,,,,15,70000.0,49999.0,124000.0,25000.0,0,,12,80000.0,1788026759006,0,70000.0,tx_med,80000.0,37572.39,3000,finance_jun25,3000,orders
1363,lantern,Lantern,64,5232.0,87367.0,4204.0,703.0,300000.0,250479.0,71424.0,1116.0,3913.73,4402.0,19374.0,1011.0,2343.75,64,2123,,,,,,,,,,,,,,,,,,15,15000.0,2344.0,49500.0,2344.0,5,2344.0,2,20000.0,1788026277077,0,2344.0,tx_stack_med,5232.0,2343.75,,,2343.75,ah
1364,soul_lantern,Soul Lantern,64,8210.0,43698.0,2362.0,317.0,1000000.0,364453.0,34176.0,534.0,5694.58,9961.0,7870.0,439.0,3125.0,64,1018,,,,,250,250,2000,253,7,62,77,,,,,,,15,3125.0,3109.0,50000.0,3016.0,7,3109.0,5,50000.0,1788026036194,0,3109.0,tx_stack_med,50000.0,3109.0,250,finance_jun25,250,orders
1365,copper_lantern,Copper Lantern,64,8160.0,7135.0,194.0,1538.0,1000000.0,376879.0,3328.0,52.0,5888.73,8221.0,1768.0,44.0,7812.5,32,32,,,,,,,,,,,,,,,,,,15,6250.0,6250.0,7031.0,556.0,5,7031.0,2,45000.0,1788025495367,0,7031.0,tx_stack_med,8160.0,5888.73,,,5888.73,ah
1366,exposed_copper_lantern,Exposed Copper Lantern,64,14286.0,35.0,3.0,9375.0,100000.0,0.0,0.0,0.0,,283333.0,3.0,3.0,400000.0,1,0,,,,,,,,,,,,,,,,,,15,100000.0,50000.0,400000.0,5000.0,0,,12,249500.0,1787981239553,0,100000.0,tx_med,249500.0,100000.0,,,100000.0,ah
1367,weathered_copper_lantern,Weathered Copper Lantern,64,189111.0,63.0,8.0,25000.0,499000.0,0.0,0.0,0.0,,106250.0,32.0,1.0,106250.0,32,0,,,,,,,,,,,,,,,,,,15,200000.0,180000.0,200000.0,25000.0,0,,11,200000.0,1787981304730,0,200000.0,tx_med,200000.0,106250.0,,,106250.0,ah
1368,oxidized_copper_lantern,Oxidized Copper Lantern,64,48153.0,1246.0,126.0,16949.0,699000.0,1994682.0,960.0,15.0,31166.91,70705.0,167.0,18.0,78074.0,1,4,,,,,,,,,,,,,,,,,,15,78074.0,66667.0,200000.0,66615.0,0,,12,78037.0,1788024876632,0,78074.0,tx_med,78037.0,31166.91,,,31166.91,ah
1369,waxed_copper_lantern,Waxed Copper Lantern,64,67352.0,1167.0,84.0,1246.0,899999.0,4789979.0,768.0,12.0,74843.42,23121.0,128.0,2.0,2513.0,1,0,,,,,,,,,,,,,,,,,,15,31250.0,2492.0,69999.0,1264.0,2,23121.0,7,69999.0,1788021117997,0,31250.0,tx_med,69999.0,2513.0,,,2513.0,ah
1370,waxed_exposed_copper_lantern,Waxed Exposed Copper Lantern,64,278125.0,64.0,11.0,75000.0,1600000.0,0.0,0.0,0.0,,463750.0,8.0,7.0,6900000.0,1,1,,,,,,,,,,,,,,,,,,15,195652.0,185000.0,1300000.0,185000.0,0,,12,185000.0,1788025608055,0,195652.0,tx_med,185000.0,195652.0,,,195652.0,ah
1371,waxed_weathered_copper_lantern,Waxed Weathered Copper Lantern,64,1593869.0,84.0,30.0,312500.0,12857142.0,0.0,0.0,0.0,,321307.0,21.0,16.0,250000.0,1,0,,,,,,,,,,,,,,,,,,15,250000.0,200000.0,500000.0,150000.0,0,,13,250000.0,1788020208828,0,250000.0,tx_med,250000.0,250000.0,,,250000.0,ah
1372,waxed_oxidized_copper_lantern,Waxed Oxidized Copper Lantern,64,96748.0,416.0,52.0,6667.0,999999.0,4600000.0,128.0,2.0,71875.0,64182.0,234.0,15.0,78125.0,64,64,,,,,,,,,,,,,,,,,,15,185000.0,78125.0,185000.0,10578.0,4,78125.0,9,185000.0,1788025164464,0,78125.0,tx_stack_med,185000.0,78125.0,,,78125.0,ah
1373,sweet_berries,Sweet Berries,64,189.0,381030.0,6378.0,25.0,50000.0,11329.0,364352.0,5693.0,177.02,165.0,131931.0,2178.0,234.38,64,13174,,,,,23.9,23.9,23.94,23.9,6,92.2,95,468.75,,,,,,15,313.0,234.0,556.0,156.0,14,273.0,0,,1788026743147,0,273.0,tx_stack_med,189.0,177.02,23.9,finance_jun25,23.9,orders
1374,glow_berries,Glow Berries,64,1544.0,52500.0,971.0,45.45,1000000.0,81281.0,49792.0,778.0,1270.02,3619.0,8452.0,169.0,1546.88,64,589,,,,,,,,,,,,,,,5555.6,3,,15,1667.0,1547.0,3333.0,1509.0,8,1555.0,0,,1788026775841,0,1555.0,tx_stack_med,1544.0,1270.02,,,1270.02,ah
1375,campfire,Campfire,64,8256.0,29423.0,2082.0,862.0,190000.0,326263.0,25088.0,392.0,5097.86,17770.0,3791.0,567.0,30000.0,3,306,,,,,750,750,750,500,3,66.3,80,,,,,,,15,40000.0,30000.0,99000.0,8542.0,3,8594.0,9,99000.0,1788025953818,0,8594.0,tx_stack_med,99000.0,5097.86,750,finance_jun25,750,orders
1376,soul_campfire,Soul Campfire,64,14385.0,15040.0,1626.0,1094.0,400000.0,508992.0,11904.0,186.0,7953.0,12583.0,3370.0,309.0,100000.0,1,131,,,,,,,,,,,,,,,,,,15,75000.0,23810.0,83900.0,11864.0,2,14063.0,11,80000.0,1788026635775,0,75000.0,tx_med,80000.0,7953.0,,,7953.0,ah
1377,shroomlight,Shroomlight,64,1642.0,93015.0,1958.0,13.01,99000.0,92203.0,88256.0,1379.0,1440.67,1603.0,17685.0,347.0,1562.5,64,1259,,,,,2100,2100,2100,2000,5,90.7,94,29900,,,20000.0,1,,15,1563.0,781.0,1563.0,16.02,12,1172.0,3,37000.0,1788026303022,0,1172.0,tx_stack_med,37000.0,1172.0,2100,finance_jun25,1172.0,ah
1378,honeycomb,Honeycomb,64,1606.0,104145.0,1877.0,164.0,66667.0,96842.0,97536.0,1524.0,1513.16,1410.0,25459.0,466.0,1546.88,64,724,,,,,100,100,100,60,4,94.9,97,937.5,,,3030.3,1,,15,1724.0,1547.0,20000.0,1339.0,6,1555.0,7,20000.0,1788026835989,0,1555.0,tx_stack_med,20000.0,1513.16,100,finance_jun25,100,orders
1379,bee_nest,Bee Nest,64,244123.0,1571.0,1341.0,2500.0,1000000.0,49499999.0,128.0,2.0,773437.48,159743.0,308.0,303.0,100000.0,1,45,,,,,15000,15000,15000,10000,7,21.9,53,80000,,,,,,15,100000.0,100000.0,100000.0,80000.0,0,,15,100000.0,1788026286172,0,100000.0,tx_med,100000.0,100000.0,15000,finance_jun25,15000,orders
1380,beehive,Beehive,64,11533.0,42077.0,1647.0,1102.0,1000000.0,401405.0,39360.0,615.0,6271.95,14737.0,8783.0,406.0,5468.75,64,488,,,,,,,,,,,,,,,,,,15,5469.0,5469.0,350000.0,3125.0,8,5469.0,6,350000.0,1788026801246,0,5469.0,tx_stack_med,350000.0,5468.75,,,5468.75,ah
1381,honey_bottle,Honey Bottle,16,10653.0,2125.0,364.0,1000.0,900000.0,110023.0,1392.0,87.0,6876.44,10202.0,531.0,116.0,10000.0,1,15,,,,,375,375,375,305,6,79.1,87,,,,,,,15,10000.0,4444.0,15000.0,1667.0,0,,6,15000.0,1788026616817,0,10000.0,tx_med,15000.0,6876.44,375,finance_jun25,375,orders
1382,honeycomb_block,Honeycomb Block,64,5251.0,8114.0,302.0,391.0,200000.0,261293.0,6912.0,108.0,4082.7,2651.0,1617.0,35.0,1875.0,16,210,,,,,,,,,,,,,,,,,,15,2956.0,1953.0,3125.0,1111.0,10,3125.0,1,3000.0,1788024946780,0,3125.0,tx_stack_med,5251.0,1875.0,,,1875.0,ah
1383,lodestone,Lodestone,64,9156.0,39160.0,1510.0,1563.0,500000.0,518048.0,36160.0,565.0,8094.5,13335.0,10372.0,401.0,14062.5,64,199,,,,,,,,851,3,,,20000,,,,,,15,70000.0,14063.0,245000.0,14063.0,4,14063.0,10,145000.0,1788026713871,0,14063.0,tx_stack_med,145000.0,8094.5,,,8094.5,ah
1384,crying_obsidian,Crying Obsidian,64,8569.0,85871.0,2526.0,2100.0,781250.0,527862.0,70080.0,1095.0,8247.84,4821.0,23595.0,691.0,5468.75,64,2792,,,,,201,201,281,250,14,54.4,73,1162.79,,,9900.0,8,,15,5469.0,4375.0,11250.0,4219.0,7,4375.0,0,,1788026465779,0,4375.0,tx_stack_med,8569.0,4375.0,201,finance_jun25,201,orders
1385,blackstone,Blackstone,64,1463.0,351546.0,5850.0,688.0,68900.0,91081.0,337792.0,5278.0,1423.14,1530.0,91707.0,1580.0,3125.0,64,7699,200000,850,1400,1788026742,,,,,,,,,,,,,,15,3125.0,3125.0,3125.0,3125.0,15,3125.0,0,,1788026833859,0,3125.0,tx_stack_med,1463.0,1423.14,850,lootseller,850,orders
1386,blackstone_slab,Blackstone Slab,64,4449.0,41663.0,666.0,700.0,62500.0,286076.0,39936.0,624.0,4469.94,3826.0,9262.0,157.0,4687.5,64,384,,,,,,,,,,,,,,,,,,15,3906.0,3906.0,4688.0,3906.0,14,3906.0,0,,1788025412514,0,3906.0,tx_stack_med,4449.0,3906.0,,,3906.0,ah
1387,blackstone_stairs,Blackstone Stairs,64,5309.0,46158.0,847.0,781.0,18438.0,331520.0,40960.0,640.0,5180.0,4700.0,11425.0,225.0,3125.0,64,958,,,,,,,,501,3,,,,,,,,,15,3125.0,3125.0,3125.0,3125.0,14,3125.0,0,,1788025497509,0,3125.0,tx_stack_med,5309.0,3125.0,,,3125.0,ah
1388,gilded_blackstone,Gilded Blackstone,64,981463.0,41679.0,3188.0,850000.0,15000000.0,62138139.0,33408.0,522.0,970908.42,1034250.0,13102.0,1288.0,1179999.9,10,1392,,,,,401000,401000,403500,302000,44,33.2,60,,,,,,,15,1250000.0,1180000.0,1800000.0,1140624.0,2,1140624.0,7,1800000.0,1788026851056,0,1250000.0,tx_med,1800000.0,970908.42,401000,finance_jun25,401000,orders
1389,polished_blackstone,Polished Blackstone,64,12133.0,241585.0,3942.0,625.0,35937500.0,795769.0,233536.0,3649.0,12433.89,2175.0,48363.0,782.0,3437.5,64,6928,,,,,312,312,312,200,5,95,97,1291.67,,,,,,15,3125.0,3125.0,3438.0,3125.0,15,3125.0,0,,1788026665373,0,3125.0,tx_stack_med,12133.0,3125.0,312,finance_jun25,312,orders
1390,polished_blackstone_slab,Polished Blackstone Slab,64,5549.0,32364.0,536.0,714.0,400000.0,355345.0,30336.0,474.0,5552.27,4819.0,5821.0,109.0,2187.5,64,512,,,,,,,,,,,,,,,,,,15,1172.0,1079.0,2188.0,1001.0,8,2188.0,0,,1788026737201,0,2188.0,tx_stack_med,5549.0,1172.0,,,1172.0,ah
1391,polished_blackstone_stairs,Polished Blackstone Stairs,64,4244.0,56698.0,1000.0,1786.0,200000.0,254767.0,53632.0,838.0,3980.73,4259.0,12704.0,209.0,11874.94,16,699,,,,,,,,,,,,,,,,,,15,3125.0,3109.0,23367.0,2531.0,13,3125.0,0,,1788026576770,0,3125.0,tx_stack_med,4244.0,3125.0,,,3125.0,ah
1392,chiseled_polished_blackstone,Chiseled Polished Blackstone,64,3924.0,79272.0,1550.0,437.0,156250.0,235253.0,74624.0,1166.0,3675.83,3858.0,17861.0,361.0,6562.5,64,1655,,,,,30,30,100,30,3,9.4,19,,,,,,,15,7031.0,7031.0,30000.0,2609.0,9,7031.0,5,40000.0,1788026612222,0,7031.0,tx_stack_med,40000.0,3675.83,30,finance_jun25,30,orders
1393,polished_blackstone_bricks,Polished Blackstone Bricks,64,2247.0,286112.0,4832.0,667.0,192308.0,138918.0,269952.0,4218.0,2170.59,1992.0,80523.0,1357.0,3078.12,64,7198,,,,,215,320,320,100,24,76,86,937.5,,,,,,15,3078.0,2797.0,3078.0,2797.0,15,3078.0,0,,1788026722055,0,3078.0,tx_stack_med,2247.0,2170.59,215,finance_jun25,215,orders
1394,polished_blackstone_brick_slab,Polished Blackstone Brick Slab,64,5141.0,26892.0,436.0,1000.0,78125.0,328641.0,25408.0,397.0,5135.02,8306.0,5532.0,89.0,6046.88,64,830,,,,,,,,,,,,,,,,,,15,1563.0,1563.0,6047.0,1290.0,14,1563.0,0,,1788025759396,0,1563.0,tx_stack_med,5141.0,1563.0,,,1563.0,ah
1395,polished_blackstone_brick_stairs,Polished Blackstone Brick Stairs,64,6203.0,48493.0,876.0,600.0,200000.0,375144.0,45120.0,705.0,5861.62,8764.0,9968.0,199.0,4218.75,64,473,,,,,,,,,,,,,,,,,,15,5469.0,4219.0,38750.0,444.0,9,5469.0,0,,1788026260224,0,5469.0,tx_stack_med,6203.0,4218.75,,,4218.75,ah
1396,cracked_polished_blackstone_bricks,Cracked Polished Blackstone Bricks,64,4057.0,122427.0,1991.0,1000.0,16666667.0,230233.0,118336.0,1849.0,3597.39,3035.0,32679.0,526.0,4444.44,63,1214,,,,,376,376,400,376,5,95.7,97,5000,,,,,,15,4444.0,3855.0,6250.0,3125.0,13,3906.0,0,,1788026805673,0,3906.0,tx_stack_med,4057.0,3597.39,376,finance_jun25,376,orders
1397,respawn_anchor,Respawn Anchor,64,30464.0,164388.0,5522.0,8400.0,250000.0,1841895.0,132416.0,2069.0,28779.61,23330.0,92640.0,2299.0,29000.0,1,17879,25900,17700,24100,1788026742,777.7,872,1000,700,15,74.2,85,7500,30000.0,1,29000.0,36,,15,21875.0,21873.0,34900.0,21719.0,8,21873.0,0,,1788026852679,0,21873.0,tx_stack_med,30464.0,21873.0,17700,lootseller,17700,orders
1398,candle,Candle,64,4934.0,29622.0,836.0,357.0,100000.0,265650.0,24832.0,388.0,4150.78,4920.0,9261.0,286.0,1093.75,64,1191,,,,,100,140,145,50,32,26.8,56,1000,,,10250.0,4,,15,1094.0,1094.0,1406.0,1094.0,13,1094.0,2,30000.0,1788026592244,0,1094.0,tx_stack_med,4934.0,1093.75,100,finance_jun25,100,orders
1399,white_candle,White Candle,64,7579.0,28616.0,777.0,333.0,160000.0,415470.0,25984.0,406.0,6491.72,6765.0,6923.0,141.0,1093.75,64,64,,,,,80,80,80,54,5,54.9,73,,,,,,,15,4688.0,4688.0,5922.0,1094.0,14,4688.0,1,130000.0,1788025783002,0,4688.0,tx_stack_med,7579.0,1093.75,80,finance_jun25,80,orders
1400,orange_candle,Orange Candle,64,28116.0,2008.0,66.0,3571.0,1000000.0,1830090.0,1664.0,26.0,28595.16,15185.0,567.0,9.0,12500.0,64,0,,,,,,,,,,,,,,,,,,15,15594.0,12698.0,31250.0,7000.0,10,15594.0,0,,1788019648379,0,15594.0,tx_stack_med,28116.0,12500.0,,,12500.0,ah
1401,magenta_candle,Magenta Candle,64,22217.0,1277.0,53.0,4688.0,250000.0,1341000.0,1088.0,17.0,20953.12,10401.0,533.0,14.0,15593.75,64,0,,,,,,,,,,,,,,,,,,15,14063.0,12500.0,20000.0,263.0,9,12500.0,3,20000.0,1788018530847,0,12500.0,tx_stack_med,20000.0,12500.0,,,12500.0,ah
1402,light_blue_candle,Light Blue Candle,64,20807.0,1858.0,83.0,1639.0,400000.0,1122973.0,1408.0,22.0,17546.45,16397.0,453.0,9.0,15625.0,64,0,,,,,,,,,,,,,,,,,,15,15625.0,14063.0,21875.0,4688.0,11,15469.0,0,,1788008181324,0,15469.0,tx_stack_med,20807.0,15469.0,,,15469.0,ah
1403,yellow_candle,Yellow Candle,64,14325.0,3281.0,101.0,781.0,450000.0,653365.0,2880.0,45.0,10208.83,11239.0,476.0,19.0,3333.33,3,8,,,,,,,,,,,,,,,,,,15,100000.0,6611.0,299000.0,2857.0,1,6611.0,10,100000.0,1788024989006,0,100000.0,tx_med,100000.0,3333.33,,,3333.33,ah
1404,lime_candle,Lime Candle,64,14488.0,4855.0,119.0,1563.0,100000.0,890949.0,4544.0,71.0,13921.08,15189.0,652.0,17.0,13281.25,64,254,,,,,,,,,,,,,,,,,,15,14047.0,13281.0,99999.0,12610.0,8,13281.0,6,99999.0,1788025727070,0,13281.0,tx_stack_med,99999.0,13281.0,,,13281.0,ah
1405,pink_candle,Pink Candle,64,6429.0,7187.0,133.0,1563.0,80000.0,412709.0,6592.0,103.0,6448.58,23112.0,876.0,15.0,6250.0,16,0,,,,,,,,,,,,,,,,,,15,13875.0,2813.0,15625.0,2813.0,13,14063.0,0,,1788007069111,0,14063.0,tx_stack_med,6429.0,6250.0,,,6250.0,ah
1406,gray_candle,Gray Candle,64,21157.0,1470.0,40.0,4688.0,350000.0,1089474.0,1216.0,19.0,17023.03,12478.0,389.0,8.0,14046.88,64,64,,,,,,,,,,,,,,,,,,15,14063.0,12500.0,399000.0,1563.0,9,12500.0,4,399000.0,1788025438752,0,12500.0,tx_stack_med,399000.0,12500.0,,,12500.0,ah
1407,light_gray_candle,Light Gray Candle,64,105011.0,1305.0,43.0,6140.0,11000001.0,1111389.0,1152.0,18.0,17365.45,16494.0,406.0,8.0,38461.54,26,70,,,,,,,,,,,,,,,,,,15,14063.0,4706.0,18750.0,1724.0,8,14063.0,0,,1788022906357,0,14063.0,tx_stack_med,105011.0,14063.0,,,14063.0,ah
1408,cyan_candle,Cyan Candle,64,12646.0,7580.0,160.0,1429.0,590000.0,659404.0,6592.0,103.0,10303.19,35397.0,520.0,20.0,15522.0,64,128,,,,,61,61,700,61,3,11.5,28,,,,,,,15,23438.0,15522.0,95000.0,1094.0,8,19480.0,4,95000.0,1788025509353,0,19480.0,tx_stack_med,95000.0,10303.19,61,finance_jun25,61,orders
1409,purple_candle,Purple Candle,64,9974.0,6559.0,203.0,263.0,1000000.0,560699.0,5632.0,88.0,8760.92,32976.0,944.0,30.0,84000.0,1,8,,,,,,,,90,3,,,,,,,,,15,84000.0,84000.0,84000.0,7031.0,2,7031.0,13,84000.0,1788025533301,0,84000.0,tx_med,84000.0,8760.92,,,8760.92,ah
1410,blue_candle,Blue Candle,64,10117.0,4932.0,121.0,516.0,380000.0,605998.0,4160.0,65.0,9468.72,14674.0,794.0,26.0,1093.75,64,208,,,,,210,211,211,210,3,99.6,100,2857.14,,,,,,15,9375.0,6250.0,10938.0,1094.0,8,10156.0,3,9324.0,1788026518550,0,10156.0,tx_stack_med,9324.0,1093.75,210,finance_jun25,210,orders
1411,brown_candle,Brown Candle,64,19917.0,2957.0,71.0,1750.0,450000.0,1208108.0,2560.0,40.0,18876.69,17846.0,610.0,17.0,15625.0,64,64,,,,,,,,100,3,,,,,,,,,15,15625.0,10000.0,450000.0,5475.0,6,15609.0,7,450000.0,1788023368679,0,15609.0,tx_stack_med,450000.0,15609.0,,,15609.0,ah
1412,green_candle,Green Candle,64,14275.0,5465.0,135.0,4918.0,1000000.0,799301.0,4992.0,78.0,12489.08,6835.0,2006.0,38.0,15625.0,64,64,,,,,,,,,,,,,,,,,,15,18750.0,13281.0,18750.0,3509.0,6,14844.0,2,24899.0,1788025646750,0,14844.0,tx_stack_med,14275.0,12489.08,,,12489.08,ah
1413,red_candle,Red Candle,64,4603.0,26247.0,705.0,500.0,1000000.0,220122.0,24320.0,380.0,3439.41,3640.0,4913.0,152.0,2968.7,64,401,,,,,,,,55,6,,,,,,12714.3,3,,15,10000.0,1250.0,35000.0,1094.0,7,1250.0,2,40000.0,1788026304232,0,1250.0,tx_stack_med,4603.0,1250.0,,,1250.0,ah
1414,black_candle,Black Candle,64,11348.0,15978.0,406.0,1563.0,420000.0,653096.0,14336.0,224.0,10204.62,15641.0,1774.0,49.0,7812.5,64,128,,,,,650,650,650,129,18,86.4,92,,,,,,,15,7813.0,7813.0,14047.0,2703.0,8,7813.0,2,160000.0,1788026577480,0,7813.0,tx_stack_med,11348.0,7812.5,650,finance_jun25,650,orders
1415,small_amethyst_bud,Small Amethyst Bud,64,24461.0,1629.0,398.0,645.0,200000.0,1214143.0,448.0,7.0,18970.98,25384.0,574.0,109.0,30000.0,1,2,,,,,,,,,,,,,,,,,,15,60000.0,30000.0,75000.0,20000.0,0,,12,60000.0,1788024377715,0,60000.0,tx_med,60000.0,18970.98,,,18970.98,ah
1416,medium_amethyst_bud,Medium Amethyst Bud,64,40470.0,2962.0,649.0,2000.0,699000.0,1396724.0,1856.0,29.0,21823.81,114858.0,310.0,205.0,71428.57,7,21,,,,,250,250,290,250,4,61.5,77,10000,,,,,,15,100000.0,71429.0,200000.0,43699.0,0,,12,100000.0,1788024891687,0,100000.0,tx_med,100000.0,21823.81,250,finance_jun25,250,orders
1417,large_amethyst_bud,Large Amethyst Bud,64,31179.0,2977.0,294.0,1250.0,599000.0,1394429.0,2112.0,33.0,21787.95,38581.0,462.0,74.0,80000.0,1,20,,,,,,,,,,,,,,,,,,15,40000.0,20000.0,65000.0,8000.0,2,30326.0,10,57500.0,1788025309730,0,40000.0,tx_med,57500.0,21787.95,,,21787.95,ah
1418,amethyst_cluster,Amethyst Cluster,64,7949.0,35875.0,2287.0,318.0,130000.0,375981.0,26112.0,408.0,5874.7,8379.0,6632.0,445.0,20000.0,39,792,,,,,450,450,450,270,9,95.8,98,12500,,,,,,15,18000.0,6234.0,25000.0,4672.0,6,6234.0,6,25000.0,1788026698891,0,6234.0,tx_stack_med,25000.0,5874.7,450,finance_jun25,450,orders
1419,pointed_dripstone,Pointed Dripstone,64,2335.0,137534.0,4222.0,54.68,500000.0,118051.0,116352.0,1818.0,1844.55,2313.0,33259.0,887.0,15000.0,2,2588,,,,,,,,,,,,,,,,,,15,3333.0,938.0,10000.0,922.0,5,938.0,3,20000.0,1788026719849,0,938.0,tx_stack_med,20000.0,938.0,,,938.0,ah
1420,ochre_froglight,Ochre Froglight,64,3462.0,97728.0,2004.0,72.01,1000000.0,190223.0,91328.0,1427.0,2972.23,3970.0,22584.0,468.0,30000.0,1,1579,,,,,340,340,340,250.1,9,60,76,781.25,,,,,,15,30000.0,3094.0,30000.0,3016.0,4,3055.0,10,30000.0,1788026012594,0,3055.0,tx_stack_med,30000.0,2972.23,340,finance_jun25,340,orders
1421,verdant_froglight,Verdant Froglight,64,5872.0,64505.0,1627.0,253.0,281250.0,340977.0,60096.0,939.0,5327.77,3384.0,16358.0,367.0,1562.5,64,2569,,,,,101,101,101,100,5,54,72,1250,,,,,,15,1563.0,1563.0,1563.0,1563.0,15,1563.0,0,,1788026483521,0,1563.0,tx_stack_med,5872.0,1562.5,101,finance_jun25,101,orders
1422,pearlescent_froglight,Pearlescent Froglight,64,2370.0,106502.0,2502.0,201.0,120000.0,135574.0,95040.0,1485.0,2118.34,1339.0,28783.0,838.0,1000.0,1,3155,,,,,,,,,,,,,,,,,,15,1359.0,1202.0,1547.0,1000.0,10,1359.0,3,1190.0,1788025478496,0,1359.0,tx_stack_med,1190.0,1000.0,,,1000.0,ah
1423,frogspawn,Frogspawn,64,0.0,0.0,0.0,0.0,0.0,0.0,0.0,0.0,,0.0,0.0,0.0,,,,,,,,,,,,,,,,,,,,,,,,,,,,,,,0,,,,,,,,
1424,echo_shard,Echo Shard,64,11188.0,7175.0,351.0,1457.0,300000.0,509381.0,5632.0,88.0,7959.08,34041.0,497.0,73.0,15000.0,1,139,,,,,2000,2000,2000,2000,4,25.3,43,35000,,,,,,15,15000.0,10000.0,31250.0,4051.0,1,4051.0,6,12500.0,1788026639318,0,15000.0,tx_med,12500.0,7959.08,2000,finance_jun25,2000,orders
1425,brush,Brush,1,712033.0,1690.0,1690.0,5000.0,320000000.0,712033.0,1690.0,1690.0,712033.0,124494.0,422.0,422.0,55000.0,1,19,,,,,,,,7,3,,,,,,,,,15,60000.0,59900.0,100000.0,40000.0,0,,15,60000.0,1788024948347,1,60000.0,tx_med,60000.0,55000.0,,,55000.0,ah
1426,netherite_upgrade_smithing_template,Netherite Upgrade,64,47221.0,15842.0,4147.0,16667.0,1400000.0,2450231.0,8320.0,130.0,38284.86,58816.0,4020.0,1155.0,48000.0,1,158,,,,,9100,10000,11000,9000,18,54.8,73,45000,,,,,,15,49800.0,48000.0,65000.0,40000.0,0,,15,49800.0,1788026808556,0,49800.0,tx_med,49800.0,38284.86,9100,finance_jun25,9100,orders
1427,sentry_armor_trim_smithing_template,Sentry Armor Trim,64,90648.0,795.0,291.0,10000.0,2000000.0,3633333.0,384.0,6.0,56770.83,104258.0,197.0,146.0,90000.0,1,0,,,,,2500,2500,3500,3000,3,21.6,53,100000,,,,,,15,99000.0,89000.0,125000.0,70000.0,0,,14,94500.0,1788021820349,0,99000.0,tx_med,94500.0,56770.83,2500,finance_jun25,2500,orders
1428,dune_armor_trim_smithing_template,Dune Armor Trim,64,157634.0,1456.0,1077.0,50000.0,960000.0,7400000.0,128.0,2.0,115625.0,169099.0,223.0,220.0,100000.0,1,5,,,,,2600,2600,2600,2500,4,13.8,29,,,,,,,15,140000.0,100000.0,150000.0,25000.0,0,,12,140000.0,1788026727147,0,140000.0,tx_med,140000.0,100000.0,2600,finance_jun25,2600,orders
1429,coast_armor_trim_smithing_template,Coast Armor Trim,64,45452.0,5100.0,1144.0,3000.0,500000.0,2250000.0,3456.0,54.0,35156.25,53839.0,497.0,155.0,94000.0,1,13,,,,,,,,,,,,,,,,,,15,90000.0,89000.0,98000.0,62500.0,1,62500.0,13,90000.0,1788026706402,0,90000.0,tx_med,90000.0,35156.25,,,35156.25,ah
1430,wild_armor_trim_smithing_template,Wild Armor Trim,64,123495.0,901.0,610.0,15000.0,500000.0,4333333.0,192.0,3.0,67708.33,116940.0,189.0,110.0,78125.0,64,70,,,,,8500,8500,8500,8200,5,14.3,49,240000,,,,,,15,95000.0,78125.0,210000.0,70000.0,1,78125.0,14,97000.0,1788026451355,0,95000.0,tx_med,97000.0,78125.0,8500,finance_jun25,8500,orders
1431,ward_armor_trim_smithing_template,Ward Armor Trim,64,71370.0,1323.0,456.0,3900.0,2000000.0,2766667.0,576.0,9.0,43229.17,75578.0,184.0,98.0,190000.0,1,2,,,,,,,,,,,,,,,,,,15,95000.0,95000.0,100000.0,23438.0,1,23438.0,13,95000.0,1788023732618,0,95000.0,tx_med,95000.0,43229.17,,,43229.17,ah
1432,eye_armor_trim_smithing_template,Eye Armor Trim,64,95908.0,3673.0,1478.0,21001.0,800000.0,3917857.0,1792.0,28.0,61216.52,72463.0,1401.0,354.0,84000.0,1,29,,,,,6000,6000,6000,2100,6,47.6,69,100000,,,,,,15,84000.0,84000.0,84000.0,84000.0,0,,15,84000.0,1788025634528,0,84000.0,tx_med,84000.0,61216.52,6000,finance_jun25,6000,orders
1433,vex_armor_trim_smithing_template,Vex Armor Trim,64,195740.0,762.0,656.0,30000.0,30000000.0,5800000.0,64.0,1.0,90625.0,100914.0,293.0,102.0,150000.0,1,2,,,,,,,,5000,3,,,150000,,,,,,15,190000.0,150000.0,245000.0,99000.0,0,,14,194500.0,1788026356835,0,190000.0,tx_med,194500.0,150000.0,,,150000.0,ah
1434,tide_armor_trim_smithing_template,Tide Armor Trim,64,140909.0,1011.0,518.0,25000.0,699000.0,5000000.0,128.0,2.0,78125.0,115212.0,316.0,157.0,189000.0,1,8,,,,,12000,12000,16700,13500,5,58.7,75,100000,,,,,,15,90000.0,82000.0,100000.0,82000.0,0,,15,90000.0,1788026574456,0,90000.0,tx_med,90000.0,90000.0,12000,finance_jun25,12000,orders
1435,snout_armor_trim_smithing_template,Snout Armor Trim,64,146299.0,606.0,412.0,30000.0,500000.0,5800000.0,64.0,1.0,90625.0,139399.0,150.0,112.0,119000.0,1,4,,,,,3000,3000,3000,3000,3,18,51,,,,,,,15,119999.0,119000.0,120000.0,99000.0,0,,15,119999.0,1788024441969,0,119999.0,tx_med,119999.0,119000.0,3000,finance_jun25,3000,orders
1436,rib_armor_trim_smithing_template,Rib Armor Trim,64,117327.0,2364.0,1412.0,30000.0,500000.0,4771429.0,448.0,7.0,74553.58,103134.0,1175.0,452.0,95000.0,1,29,,,,,5000,10000,21000,10000,4,73.3,84,100000,,,,,,15,95000.0,95000.0,97000.0,94000.0,0,,15,95000.0,1788026042373,0,95000.0,tx_med,95000.0,74553.58,5000,finance_jun25,5000,orders
1437,spire_armor_trim_smithing_template,Spire Armor Trim,64,127417.0,621.0,397.0,10000.0,499000.0,3833333.0,192.0,3.0,59895.83,150694.0,192.0,190.0,149000.0,1,1,,,,,,,,,,,,,,,,,,15,90000.0,90000.0,110000.0,80000.0,0,,15,90000.0,1788022714705,0,90000.0,tx_med,90000.0,90000.0,,,90000.0,ah
1438,wayfinder_armor_trim_smithing_template,Wayfinder Armor Trim,64,173407.0,349.0,228.0,10000.0,500000.0,8000000.0,64.0,1.0,125000.0,293599.0,68.0,67.0,230000.0,1,5,,,,,5000,6700,6700,5000,3,13.4,48,100000,,,,,,15,199000.0,170000.0,230000.0,165000.0,0,,15,199000.0,1788026044287,0,199000.0,tx_med,199000.0,199000.0,5000,finance_jun25,5000,orders
1439,shaper_armor_trim_smithing_template,Shaper Armor Trim,64,211718.0,230.0,177.0,24700.0,999990.0,0.0,0.0,0.0,,179136.0,22.0,20.0,170000.0,1,1,,,,,,,,,,,,,,,,,,15,200000.0,170000.0,200000.0,50000.0,0,,14,200000.0,1788022875627,0,200000.0,tx_med,200000.0,170000.0,,,170000.0,ah
1440,silence_armor_trim_smithing_template,Silence Armor Trim,64,56509.0,48805.0,9278.0,23846.0,100000000.0,3040233.0,31808.0,497.0,47503.64,50562.0,10785.0,2463.0,100000.0,1,798,,,,,21000,24000,24150,18000,31,45.5,67,65000,,,,,,15,100000.0,46719.0,160000.0,43750.0,6,46719.0,6,160000.0,1788026680101,0,46719.0,tx_stack_med,160000.0,46719.0,21000,finance_jun25,21000,orders
1441,raiser_armor_trim_smithing_template,Raiser Armor Trim,64,141196.0,422.0,238.0,25000.0,1000000.0,2900000.0,128.0,2.0,45312.5,114092.0,87.0,35.0,210000.0,1,2,,,,,5000,5300,5300,5000,3,9.7,46,200000,,,,,,15,200000.0,99000.0,230000.0,60000.0,0,,15,200000.0,1788024842567,0,200000.0,tx_med,200000.0,200000.0,5000,finance_jun25,5000,orders
1442,host_armor_trim_smithing_template,Host Armor Trim,64,170070.0,281.0,233.0,50000.0,650000.0,0.0,0.0,0.0,,196643.0,28.0,19.0,200000.0,1,1,,,,,,,,,,,,,,,,,,15,200000.0,107000.0,225000.0,50000.0,0,,13,149000.0,1788025850869,0,200000.0,tx_med,149000.0,200000.0,,,200000.0,ah
1443,flow_armor_trim_smithing_template,Flow Armor Trim,64,92712.0,11009.0,2812.0,15001.0,5000000.0,4806117.0,7104.0,111.0,75095.58,109839.0,2314.0,910.0,100000.0,1,132,,,,,22000,37000,37000,26000,10,47.7,69,100000,,,100000.0,4,,15,100000.0,100000.0,100000.0,100000.0,0,,14,100000.0,1788026607967,0,100000.0,tx_med,100000.0,75095.58,22000,finance_jun25,22000,orders
1444,bolt_armor_trim_smithing_template,Bolt Armor Trim,64,76195.0,1855.0,886.0,5000.0,1600000.0,3944444.0,576.0,9.0,61631.94,54959.0,686.0,161.0,31250.0,32,70,,,,,4000,5000,5000,4000,4,34.7,61,120000,,,,,,15,98000.0,31250.0,100000.0,30000.0,0,,9,100000.0,1788026325426,0,98000.0,tx_med,100000.0,31250.0,4000,finance_jun25,4000,orders
1445,angler_pottery_sherd,Angler Pottery Sherd,64,40625.0,8.0,8.0,10000.0,100999.0,0.0,0.0,0.0,,350000.0,1.0,1.0,350000.0,1,0,,,,,,,,,,,,,,,,,,15,40000.0,25000.0,500000.0,7000.0,0,,14,69500.0,1787940848489,0,40000.0,tx_med,69500.0,40000.0,,,40000.0,ah
1446,archer_pottery_sherd,Archer Pottery Sherd,64,270000.0,2.0,2.0,40000.0,500000.0,0.0,0.0,0.0,,0.0,0.0,0.0,40000.0,1,0,,,,,,,,,,,,,,,,,,15,50000.0,21000.0,500000.0,10000.0,0,,13,100000.0,1787754416271,0,50000.0,tx_med,100000.0,40000.0,,,40000.0,ah
1447,arms_up_pottery_sherd,Arms Up Pottery Sherd,64,0.0,0.0,0.0,0.0,0.0,0.0,0.0,0.0,,0.0,0.0,0.0,100000.0,1,0,,,,,,,,,,,,,,,,,,13,500000.0,10000.0,1000000.0,6000.0,0,,12,750000.0,1787441133040,0,500000.0,tx_med,750000.0,100000.0,,,100000.0,ah
1448,blade_pottery_sherd,Blade Pottery Sherd,64,375667.0,12.0,12.0,10000.0,4000000.0,0.0,0.0,0.0,,83333.0,3.0,2.0,100000.0,1,0,,,,,,,,,,,,,,,,,,15,50000.0,20000.0,100000.0,5000.0,0,,13,50000.0,1788007512369,0,50000.0,tx_med,50000.0,50000.0,,,50000.0,ah
1449,brewer_pottery_sherd,Brewer Pottery Sherd,64,960000.0,2.0,2.0,20000.0,1900000.0,0.0,0.0,0.0,,0.0,0.0,0.0,15000.0,1,1,,,,,,,,,,,,,,,,,,12,150000.0,50000.0,1900000.0,15000.0,0,,12,150000.0,1788023122525,0,150000.0,tx_med,150000.0,15000.0,,,15000.0,ah
1450,burn_pottery_sherd,Burn Pottery Sherd,64,80000.0,7.0,7.0,10000.0,250000.0,0.0,0.0,0.0,,0.0,0.0,0.0,900000.0,1,1,,,,,,,,,,,,,,,,,,15,50000.0,50000.0,199999.0,10000.0,0,,15,50000.0,1788025333790,0,50000.0,tx_med,50000.0,50000.0,,,50000.0,ah
1451,danger_pottery_sherd,Danger Pottery Sherd,64,79321.0,7.0,7.0,3250.0,200000.0,0.0,0.0,0.0,,99000.0,1.0,1.0,99000.0,1,0,,,,,,,,,,,,,,,,,,15,99000.0,45000.0,100000.0,3250.0,0,,15,99000.0,1787994421447,0,99000.0,tx_med,99000.0,99000.0,,,99000.0,ah
1452,explorer_pottery_sherd,Explorer Pottery Sherd,64,165357.0,14.0,9.0,5000.0,500000.0,0.0,0.0,0.0,,15000.0,1.0,1.0,15000.0,1,0,,,,,,,,,,,,,,,,,,15,100000.0,20000.0,120000.0,2000.0,0,,12,100000.0,1788007863914,0,100000.0,tx_med,100000.0,15000.0,,,15000.0,ah
1453,flow_pottery_sherd,Flow Pottery Sherd,64,13416.0,1552.0,57.0,3267.0,100000.0,873522.0,1344.0,21.0,13648.78,8745.0,147.0,10.0,40000.0,1,1,,,,,,,,,,,,,,,50000.0,1,,15,12500.0,5000.0,25000.0,1667.0,2,7894.0,6,17500.0,1788023345575,0,12500.0,tx_med,17500.0,12500.0,,,12500.0,ah
1454,friend_pottery_sherd,Friend Pottery Sherd,64,84500.0,6.0,5.0,50000.0,100000.0,0.0,0.0,0.0,,420000.0,5.0,5.0,100000.0,1,0,,,,,,,,,,,,,,,,,,15,100000.0,75000.0,500000.0,50000.0,0,,14,150000.0,1788005973330,0,100000.0,tx_med,150000.0,100000.0,,,100000.0,ah
1455,guster_pottery_sherd,Guster Pottery Sherd,64,18366.0,385.0,58.0,5000.0,115000.0,1000000.0,320.0,5.0,15625.0,14269.0,140.0,13.0,9712.0,1,0,,,,,,,,,,,,,,,,,,15,10000.0,5000.0,14844.0,2000.0,2,14844.0,12,9831.0,1787994419894,0,10000.0,tx_med,9831.0,9712.0,,,9712.0,ah
1456,heart_pottery_sherd,Heart Pottery Sherd,64,157063.0,16.0,10.0,5000.0,1000000.0,0.0,0.0,0.0,,25000.0,1.0,1.0,25000.0,1,0,,,,,,,,,,,,,,,,,,15,75000.0,50000.0,166667.0,5000.0,0,,12,77500.0,1787959887301,0,75000.0,tx_med,77500.0,25000.0,,,25000.0,ah
1457,heartbreak_pottery_sherd,Heartbreak Pottery Sherd,64,61333.0,6.0,6.0,20000.0,100000.0,0.0,0.0,0.0,,60000.0,2.0,2.0,100000.0,1,0,,,,,,,,,,,,,,,,,,15,98000.0,50000.0,100000.0,20000.0,0,,14,89000.0,1788005976947,0,98000.0,tx_med,89000.0,98000.0,,,98000.0,ah
1458,howl_pottery_sherd,Howl Pottery Sherd,64,82500.0,6.0,6.0,30000.0,200000.0,0.0,0.0,0.0,,100000.0,1.0,1.0,100000.0,1,0,,,,,,,,,,,,,,,,,,15,100000.0,50000.0,399000.0,10000.0,0,,15,100000.0,1788005975674,0,100000.0,tx_med,100000.0,100000.0,,,100000.0,ah
1459,miner_pottery_sherd,Miner Pottery Sherd,64,0.0,0.0,0.0,0.0,0.0,0.0,0.0,0.0,,5000.0,1.0,1.0,5000.0,1,0,,,,,,,,,,,,,,,,,,15,200000.0,40000.0,500000.0,5000.0,0,,13,50000.0,1788001152028,0,200000.0,tx_med,50000.0,5000.0,,,5000.0,ah
1460,mourner_pottery_sherd,Mourner Pottery Sherd,64,50000.0,14.0,9.0,10000.0,200000.0,0.0,0.0,0.0,,86264.0,11.0,11.0,10000.0,1,0,,,,,,,,,,,,,,,,,,15,99999.0,40000.0,100000.0,10000.0,0,,14,100000.0,1788017923530,0,99999.0,tx_med,100000.0,10000.0,,,10000.0,ah
1461,plenty_pottery_sherd,Plenty Pottery Sherd,64,41285.0,7.0,7.0,9999.0,99999.0,0.0,0.0,0.0,,0.0,0.0,0.0,190000.0,1,0,,,,,,,,,,,,,,,,,,15,99000.0,20000.0,100000.0,9999.0,0,,15,99000.0,1787920556770,0,99000.0,tx_med,99000.0,99000.0,,,99000.0,ah
1462,prize_pottery_sherd,Prize Pottery Sherd,64,310000.0,2.0,2.0,20000.0,600000.0,0.0,0.0,0.0,,27500.0,4.0,2.0,50000.0,2,0,,,,,,,,,,,,,,,,,,15,50000.0,40000.0,500000.0,1000.0,0,,10,50000.0,1788005971748,0,50000.0,tx_med,50000.0,50000.0,,,50000.0,ah
1463,scrape_pottery_sherd,Scrape Pottery Sherd,64,15790.0,311.0,44.0,3840.0,100000.0,1000000.0,256.0,4.0,15625.0,11879.0,76.0,9.0,10937.5,64,0,,,,,,,,,,,,,,,,,,15,18750.0,8000.0,25000.0,1667.0,1,10938.0,9,20000.0,1788005050928,0,18750.0,tx_med,20000.0,10937.5,,,10937.5,ah
1464,sheaf_pottery_sherd,Sheaf Pottery Sherd,64,81600.0,5.0,5.0,40000.0,200000.0,0.0,0.0,0.0,,200000.0,1.0,1.0,200000.0,1,0,,,,,,,,,,,,,,,,,,15,50000.0,40000.0,199999.0,10000.0,0,,14,50000.0,1788007088723,0,50000.0,tx_med,50000.0,50000.0,,,50000.0,ah
1465,shelter_pottery_sherd,Shelter Pottery Sherd,64,130000.0,10.0,10.0,24999.0,400000.0,0.0,0.0,0.0,,193333.0,3.0,3.0,200000.0,1,0,,,,,,,,,,,,,,,,,,15,180000.0,25000.0,300000.0,24999.0,0,,14,115000.0,1788006471000,0,180000.0,tx_med,115000.0,180000.0,,,180000.0,ah
1466,skull_pottery_sherd,Skull Pottery Sherd,64,269444.0,9.0,8.0,5000.0,1000000.0,0.0,0.0,0.0,,452500.0,2.0,2.0,5000.0,1,0,,,,,,,,,,,,,,,,,,15,200000.0,200000.0,700000.0,5000.0,0,,13,300000.0,1788001494886,0,200000.0,tx_med,300000.0,5000.0,,,5000.0,ah
1467,snort_pottery_sherd,Snort Pottery Sherd,64,35500.0,10.0,10.0,10000.0,50000.0,0.0,0.0,0.0,,50000.0,1.0,1.0,50000.0,1,0,,,,,,,,,,,,,,,,,,15,40000.0,25000.0,50000.0,3000.0,0,,14,35000.0,1787992835116,0,40000.0,tx_med,35000.0,40000.0,,,40000.0,ah
1468,copper_grate,Copper Grate,64,13010.0,6200.0,124.0,1563.0,599000.0,778655.0,5568.0,87.0,12166.48,13269.0,2111.0,41.0,5413.44,64,190,,,,,,,,,,,,,,,,,,15,15625.0,5469.0,400000.0,3226.0,5,5469.0,5,200000.0,1788025255384,0,5469.0,tx_stack_med,200000.0,5413.44,,,5413.44,ah
1469,exposed_copper_grate,Exposed Copper Grate,64,20408.0,49.0,3.0,9375.0,31250.0,0.0,0.0,0.0,,0.0,0.0,0.0,9375.0,16,0,,,,,,,,,,,,,,,,,,15,31250.0,9375.0,200000.0,1250.0,0,,7,122000.0,1787901968628,0,31250.0,tx_med,122000.0,9375.0,,,9375.0,ah
1470,weathered_copper_grate,Weathered Copper Grate,64,30000.0,10.0,1.0,30000.0,30000.0,0.0,0.0,0.0,,18000.0,5.0,1.0,18000.0,5,0,,,,,,,,,,,,,,,,,,15,26667.0,15000.0,150000.0,2500.0,3,15625.0,7,150000.0,1787977249636,0,15625.0,tx_stack_med,150000.0,15625.0,,,15625.0,ah
1471,oxidized_copper_grate,Oxidized Copper Grate,64,71484.0,1174.0,39.0,1250.0,468750.0,5167886.0,960.0,15.0,80748.22,21926.0,207.0,10.0,12500.0,64,0,,,,,,,,,,,,,,,,,,15,25000.0,10000.0,200000.0,7023.0,4,9982.0,6,75000.0,1788018537664,0,9982.0,tx_stack_med,75000.0,9982.0,,,9982.0,ah
1472,waxed_copper_grate,Waxed Copper Grate,64,5703.0,13081.0,264.0,250.0,299000.0,359279.0,11648.0,182.0,5613.73,5940.0,2377.0,54.0,11333.33,45,509,,,,,,,,,,,,,,,5000.0,1,,15,6250.0,3734.0,11333.0,1500.0,7,6250.0,0,,1788025386807,0,6250.0,tx_stack_med,5703.0,5613.73,,,5613.73,ah
1473,waxed_exposed_copper_grate,Waxed Exposed Copper Grate,64,0.0,0.0,0.0,0.0,0.0,0.0,0.0,0.0,,0.0,0.0,0.0,48648.65,37,0,,,,,,,,,,,,,,,,,,15,150000.0,90000.0,150000.0,2000.0,0,,11,150000.0,1787360943195,0,150000.0,tx_med,150000.0,48648.65,,,48648.65,ah
1474,waxed_weathered_copper_grate,Waxed Weathered Copper Grate,64,0.0,0.0,0.0,0.0,0.0,0.0,0.0,0.0,,0.0,0.0,0.0,50000.0,8,0,,,,,,,,,,,,,,,,,,13,618750.0,16667.0,618750.0,7813.0,3,12500.0,3,1000000.0,1787422555059,0,12500.0,tx_stack_med,1000000.0,12500.0,,,12500.0,ah
1475,waxed_oxidized_copper_grate,Waxed Oxidized Copper Grate,64,8275.0,14840.0,278.0,1333.0,499990.0,506508.0,13952.0,218.0,7914.19,10683.0,2533.0,46.0,12140.62,64,384,,,,,,,,,,,,,,,,,,15,12141.0,6834.0,12141.0,6761.0,15,12141.0,0,,1788025462790,0,12141.0,tx_stack_med,8275.0,7914.19,,,7914.19,ah
1476,copper_bulb,Copper Bulb,64,22359.0,55262.0,2415.0,577.0,994999910.0,154372.0,48960.0,765.0,2412.06,3344.0,10664.0,596.0,1953.12,64,2788,,,,,250,250,300,250,3,98.7,99,,,,,,,15,1953.0,1953.0,20000.0,1953.0,9,1953.0,6,20000.0,1788026605559,0,1953.0,tx_stack_med,20000.0,1953.0,250,finance_jun25,250,orders
1477,exposed_copper_bulb,Exposed Copper Bulb,64,66948.0,174.0,21.0,10000.0,5000000.0,700000.0,64.0,1.0,10937.5,213603.0,6.0,6.0,66666.67,3,4,,,,,,,,,,,,,,,,,,15,66615.0,50000.0,94999.0,10000.0,0,,13,66615.0,1788024814300,0,66615.0,tx_med,66615.0,66615.0,,,66615.0,ah
1478,weathered_copper_bulb,Weathered Copper Bulb,64,85428.0,157.0,91.0,5263.0,1250000.0,0.0,0.0,0.0,,1497103.0,39.0,23.0,800000.0,1,2,,,,,,,,,,,,,,,,,,15,100000.0,45000.0,800000.0,25000.0,0,,12,775000.0,1788025064006,0,100000.0,tx_med,775000.0,100000.0,,,100000.0,ah
1479,oxidized_copper_bulb,Oxidized Copper Bulb,64,23421.0,6937.0,802.0,1444.0,996900.0,1011561.0,4096.0,64.0,15805.64,15853.0,2351.0,152.0,79900.0,1,24,,,,,,,,,,,,,,,,,,15,80000.0,70000.0,99000.0,14047.0,1,14047.0,12,89000.0,1788026019483,0,80000.0,tx_med,89000.0,15805.64,,,15805.64,ah
1480,waxed_copper_bulb,Waxed Copper Bulb,64,7933.0,16910.0,877.0,160.0,200000.0,346058.0,14464.0,226.0,5407.16,7840.0,3058.0,145.0,2333.33,6,200,,,,,,,,,,,,,,,,,,15,49998.0,2813.0,70000.0,2333.0,6,2813.0,8,70000.0,1788026201599,0,2813.0,tx_stack_med,70000.0,2333.33,,,2333.33,ah
1481,waxed_exposed_copper_bulb,Waxed Exposed Copper Bulb,64,133960.0,799.0,173.0,1000.0,37500001.0,917600.0,320.0,5.0,14337.5,5975.0,354.0,18.0,40000.0,5,10,,,,,,,,,,,,,,,20000.0,1,,15,40000.0,5000.0,40000.0,2000.0,0,,5,75000.0,1788026081634,0,40000.0,tx_med,75000.0,14337.5,,,14337.5,ah
1482,waxed_weathered_copper_bulb,Waxed Weathered Copper Bulb,64,23834.0,909.0,143.0,544.0,150000.0,756250.0,256.0,4.0,11816.41,31212.0,129.0,26.0,20000.0,1,3,,,,,,,,,,,,,,,50000.0,1,,15,35000.0,20000.0,75000.0,10000.0,0,,13,35000.0,1788023050030,0,35000.0,tx_med,35000.0,20000.0,,,20000.0,ah
1483,waxed_oxidized_copper_bulb,Waxed Oxidized Copper Bulb,64,15895.0,18772.0,1008.0,3047.0,600000.0,688349.0,15936.0,249.0,10755.45,17271.0,2729.0,142.0,199999.0,1,203,,,,,305,307,307,300,6,80.8,88,,,,50000.0,1,,15,12500.0,12500.0,79990.0,10406.0,10,12500.0,4,133495.0,1788026771626,0,12500.0,tx_stack_med,133495.0,10755.45,305,finance_jun25,305,orders
1484,copper_chest,Copper Chest,64,11198.0,15426.0,737.0,1000.0,216000.0,563983.0,12928.0,202.0,8812.23,14935.0,2638.0,166.0,60000.0,1,211,,,,,,,,,,,,,,,,,,15,72000.0,60000.0,72000.0,25000.0,0,,14,72000.0,1788026130159,0,72000.0,tx_med,72000.0,8812.23,,,8812.23,ah
1485,exposed_copper_chest,Exposed Copper Chest,64,6439.0,205.0,22.0,667.0,100000.0,250000.0,64.0,1.0,3906.25,3436773.0,207.0,9.0,150000.0,1,0,,,,,,,,,,,,,,,,,,15,75000.0,37500.0,135938.0,2000.0,3,135938.0,8,62500.0,1787991450018,0,135938.0,tx_stack_med,62500.0,75000.0,,,75000.0,ah
1486,weathered_copper_chest,Weathered Copper Chest,64,43121.0,12.0,8.0,10000.0,110000.0,0.0,0.0,0.0,,32000.0,5.0,3.0,10000.0,2,0,,,,,,,,,,,,,,,,,,15,200000.0,50000.0,200000.0,10000.0,0,,12,200000.0,1787991711280,0,200000.0,tx_med,200000.0,10000.0,,,10000.0,ah
1487,oxidized_copper_chest,Oxidized Copper Chest,64,29339.0,2730.0,112.0,3029.0,300000.0,1953951.0,2112.0,33.0,30530.48,20909.0,756.0,20.0,9000.0,1,2,,,,,,,,,,,,,,,,,,15,12750.0,10000.0,30000.0,1714.0,7,12750.0,6,20000.0,1788023734501,0,12750.0,tx_stack_med,20000.0,9000.0,,,9000.0,ah
1488,waxed_copper_chest,Waxed Copper Chest,64,33976.0,371.0,45.0,5000.0,80000.0,1933333.0,192.0,3.0,30208.33,102583.0,60.0,18.0,60000.0,1,0,,,,,,,,,,,,,,,,,,15,51000.0,51000.0,60000.0,12500.0,0,,13,51000.0,1788022031586,0,51000.0,tx_med,51000.0,51000.0,,,51000.0,ah
1489,waxed_exposed_copper_chest,Waxed Exposed Copper Chest,64,51667.0,3.0,2.0,40000.0,75000.0,0.0,0.0,0.0,,200000000.0,1.0,1.0,200000000.0,1,0,,,,,,,,,,,,,,,,,,10,87500.0,31250.0,100000.0,11111.0,0,,5,100000.0,1787978621146,0,87500.0,tx_med,100000.0,87500.0,,,87500.0,ah
1490,waxed_weathered_copper_chest,Waxed Weathered Copper Chest,64,347333.0,15.0,12.0,15000.0,4000000.0,0.0,0.0,0.0,,90000.0,1.0,1.0,90000.0,1,0,,,,,,,,,,,,,,,,,,15,90000.0,75000.0,200000.0,15000.0,0,,14,95000.0,1787993584272,0,90000.0,tx_med,95000.0,90000.0,,,90000.0,ah
1491,waxed_oxidized_copper_chest,Waxed Oxidized Copper Chest,64,109124.0,474.0,40.0,3333.0,300000.0,7837500.0,384.0,6.0,122460.94,453125.0,128.0,2.0,453125.0,64,0,,,,,,,,,,,,,,,,,,15,156250.0,11328.0,300000.0,3333.0,6,148438.0,5,300000.0,1788007998257,0,148438.0,tx_stack_med,300000.0,122460.94,,,122460.94,ah
1492,copper_golem_statue,Copper Golem Statue,64,714325.0,1053.0,320.0,10938.0,200000007.0,6688889.0,576.0,9.0,104513.89,205766.0,124.0,58.0,200000.0,1,5,,,,,,,,,,,,,,,,,,15,100000.0,50000.0,200000.0,50000.0,0,,14,100000.0,1788026249685,0,100000.0,tx_med,100000.0,100000.0,,,100000.0,ah
1493,exposed_copper_golem_statue,Exposed Copper Golem Statue,64,294455.0,11.0,10.0,45000.0,1000000.0,0.0,0.0,0.0,,0.0,0.0,0.0,200000.0,1,0,,,,,,,,,,,,,,,,,,15,250000.0,100000.0,750000.0,45000.0,0,,14,250000.0,1787872322997,0,250000.0,tx_med,250000.0,200000.0,,,200000.0,ah
1494,weathered_copper_golem_statue,Weathered Copper Golem Statue,64,651500.0,10.0,10.0,99000.0,1000000.0,0.0,0.0,0.0,,0.0,0.0,0.0,6000000.0,1,0,,,,,,,,,,,,,,,,,,15,500000.0,100000.0,999000.0,45000.0,0,,14,749500.0,1787937517841,0,500000.0,tx_med,749500.0,500000.0,,,500000.0,ah
1495,oxidized_copper_golem_statue,Oxidized Copper Golem Statue,64,63638.0,1031.0,339.0,5000.0,500000.0,4166667.0,384.0,6.0,65104.17,71787.0,204.0,47.0,120000.0,1,2,,,,,,,,,,,,,,,,,,15,120000.0,100000.0,350000.0,10000.0,0,,13,120000.0,1788025133292,0,120000.0,tx_med,120000.0,65104.17,,,65104.17,ah
1496,waxed_copper_golem_statue,Waxed Copper Golem Statue,64,23243666.0,57.0,55.0,10000.0,499999990.0,0.0,0.0,0.0,,241846.0,13.0,13.0,149000.0,1,1,,,,,,,,,,,,,,,,,,15,150000.0,150000.0,285000.0,50000.0,0,,15,150000.0,1788026556354,0,150000.0,tx_med,150000.0,149000.0,,,149000.0,ah
1497,waxed_exposed_copper_golem_statue,Waxed Exposed Copper Golem Statue,64,363333.0,3.0,3.0,40000.0,1000000.0,0.0,0.0,0.0,,150000.0,2.0,2.0,150000.0,1,0,,,,,,,,,,,,,,,,,,15,150000.0,100000.0,400000.0,40000.0,0,,15,150000.0,1788018060045,0,150000.0,tx_med,150000.0,150000.0,,,150000.0,ah
1498,waxed_weathered_copper_golem_statue,Waxed Weathered Copper Golem Statue,64,317800.0,5.0,5.0,89000.0,1000000.0,0.0,0.0,0.0,,0.0,0.0,0.0,1000000.0,1,0,,,,,,,,,,,,,,,,,,15,250000.0,100000.0,800000.0,89000.0,0,,13,250000.0,1787731558471,0,250000.0,tx_med,250000.0,250000.0,,,250000.0,ah
1499,waxed_oxidized_copper_golem_statue,Waxed Oxidized Copper Golem Statue,64,98139.0,194.0,24.0,2326.0,1000000.0,7350000.0,128.0,2.0,114843.75,120455.0,88.0,3.0,156250.0,64,0,,,,,,,,,,,,,,,,,,15,60000.0,50000.0,150000.0,2326.0,2,132031.0,8,100000.0,1787953109462,0,60000.0,tx_med,100000.0,60000.0,,,60000.0,ah
1500,trial_spawner,Trial Spawner,64,0.0,0.0,0.0,0.0,0.0,0.0,0.0,0.0,,0.0,0.0,0.0,,,,,,,,,,,,,,,,,,,,,,,,,,,,,,,0,,,,,,,,
1501,trial_key,Trial Key,64,37242.0,11384.0,2224.0,8333.0,300999.0,1569909.0,6272.0,98.0,24529.83,42489.0,3110.0,464.0,70000.0,1,163,,,,,1,1,4,1,6,91.5,95,,,,,,,15,58900.0,49000.0,60000.0,45000.0,0,,14,53950.0,1788025411410,0,58900.0,tx_med,53950.0,24529.83,1,finance_jun25,1,orders
1502,ominous_trial_key,Ominous Trial Key,64,403450.0,7804.0,4249.0,286667.0,1090909.0,24704412.0,2176.0,34.0,386006.44,484302.0,1551.0,922.0,544999.0,1,223,,,,,200000,200000,221000,193000,22,38.8,63,,,,440000.0,8,,15,544999.0,540000.0,544999.0,500000.0,0,,15,544999.0,1788025761724,0,544999.0,tx_med,544999.0,386006.44,200000,finance_jun25,200000,orders
1503,vault,Vault,64,0.0,0.0,0.0,0.0,0.0,0.0,0.0,0.0,,0.0,0.0,0.0,,,,,,,,,,,,,,,,,,,,,,,,,,,,,,,0,,,,,,,,
1504,ominous_bottle,Ominous Bottle,64,59728.0,211097.0,18773.0,2500.0,5000000.0,3538086.0,173696.0,2714.0,55282.59,62888.0,41904.0,4255.0,54687.5,64,2677,,,,,1000,1000,1500,130,10,52.6,72,,100000.0,13,230000.0,1,,15,150000.0,78125.0,150000.0,39683.0,4,78125.0,9,150000.0,1788026685744,0,78125.0,tx_stack_med,150000.0,54687.5,1000,finance_jun25,1000,orders
