id name d_price,d_vol,d_trades,d_min,d_max ds_price,ds_vol,ds_trades h_price,h_vol,h_trades
0 air 0,0,0,0,0 0,0,0 0,0,0
1 stone 508,737837,11820,20,1000000 29565,722432,11288 30207,201802,3246
2 granite 1616,34103,708,20.5,390625 112714,28544,446 997,6386,135
3 polished_granite 3110,24123,408,31.25,310938 206186,22336,349 1359,5600,91
4 diorite 1203,159811,2659,25,156250 76603,153280,2395 1566,35164,593
5 polished_diorite 1511,167527,2656,78.12,25000 96817,164864,2576 1238,52200,826
6 andesite 1749,96696,1683,20.83,100000 110620,91008,1422 1631,20747,372
7 polished_andesite 2579,148049,2356,33.33,80000 165642,145856,2279 2630,27345,446
8 deepslate 252,572821,10414,15.62,1000000 14310,476416,7444 277,172006,3065
9 cobbled_deepslate 167,662928,10773,21.87,7000000 9368,629056,9829 192,165973,2704
10 polished_deepslate 630,287797,4587,31.25,29500 39960,278400,4350 482,77474,1240
11 calcite 719,208680,3435,38.46,100000 45465,196416,3069 609,59547,972
12 tuff 3757,208020,3465,22,9375000 249308,196864,3076 678,56766,946
13 tuff_slab 9509,40004,634,31.25,1546875 628140,38592,603 969,3169,50
14 tuff_stairs 6063,11772,187,387,15625 395011,11200,175 5008,1680,27
15 tuff_wall 7438,14023,224,469,23438 471864,13632,213 3841,3399,56
16 chiseled_tuff 4353,23016,377,159,15000 280228,21888,342 3380,2842,48
17 polished_tuff 1848,75186,1219,48.38,46875 118503,71872,1123 2277,11177,183
18 polished_tuff_slab 63889,10202,177,156,6875000 4382993,9280,145 4047,2002,34
19 polished_tuff_stairs 4207,20324,322,313,200000 259003,19840,310 5179,2171,34
20 polished_tuff_wall 8709,5370,85,781,31250 559831,5312,83 11146,1093,19
21 tuff_bricks 1188,118562,1936,16.66,60000 75614,113600,1775 777,31317,506
22 tuff_brick_slab 6787,6509,105,31.25,78125 418780,5888,92 6493,1047,18
23 tuff_brick_stairs 4393,8556,142,625,25000 286566,8128,127 4166,1742,30
24 tuff_brick_wall 20141,10837,172,385,1546875 1322744,10496,164 6998,1909,30
25 chiseled_tuff_bricks 3369,43277,709,78.12,100000 214135,42048,657 2100,7702,127
26 dripstone_block 1248,24862,526,31.25,59000 73225,19840,310 1162,4422,111
27 grass_block 1559,323416,5852,123,100000000 74931,305216,4769 724,92511,1689
28 dirt 152308,712590,12938,60,26019999252 21587,683264,10676 2662,239191,4195
29 coarse_dirt 1341,31654,587,50,88999 80894,29760,465 1470,10476,170
30 podzol 1666,17657,307,156,50000 98753,16256,254 1298,4658,79
31 rooted_dirt 1588,23546,435,234,100000 98815,21248,332 1761,5968,100
32 mud 1171,232764,4212,100,156250 70181,218112,3408 1387,58481,1084
33 crimson_nylium 2703,34765,562,212,100000 173748,33472,523 3560,6466,108
34 warped_nylium 2657,25597,422,656,100000 168136,24384,381 2510,4761,78
35 cobblestone 156,837194,13874,2,1000000 8407,791040,12360 125,223971,3652
36 oak_planks 634,197728,3226,40,1000000 38796,189504,2961 583,56821,944
37 spruce_planks 252,453483,7303,15.62,200000 15086,438976,6859 272,138440,2214
38 birch_planks 1274,39042,693,19.23,249750 79817,35008,547 923,11022,203
39 jungle_planks 1418,26040,443,69.76,1000000 86764,24640,385 735,4115,82
40 acacia_planks 2111,13690,237,78.12,100000 134635,12480,195 759,444,13
41 cherry_planks 1044,79676,1292,20,50000 66154,75648,1182 1311,23592,378
42 dark_oak_planks 1054,72454,1167,62.5,100000 66617,70720,1105 926,12227,199
43 pale_oak_planks 669,175772,2773,46.87,13333 41916,172288,2692 743,40732,644
44 mangrove_planks 2627,29993,494,122,20000 167797,28416,444 2097,4515,76
45 bamboo_planks 622,124927,1994,78.12,46875 38997,121472,1898 529,27285,435
46 crimson_planks 1948,29768,501,250,100000 124144,27776,434 1607,8237,134
47 warped_planks 2053,65932,1063,156,50000 131139,63744,996 1507,14330,258
48 bamboo_mosaic 7323,8815,142,250,156250 468271,8512,133 1679,2515,41
49 oak_sapling 4344,29903,1085,100,1000000 195287,26112,408 3365,5228,203
50 spruce_sapling 304687,85482,1661,25,404687503 20209026,82432,1288 943,30662,528
51 birch_sapling 6840,1763,255,8,1000000 313750,512,8 8765,504,83
52 jungle_sapling 30848,1037,83,40,1000000 1859304,768,12 65639,89,45
53 acacia_sapling 3883,2092,130,30,200000 137909,1408,22 5310,446,22
54 cherry_sapling 2908,31621,1103,78.12,450000 133943,28288,442 3499,3399,187
55 dark_oak_sapling 6536,7648,256,541,999000 251283,6336,99 4213,749,31
56 pale_oak_sapling 7410,14080,595,111,1000000 333008,11712,183 4939,4408,159
57 mangrove_propagule 10087,4818,416,200,300000 324704,3008,47 14672,590,71
58 bedrock 0,0,0,0,0 0,0,0 0,0,0
59 sand 44878,577405,9601,219,25600000000 34022,551232,8613 3383,169936,2829
60 suspicious_sand 759825,293,190,110000,50000000 0,0,0 1019816,73,45
61 suspicious_gravel 573552,452,191,50000,10000000 124999997,64,1 454955,180,27
62 red_sand 452,54237,908,156,30000 28330,51136,799 565,12640,210
63 gravel 696,165594,2915,70.17,100000 42803,152448,2382 452,49592,858
64 coal_ore 2303,19131,656,217,50000 128587,13248,207 2003,3363,97
65 deepslate_coal_ore 15340,2800,470,2222,100000 848835,1600,25 6575,797,102
66 iron_ore 4187,3684,293,364,80000 307906,896,14 3000,2105,76
67 deepslate_iron_ore 2389,6655,327,233,79000 126251,4096,64 1940,883,51
68 copper_ore 2019,3745,168,68.75,200000 73783,1920,30 3089,859,35
69 deepslate_copper_ore 6638,1227,57,250,50000 479022,576,9 3587,163,12
70 gold_ore 14143,3801,209,3333,272727 739881,2560,40 8864,668,30
71 deepslate_gold_ore 6562,15442,868,2333,60000 393009,8640,135 4651,3512,157
72 redstone_ore 10371,2995,130,1000,500000 559624,2560,40 8519,626,32
73 deepslate_redstone_ore 2004,24543,898,313,40000 114872,17536,274 2031,5963,213
74 emerald_ore 29471,3882,358,5000,1000000 1757524,3008,47 26384,622,83
75 deepslate_emerald_ore 1234081,1933,769,900000,2000000 80118625,1024,16 1159739,222,146
76 lapis_ore 39113,5800,218,250,1666667 2441240,4992,78 21531,1593,68
77 deepslate_lapis_ore 7767,15454,592,208,1000000 424899,13632,213 6534,5596,173
78 diamond_ore 65133,4612,404,23125,999000 3881710,3520,55 80130,1007,114
79 deepslate_diamond_ore 14188,66587,4755,9375,145000 839775,46144,721 13933,13579,1136
80 nether_gold_ore 7031,5555,213,1889,72500 446010,3712,58 6544,953,29
81 nether_quartz_ore 4208,16678,463,938,100000 238058,12992,203 3423,4936,133
82 ancient_debris 1963985,10173,2516,1410000,4700000 126428297,6400,100 1510543,3584,815
83 coal_block 4358,119166,3264,1613,100000 255502,114944,1796 4871,23718,561
84 raw_iron_block 11397,9111,336,3226,100000 728294,8128,127 9886,4572,88
85 raw_copper_block 3827,2734,96,1000,84900 232800,1920,30 2431,487,14
86 raw_gold_block 71606,5544,242,15625,468750 4982585,4480,70 33093,712,33
87 heavy_core 4064309,1055,758,3110000,20000000 290999992,128,2 3879281,225,198
88 amethyst_block 1478,313852,6112,594,90000 89513,277760,4340 1338,80118,1575
89 budding_amethyst 0,0,0,0,0 0,0,0 0,0,0
90 iron_block 5185,251217,15090,2857,271000 299194,208064,3251 4296,63059,4390
91 copper_block 4854,47485,949,700,500000 304019,44480,695 4658,11821,226
92 gold_block 27210,151938,5842,18750,1450000 1662539,135616,2119 20995,42799,1691
93 diamond_block 50910,302490,11476,43100,937500 3189757,272448,4257 50968,71286,2924
94 netherite_block 63558827,1548,1476,56499999,89999995 4200000061,64,1 53850291,430,425
95 exposed_copper 45789,1013,41,1127,400000 3467768,512,8 81411,439,8
96 weathered_copper 68385,805,27,1667,1000000 6134286,448,7 33746,260,8
97 oxidized_copper 14398,19451,380,2308,400000 901490,18368,287 15353,4058,137
98 chiseled_copper 7906,1141,26,3125,100000 443785,1024,16 7926,256,4
99 exposed_chiseled_copper 93000,260,8,70000,125000 5975000,256,4 343750,64,1
100 weathered_chiseled_copper 13533,12,12,5600,23600 0,0,0 50000,1,1
101 oxidized_chiseled_copper 78400,75,6,46719,300000 2990000,64,1 46923,65,2
102 cut_copper 9449,2523,50,833,100000 605982,1984,31 10268,366,9
103 exposed_cut_copper 182813,64,1,182813,182813 11700000,64,1 100000,1,1
104 weathered_cut_copper 119562,265,9,1063,187500 9733333,192,3 0,0,0
105 oxidized_cut_copper 36612,4130,77,1000,106250 2404377,3904,61 118056,412,10
106 cut_copper_stairs 11400,4035,69,1008,62500 735526,3712,58 12051,522,10
107 exposed_cut_copper_stairs 129534,193,4,54688,279688 8300000,192,3 223881,67,4
108 weathered_cut_copper_stairs 56911,123,3,22727,78125 5000000,64,1 78125,64,1
109 oxidized_cut_copper_stairs 1304592,550,40,4264,700000010 651434,384,6 791425,129,9
110 cut_copper_slab 6430,2180,38,781,30000 419600,1920,30 8528,572,9
111 exposed_cut_copper_slab 0,0,0,0,0 0,0,0 97273,66,3
112 weathered_cut_copper_slab 595263,76,4,120000,937500 0,0,0 0,0,0
113 oxidized_cut_copper_slab 61254,983,32,4688,703125 4427796,768,12 1750000,2,1
114 waxed_copper_block 3397,29434,601,125,149990 212230,25600,400 3169,5465,126
115 waxed_exposed_copper 57034,118,4,1667,400000 4300000,64,1 20000,2,1
116 waxed_weathered_copper 41578,6714,115,5000,90625 2649821,6400,100 59312,545,10
117 waxed_oxidized_copper 5109,70111,1537,217,235000 299828,64960,1015 3889,18343,387
118 waxed_chiseled_copper 23050,2981,158,154,500000 697544,2048,32 6398,532,12
119 waxed_exposed_chiseled_copper 30000,1,1,30000,30000 0,0,0 0,0,0
120 waxed_weathered_chiseled_copper 0,0,0,0,0 0,0,0 0,0,0
121 waxed_oxidized_chiseled_copper 16787,2067,39,48,250000 1152187,1856,29 38477,237,7
122 waxed_cut_copper 25299,5504,123,638,20000000 721557,4544,71 6589,1426,30
123 waxed_exposed_cut_copper 49900,3,3,49900,49900 0,0,0 0,0,0
124 waxed_weathered_cut_copper 89147,1806,30,15625,154688 5900000,1664,26 125000,64,1
125 waxed_oxidized_cut_copper 5614,25413,462,156,100000 352226,23296,364 4695,5435,95
126 waxed_cut_copper_stairs 37459,3119,89,1587,1000000 2746069,2176,34 22987,227,7
127 waxed_exposed_cut_copper_stairs 80464,388,12,30000,384615 4700000,320,5 772222,9,2
128 waxed_weathered_cut_copper_stairs 61810,851,20,10000,1400000 3724167,768,12 462799,593,11
129 waxed_oxidized_cut_copper_stairs 7907,22659,391,109,10000000 473111,21184,331 5745,5698,111
130 waxed_cut_copper_slab 19060,986,50,2000,299000 1237296,768,12 24888,179,7
131 waxed_exposed_cut_copper_slab 132308,13,13,120000,200000 0,0,0 102000,5,5
132 waxed_weathered_cut_copper_slab 56704,443,8,17241,120000 4000000,384,6 64063,64,1
133 waxed_oxidized_cut_copper_slab 12741,5831,97,2344,93750 808254,5440,85 11625,650,23
134 oak_log 632,292085,5428,273,100000 37669,274816,4294 751,77623,1521
135 spruce_log 322,889378,15463,73.12,2000000 13342,854080,13345 272,337551,5547
136 birch_log 848,73998,1399,63.01,166667 50975,68096,1064 822,19762,388
137 jungle_log 1657,47753,1115,139,1000000 101989,42624,666 1233,11021,211
138 acacia_log 3644,33522,609,253,250000 228659,31232,488 2256,7003,133
139 cherry_log 1281,162749,2686,90.69,200000 80475,154752,2418 1723,32155,543
140 pale_oak_log 914,298860,4735,103,50000 57636,293760,4590 1299,52940,867
141 dark_oak_log 630,170443,2799,111,50000 38793,165952,2593 659,41097,713
142 mangrove_log 3784,69094,1379,455,200000 221656,64768,1012 5841,12134,233
143 mangrove_roots 46631,11572,300,2,6250000 3602962,9280,145 767,2546,56
144 muddy_mangrove_roots 2296,7567,224,85.71,500000 122177,5056,79 1739,1474,33
145 crimson_stem 2091,95429,1609,125,100000 131001,90432,1413 1736,18120,296
146 warped_stem 2488,145634,2384,286,199000 156315,141568,2212 1726,34647,571
147 bamboo_block 442,133218,2235,134,30000 27352,127296,1989 633,22659,480
148 stripped_oak_log 5393,40678,686,422,500000 346588,39296,614 7832,6739,122
149 stripped_spruce_log 2586,84906,1370,234,49750 165594,83456,1304 2614,19615,326
150 stripped_birch_log 5093,38798,660,139,156250 332600,36288,567 8899,5254,91
151 stripped_jungle_log 10575,6829,115,714,80000 687539,6528,102 10827,1877,30
152 stripped_acacia_log 23781,3023,59,313,2800000 984523,2368,37 7769,431,8
153 stripped_cherry_log 5215,11538,252,780,70000 320238,10176,159 5034,1009,21
154 stripped_dark_oak_log 7548,25009,400,462,125000 488321,24384,381 7906,2487,55
155 stripped_pale_oak_log 3931,56395,927,588,50000 251930,54336,849 4115,18709,318
156 stripped_mangrove_log 10908,19183,316,926,30000 699120,18496,289 30325,1588,36
157 stripped_crimson_stem 7657,7331,119,234,85000 492149,6976,109 7618,1044,19
158 stripped_warped_stem 25561,22867,407,556,1546875 1681652,21120,330 12630,3841,69
159 stripped_oak_wood 149686,10666,173,469,7796875 9814758,10368,162 10479,2473,40
160 stripped_spruce_wood 10795,20328,348,350,312500 713588,19392,303 9092,2942,52
161 stripped_birch_wood 8446,9016,147,999,142857 537162,8768,137 7496,1098,20
162 stripped_jungle_wood 134630,1452,26,3969,2187500 11350975,1024,16 54822,337,6
163 stripped_acacia_wood 20445255,353,15,5000,7199999918 1380000,320,5 0,0,0
164 stripped_cherry_wood 13435,1604,28,5000,31250 837318,1408,22 19119,319,5
165 stripped_dark_oak_wood 160149,3976,66,1250,7796875 10928526,3648,57 20412,619,10
166 stripped_pale_oak_wood 12510,13445,220,948,10000000 752874,12928,202 17884,1934,32
167 stripped_mangrove_wood 26230,1770,32,231,83333 1555806,1472,23 32986,588,12
168 stripped_crimson_hyphae 24381,1413,24,1389,68750 1562500,1280,20 37232,224,4
169 stripped_warped_hyphae 35006,3252,90,2977,333333 2296625,2752,43 14692,751,13
170 stripped_bamboo_block 6505,7847,142,143,75000 404238,7424,116 46130,2560,40
171 oak_wood 4925,27104,442,439,900000 307115,25664,401 7986,5681,148
172 spruce_wood 2169,32882,527,109,52083 132074,31360,490 2154,8021,133
173 birch_wood 8630,4550,82,490,31250 555136,4224,66 13156,836,26
174 jungle_wood 5614,6352,115,625,166667 325537,5824,91 8403,704,11
175 acacia_wood 13865,2420,44,781,78125 914587,1984,31 8453,1398,25
176 cherry_wood 7060,9136,159,208,51563 448264,8256,129 8457,1448,23
177 pale_oak_wood 4915,8101,132,781,172414 228952,7616,119 75884,804,14
178 dark_oak_wood 6603,5317,89,1000,15625 433187,4864,76 16079,1679,27
179 mangrove_wood 20072,7450,121,1563,2493750 788368,7104,111 14219,4354,69
180 crimson_hyphae 10738,17585,284,476,406250 699021,17088,267 4883,3375,55
181 warped_hyphae 7955,12050,196,2286,170000 512187,11712,183 7397,1949,31
182 oak_leaves 725,317418,5161,128,42500 45281,302528,4727 638,91454,1495
183 spruce_leaves 12746,52445,848,15.62,71250002 121554,49408,772 663,17535,285
184 birch_leaves 4628,14132,252,58.82,468750 326074,12096,189 941,4340,79
185 jungle_leaves 6915,28314,461,76.92,1562500 468245,26112,408 3134,7978,160
186 acacia_leaves 7571,3945,75,107,158000 486589,3584,56 9890,1650,26
187 cherry_leaves 1193,177129,2858,50,1000000 75351,170176,2659 703,41908,704
188 dark_oak_leaves 2696,37502,602,105,15625 173328,36416,569 2372,7295,120
189 pale_oak_leaves 3081,64919,1068,156,154688 192909,61440,960 2382,13700,221
190 mangrove_leaves 2776,23535,377,40,468750 176050,22400,350 1175,4796,79
191 azalea_leaves 14623,54707,894,125,10156250 987890,51264,801 1680,14203,234
192 flowering_azalea_leaves 8750,41910,1152,313,225000 512764,37120,580 4230,11656,247
193 sponge 292908,20495,2699,200000,700000 17818575,14784,231 307269,5740,651
194 wet_sponge 295042,1305,536,210000,900000 19358694,320,5 339755,246,142
195 glass 768,806810,17610,292,781250 46036,667200,10425 658,254543,5049
196 tinted_glass 2686,119018,2035,714,300000 166640,111296,1739 2618,29790,497
197 lapis_block 4092,96025,2051,463,259000 246105,88768,1387 3279,33174,619
198 sandstone 581,200334,3249,20.93,35000 37309,191616,2994 436,44875,732
199 chiseled_sandstone 3081,18855,302,78.12,23438 194743,18048,282 5038,3481,55
200 cut_sandstone 2838,29015,477,31.25,76563 180660,28032,438 2454,5107,83
201 cobweb 5553,95898,3002,1600,900000 316610,80384,1256 5410,25889,752
202 short_grass 2550,16230,488,15.62,800000 116403,13632,213 3338,2867,79
203 fern 1468,14193,562,31.25,100000 67933,10368,162 1404,4664,110
204 bush 24921,442,10,1222,68182 1200000,320,5 23077,65,2
205 azalea 704,13870,358,39.06,90000 33455,11712,183 586,3404,83
206 flowering_azalea 2109,27182,873,29.41,500000 84055,23744,371 937,7840,248
207 dead_bush 3392,8158,213,138,200000 187916,6848,107 3991,2465,59
208 firefly_bush 3001,7632,129,156,999000 173070,7296,114 14744,1193,28
209 short_dry_grass 1430,2877,75,143,100000 69091,2112,33 1752,391,11
210 tall_dry_grass 1928,15809,403,156,150000 91731,14080,220 1217,2570,60
211 seagrass 1092,188138,3019,78.12,1000000 68966,183616,2869 1415,35404,577
212 sea_pickle 166,369936,5945,12.5,125000 9882,359232,5613 125,96638,1541
213 white_wool 1391,274007,5798,469,116000 80584,247424,3866 1638,84290,1680
214 orange_wool 4426,49881,909,256,75000 276029,48640,760 3383,7495,123
215 magenta_wool 2397,50126,817,156,234375 152769,49216,769 1790,9370,153
216 light_blue_wool 5885,79277,1277,313,1560937 380126,77184,1206 4964,10971,203
217 yellow_wool 2999,63047,1041,400,150000 191306,61184,956 2806,19008,307
218 lime_wool 3935,56047,912,281,100000 250520,54976,859 3445,13910,219
219 pink_wool 2369,64510,1099,391,1000000 143280,61504,961 9803,15472,277
220 gray_wool 3804,97253,1632,703,100000 240729,95232,1488 2665,17431,322
221 light_gray_wool 4560,60397,1356,833,100000 289261,57984,906 2781,7536,366
222 cyan_wool 4351,34651,561,682,100000 279477,33792,528 4082,7542,122
223 purple_wool 3199,48764,804,391,70000 201425,46784,731 3234,11605,218
224 blue_wool 4780,66517,1139,625,1560937 303391,63424,991 3454,12136,198
225 brown_wool 4637,35931,621,500,125000 293520,35136,549 4067,10952,190
226 green_wool 5919,67024,1118,151,1560937 385949,64192,1003 2682,14762,251
227 red_wool 3004,131282,2125,781,4999999 188382,127296,1989 2589,30248,507
228 black_wool 1721,183946,3041,321,119000 107878,180544,2821 1806,50287,820
229 dandelion 2184,18316,616,8.33,10000000 60409,15808,247 1021,4765,135
230 open_eyeblossom 38939,791,144,333,398000 1823625,512,8 10165,321,27
231 closed_eyeblossom 4747,2621,65,794,400000 208858,2304,36 9987,226,11
232 poppy 2979,42961,991,25,70000000 62290,40704,636 1403,7551,199
233 blue_orchid 2352,33029,576,222,10000000 114382,31104,486 2273,5597,96
234 allium 9458,5157,184,50,666667 143790,3776,59 7162,2512,69
235 azure_bluet 3248,5219,230,60.5,3000000 114696,4032,63 1946,737,40
236 red_tulip 3684,5428,178,172,1000000 167563,4544,71 2771,1058,46
237 orange_tulip 3834,5500,216,95.23,100000 179279,4416,69 1982,1574,49
238 white_tulip 3337,5486,202,133,95000 202189,4096,64 4859,1176,50
239 pink_tulip 3211,4809,178,143,198000 177974,3520,55 3732,923,37
240 oxeye_daisy 21060,2641,221,31.25,8000000 663625,1536,24 5591,1037,54
241 cornflower 10340,9960,592,46.87,500000 329545,7296,114 4387,3576,153
242 lily_of_the_valley 12579,1583,259,33.33,500000 350000,128,2 6300,489,43
243 wither_rose 3894,27363,967,159,150000 203945,24960,390 3494,4500,183
244 torchflower 27942,4924,428,3750,1000000 1295755,3392,53 22175,1278,71
245 pitcher_plant 12526,1550,174,2344,250000 326046,1024,16 22492,208,39
246 spore_blossom 52999,3639,571,3000,600000 2865032,2432,38 37140,611,118
247 brown_mushroom 1794,32223,1172,363,40000 108989,24512,383 1784,5298,199
248 red_mushroom 1268,6243,302,18.75,30000 72456,3072,48 1917,819,74
249 crimson_fungus 359,18329,330,15.62,1000000 16080,17152,268 283,3410,57
250 warped_fungus 1732,22268,487,46.87,1000000 88844,19584,306 1052,6228,111
251 crimson_roots 96.03,48102,781,7.81,1000000 4624,46592,728 100,5004,83
252 warped_roots 226,13786,246,5,10000 13111,12288,192 305,1520,29
253 nether_sprouts 790362,47,4,7813,28000000 0,0,0 0,0,0
254 weeping_vines 1874,18828,335,90.9,70000 118895,17920,280 4225,2281,43
255 twisting_vines 3774,19421,379,16.66,470588 162503,16960,265 4240,2735,66
256 sugar_cane 350,467440,8684,141,500000 19160,424832,6638 370,137160,2657
257 kelp 152,712574,11651,46.87,1000000 8868,687168,10737 151,201200,3351
258 pink_petals 281,108244,1779,16.12,20000 17457,103424,1616 286,19535,328
259 wildflowers 9930,2269,48,78.12,5000000 313897,1856,29 4859,817,14
260 leaf_litter 22695,5206,97,20,25000000 722666,4544,71 7527,1450,25
261 moss_carpet 662,208747,3404,14.06,500000 39877,200256,3129 574,57872,956
262 moss_block 249,494994,7930,31.25,3000000 14434,484480,7570 359,131883,2168
263 pale_moss_carpet 1889,17682,306,219,100000 108972,16576,259 3695,3555,62
264 pale_hanging_moss 10386,10572,196,18.86,937500 522600,9408,147 6339,1407,25
265 pale_moss_block 3243,53791,892,156,1546875 210536,51712,808 1460,8803,146
266 hanging_roots 6606,973,22,1587,166667 450000,640,10 200000,3,1
267 big_dripleaf 3187,5613,270,234,100000 141609,3456,54 1838,1477,42
268 small_dripleaf 205435,161,131,25000,1000000 0,0,0 24378,156,19
269 bamboo 114,350849,5824,15.38,500000 6601,332544,5196 161,87937,1498
270 oak_slab 1342,98000,1613,12.5,78125 85946,93760,1465 3212,15377,273
271 spruce_slab 119,598430,9551,12.5,82000 7283,579328,9052 73.77,237174,3778
272 birch_slab 37722,20633,343,46.87,10140625 2593929,19136,299 4614,2528,46
273 jungle_slab 11904,7704,128,78.12,281250 809532,7104,111 1691,2866,47
274 acacia_slab 20096,1984,40,104,390625 1571278,1536,24 6862,909,18
275 cherry_slab 4392,19143,316,78.12,200000 282732,17920,280 699,10771,172
276 dark_oak_slab 4298,35562,569,31.25,208333 270880,34304,536 2153,9363,152
277 pale_oak_slab 23615,45255,724,31.25,15625000 1564675,43584,681 3669,17459,279
278 mangrove_slab 7905,22792,370,102,60000 505259,21952,343 2169,5472,88
279 bamboo_slab9826,14565,241,46.87,1546875 663315,13376,209 1616,3196,51
280 bamboo_mosaic_slab 4260,1513,38,156,20000 266754,1472,23 2190,763,12
281 crimson_slab 2766,17602,289,156,31250 179354,16384,256 10957,2124,35
282 warped_slab 38404,28142,458,313,6875000 2614677,25856,404 2988,6985,110
283 stone_slab 1991,112900,1791,62.5,468750 125570,110208,1722 3103,20842,332
284 smooth_stone_slab 489,222467,3557,48.38,1000000 30611,214784,3356 871,55165,883
285 sandstone_slab 5523,17375,288,46.87,156250 359038,16704,261 4807,2368,38
286 cut_sandstone_slab 7264,5503,94,156,113333 436765,5184,81 3246,1614,26
287 petrified_oak_slab 0,0,0,0,0 0,0,0 0,0,0
288 cobblestone_slab 503,292692,4664,9.37,1000000 30918,286464,4476 220,96435,1522
289 brick_slab 104575,10182,164,313,15625000 6776923,10048,157 4405,1344,21
290 stone_brick_slab 9448,58251,923,48.38,6859375 616009,56832,888 3222,11637,210
291 mud_brick_slab 680954,11637,197,645,7699999621 1255912,11264,176 11330,1217,25
292 nether_brick_slab 57681,6075,97,1563,1562500 3873048,5760,90 13308,1200,19
293 quartz_slab 4559,55766,975,16.01,100000 288014,51200,800 12675,12167,228
294 red_sandstone_slab 183291,3106,62,313,238000005 441047,2752,43 7517,379,7
295 cut_red_sandstone_slab 74441,574,12,1563,33000000 741000,320,5 0,0,0
296 purpur_slab 10934,7438,130,313,300000 707423,6848,107 14575,920,16
297 prismarine_slab 21751,7203,115,143,1706897 524466,6528,102 5794,1075,18
298 prismarine_brick_slab 9685,9610,169,667,10000000 490545,8640,135 10289,2487,45
299 dark_prismarine_slab 6120,8315,131,156,13281 389790,7936,124 9197,2634,42
300 smooth_quartz 4351,135301,2249,1861,100000 274792,132608,2072 3428,38692,609
301 smooth_red_sandstone 5925,1763,28,5469,15625 374074,1728,27 1563,32,1
302 smooth_sandstone 1798,122906,1955,172,7813 115186,121728,1902 3169,19921,318
303 smooth_stone 523,522372,8271,102,1739130 28224,515264,8051 587,154294,2467
304 bricks 3436,39817,679,455,35000 215597,37440,585 2293,10746,207
305 acacia_shelf 33781,892,65,1734,900000 1327417,768,12 9152,309,24
306 bamboo_shelf 12963,6367,114,2344,250000 792491,5440,85 22685,399,16
307 birch_shelf 40720,1412,81,1000,500000 3176314,960,15 74917,24,6
308 cherry_shelf 10250,5488,133,703,499000 479579,4864,76 5723,1976,39
309 crimson_shelf 14967,2087,66,667,800000 724464,1792,28 10236,382,14
310 dark_oak_shelf 14006,10099,223,781,300000 833644,9024,141 29992,1479,27
311 jungle_shelf 19237,2168,52,1667,1000000 199169,1792,28 65625,128,2
312 mangrove_shelf 21618,5942,163,3922,600000 1266330,5056,79 13107,1387,30
313 oak_shelf 11529,3922,265,769,100000 459527,2624,41 12027,978,56
314 pale_oak_shelf 6681,34954,762,1333,200000 395782,32640,510 11134,6378,149
315 spruce_shelf 3249,46955,1086,500,200000 175603,42496,664 4594,10517,235
316 warped_shelf 10884,11733,231,3333,499999 645702,10816,169 18549,1534,28
317 bookshelf 10437,139465,9926,4032,312500 502867,83328,1302 9433,35980,3314
318 chiseled_bookshelf 3485,48952,1046,161,200000 192845,44480,695 2467,12964,215
319 decorated_pot 8533,19027,694,625,1000000 393966,17024,266 11716,2826,143
320 mossy_cobblestone 689,129014,2071,78.12,500000 42305,125504,1961 561,40535,653
321 obsidian 44145,630640,23728,926,25729999831 171474,424064,6626 1418,193849,7303
322 torch 614,580034,10737,78,468750 35475,554688,8667 433,191325,3422
323 end_rod 2457,101245,2989,51.56,30000000 93657,91072,1423 1607,22399,722
324 chorus_plant 0,0,0,0,0 0,0,0 0,0,0
325 chorus_flower 15107,941,108,833,312500 102800,640,10 13920,198,28
326 purpur_block 1733,123363,1995,63.49,54531 109881,119872,1873 8377,24572,405
327 purpur_pillar 4450,13628,246,234,500000 283659,12608,197 1936,5801,96
328 purpur_stairs 8663,7009,141,391,500000 526056,6080,95 12009,1859,42
329 spawner 0,0,0,0,0 0,0,0 0,0,0
330 creaking_heart 13636,4927,246,2344,200000 677398,4096,64 4857,4319,90
331 chest 36762,717651,21030,156,25900000215 35727,631296,9864 770,243489,5928
332 crafting_table 121179,383443,13912,53,23200000901 32134,353664,5526 1102,89277,3999
333 farmland 0,0,0,0,0 0,0,0 0,0,0
334 furnace 136,452920,8022,18,1000000 6997,431232,6738 114,106171,1910
335 ladder 532,587225,9835,34.48,4000000 27338,561280,8770 543,167939,2916
336 cobblestone_stairs 450,133875,2114,1,16129 28289,131776,2059 1185,43130,687
337 snow 1171,54687,882,8.59,50000 73943,52544,821 761,8333,132
338 ice 1200,295168,4741,270,46875 75826,287488,4492 983,100508,1631
339 snow_block 617,213897,3513,18,33333 38677,204992,3203 825,66333,1070
340 cactus 393,143851,2477,59.37,60000 23113,135680,2120 462,31865,568
341 cactus_flower 10212,2631,331,938,1000000 332903,1984,31 12662,198,94
342 clay 1506,54778,921,111,25000 97202,51200,800 1784,7849,139
343 jukebox 135052,5808,1502,2083,10156250 23388586,1856,29 50489,798,353
344 oak_fence 19382,77374,1518,78.12,10156250 1314912,70784,1106 5345,14229,308
345 spruce_fence 1663,207028,4528,156,500000 95183,198656,3104 1139,56144,964
346 birch_fence 19158,11725,265,625,6187500 676221,11008,172 12495,1698,32
347 jungle_fence 11045,2513,75,724,156250 882895,1536,24 3814,1398,34
348 acacia_fence 38990,1399,48,667,1316667 2629375,1024,16 16045,176,34
349 cherry_fence 25871,10304,220,952,3437500 1726934,9664,151 4694,2895,107
350 dark_oak_fence 5736,14121,432,569,106250 299369,13056,204 8958,2332,65
351 pale_oak_fence 4399,30452,540,400,240000 262605,29184,456 6183,6424,106
352 mangrove_fence 49673,4252,75,3125,1093750 3267516,3968,62 27232,896,14
353 bamboo_fence 33541,22535,386,645,14312500 189068,21120,330 2106,7017,111
354 crimson_fence 13044,2582,84,794,625000 538320,2112,33 450000,336,6
355 warped_fence 18295,3660,96,1563,150000 691279,2752,43 18644,445,11
356 pumpkin 1057,97016,2148,263,200000 60686,90304,1411 1192,15795,398
357 carved_pumpkin 7015,65344,4421,625,25000000 175597,52416,819 6062,18742,1180
358 jack_o_lantern 16547,3000,233,1000,10000000 653118,2176,34 14770,183,21
359 netherrack 89311,291894,4677,9.23,13009999626 10196,282688,4417 689,73369,1190
360 soul_sand 1448,282456,12778,101,10000000 57617,246144,3846 757,79294,4625
361 soul_soil 1347,70922,1343,1.42,1000000 76658,65472,1023 984,15363,268
362 basalt 116,288433,4551,7.81,1000000 7054,284096,4439 81.44,106029,1664
363 polished_basalt 617,102307,1612,39.06,25000 39408,100864,1576 2115,16212,259
364 smooth_basalt 1099,66423,1118,5,50000 70953,62400,975 1710,12387,213
365 soul_torch 2754,10730,252,188,100000 145942,7808,122 3513,2315,74
366 copper_torch 4372,7357,163,625,1500000 205917,6976,109 2003,1664,26
367 glowstone 5387,288488,10157,1070,200000 288732,208000,3250 3886,76893,2932
368 infested_stone 0,0,0,0,0 0,0,0 0,0,0
369 infested_cobblestone 0,0,0,0,0 0,0,0 0,0,0
370 infested_stone_bricks 0,0,0,0,0 0,0,0 0,0,0
371 infested_mossy_stone_bricks 0,0,0,0,0 0,0,0 0,0,0
372 infested_cracked_stone_bricks 0,0,0,0,0 0,0,0 0,0,0
373 infested_chiseled_stone_bricks 0,0,0,0,0 0,0,0 0,0,0
374 infested_deepslate 0,0,0,0,0 0,0,0 0,0,0
375 stone_bricks 306,504609,7949,51.53,468750 18972,497536,7774 340,128093,2020
376 mossy_stone_bricks 11549,71658,1155,702,10156250 749239,70464,1101 2218,16485,267
377 cracked_stone_bricks 5365,36079,574,778,51667 342661,35520,555 3866,9597,151
378 chiseled_stone_bricks 1436,60212,961,78.12,25000 91532,58048,907 1342,14391,233
379 packed_mud 3747,44923,725,253,11719 237161,43648,682 5674,8057,134
380 mud_bricks 3661,64542,1080,625,33333 233660,61376,959 5373,17832,300
381 deepslate_bricks 1185,353645,5621,31.25,200000000 39326,344384,5381 478,106761,1691
382 cracked_deepslate_bricks 2764,31168,494,708,7813 177956,30720,480 3903,7837,123
384 cracked_deepslate_tiles 6843,14892,236,156,62500 442415,14720,230 4932,4288,69
385 chiseled_deepslate 1477,34467,569,35.71,150000 91883,32384,506 1593,8152,135
386 reinforced_deepslate 0,0,0,0,0 0,0,0 0,0,0
387 brown_mushroom_block 3745,18671,314,156,25000 244969,16512,258 4641,3441,56
388 red_mushroom_block 1183,21950,370,194,15625 74025,19584,306 1950,4206,75
389 mushroom_stem 6856,16918,298,313,39000 451694,15360,240 5662,4073,74
390 iron_bars 711,181866,2922,71.42,833333 42570,176064,2751 631,57689,925
391 copper_bars 2899,10864,191,156,23438 191496,9600,150 1392,1719,34
392 exposed_copper_bars 1245000,13,5,5000,16000000 0,0,0 0,0,0
393 weathered_copper_bars 125000,8,1,125000,125000 0,0,0 0,0,0
394 oxidized_copper_bars 45034,1333,25,10000,150000 2942533,1152,18 22031,192,3
395 waxed_copper_bars 91465,1041,44,1515,1000000 5150000,768,12 64286,553,17
396 waxed_exposed_copper_bars 60000,3,3,60000,60000 0,0,0 0,0,0
397 waxed_weathered_copper_bars 70000,1,1,70000,70000 0,0,0 200000,1,1
398 waxed_oxidized_copper_bars 258690,75,12,32258,2999999 0,0,0 1250000,1,1
399 iron_chain 4531,84228,2698,124,1562344 236407,74432,1163 2858,26105,919
400 copper_chain 4465,11526,205,674,600000 250674,10432,163 2880,2800,45
401 exposed_copper_chain 1000,4,1,1000,1000 0,0,0 20000,1,1
402 weathered_copper_chain 254750,4,2,20000,333000 0,0,0 0,0,0
403 oxidized_copper_chain 202491,401,71,33333,1000000 9300000,128,2 159973,169,13
404 waxed_copper_chain 45464,450,9,7813,369000 2841429,448,7 123438,64,1
405 waxed_exposed_copper_chain 0,0,0,0,0 0,0,0 862500,8,1
406 waxed_weathered_copper_chain 493333,15,3,50000,862500 0,0,0 0,0,0
407 waxed_oxidized_copper_chain 932051,78,10,100000,9900000 46000000,64,1 0,0,0
408 glass_pane 1046,218992,3552,78.12,83333 64661,208704,3261 578,66650,1131
409 melon 1654,35758,628,612,100000 104056,33920,530 1943,5574,99
410 vine 3076,41506,1183,234,350000 165568,31616,494 3872,8333,290
411 glow_lichen 945,405230,7910,78.12,781250 54821,394048,6157 1054,117281,2408
412 resin_clump 3364,10187,226,156,1000000 188578,9344,146 1839,2740,78
413 resin_block 6228,15707,265,469,1000000 390713,15296,239 4579,3495,57
414 resin_bricks 5651,20768,371,556,500000 355158,19776,309 6143,2324,48
415 resin_brick_stairs 15249,614,14,2174,100000 920375,512,8 22670,397,7
416 resin_brick_slab 185246,573,14,1667,781250 12635800,320,5 6000,50,1
417 resin_brick_wall 23994,497,10,3226,312500 1029167,384,6 15192,125,3
418 chiseled_resin_bricks 29707,459,13,714,299000 1967800,320,5 13905,199,6
419 brick_stairs 46100,1425,30,116,765625 3631317,1088,17 50067,728,13
420 stone_brick_stairs 3898,76148,1205,156,156250 247094,74432,1163 4227,15293,250
421 mud_brick_stairs 8064,13203,211,1908,39063 519396,12800,200 12165,1558,28
422 mycelium 702,12622,220,1,100000 42042,11264,176 331,3161,51
423 lily_pad 8835,14127,1324,300,1000000 395513,8640,135 6872,4148,261
424 nether_bricks 2418,96572,1575,156,468750 155897,93312,1458 1679,24714,400
425 cracked_nether_bricks 18790,372,7,9375,42188 1296000,320,5 17986,139,3
426 chiseled_nether_bricks 44648,2871,55,1562,1562500 3704047,1984,31 18015,519,24
427 nether_brick_fence 38752,7634,158,1547,1562500 2581670,6656,104 5283,1776,39
428 nether_brick_stairs 10053,6326,104,1136,50000 652931,5952,93 21348,862,16
429 sculk 1492,174018,2855,156,150000 94334,165696,2589 1075,41894,675
430 sculk_vein 3313,22469,406,156,25000000 136097,19392,303 24471,4793,93
431 sculk_catalyst 13333,5632,393,750,100000 793943,4736,74 9989,1127,103
432 sculk_shrieker 36076,1611,391,2900,1000000 1977883,832,13 14152,866,72
433 enchanting_table 54861,3992,2581,5500,1000000 1487500,1024,16 55119,651,624
434 end_portal_frame 0,0,0,0,0 0,0,0 0,0,0
435 end_stone 404,242892,3931,17.18,1000000 24777,235776,3684 657,71955,1156
436 end_stone_bricks 1668,29635,492,38.46,78125 105069,27328,427 2867,7404,123
437 dragon_egg 0,0,0,0,0 0,0,0 0,0,0
438 sandstone_stairs 7755,29151,462,0.5,156250 494498,28736,449 6884,4640,76
439 ender_chest 24831,67561,19648,7500,22200000 1222145,37632,588 12882,27678,7604
440 emerald_block 27686,230120,6385,20312,2000000 1736416,215744,3371 26661,56964,1616
441 oak_stairs 3434,41853,679,317,156250 222364,39744,621 4036,8133,133
442 spruce_stairs 1294,163778,2615,135,250000 83261,159680,2495 1079,37613,601
443 birch_stairs 4802,24677,392,39.06,73073 309175,24320,380 8072,3200,50
444 jungle_stairs 25719,6217,101,38.46,1666667 618246,5952,93 54821,466,15
445 acacia_stairs 12184,1960,38,1000,31250 857982,1600,25 8293,492,12
446 cherry_stairs 7695,21829,377,167,50000 498149,20992,328 10396,6042,98
447 dark_oak_stairs 8728,50792,823,313,1406250 554340,49536,774 3046,8429,141
448 pale_oak_stairs 6679,45063,743,500,1562500 419655,43328,677 8025,9587,174
449 mangrove_stairs 8910,13305,215,435,300000 579666,12544,196 6563,3558,58
450 bamboo_stairs 5330,14239,227,781,15625 343706,13696,214 7316,3773,66
451 bamboo_mosaic_stairs 16967,1442,41,1389,78125 1073528,1280,20 141012,324,6
452 crimson_stairs 5812,9643,156,1000,70175 355555,9024,141 10324,2160,35
453 warped_stairs 31243,19635,334,1058,6859375 2079936,18560,290 9188,4402,84
455 beacon 170401,31906,1835,120312,2000000 10688175,29248,457 171053,11278,621
456 cobblestone_wall 228,369449,5824,2,15625 14377,359616,5619 319,73559,1178
457 mossy_cobblestone_wall 5252,6850,110,341,500000 297422,6528,102 5361,2595,43
458 brick_wall 28108,1914,32,3333,312344 1680321,1792,28 20535,1101,18
459 prismarine_wall 14541,5191,93,2500,100000 891412,4864,76 12033,959,15
460 red_sandstone_wall 60044,1079,22,1563,200000 4189200,960,15 46875,64,1
461 mossy_stone_brick_wall 5739,3711,58,1547,14063 368386,3648,57 902484,384,6
462 granite_wall 10110,6262,103,385,300000 643484,6080,95 5863,1006,18
463 stone_brick_wall 3030,106713,1681,50,1718750 183951,104704,1636 4290,13675,221
464 mud_brick_wall 15496,15878,251,83.33,1562500 1014640,15296,239 15556,2240,35
465 nether_brick_wall 8349,3485,59,1333,200000 536316,3264,51 8387,447,7
466 andesite_wall 5799,19553,307,2000,24844 372003,19200,300 5777,3689,58
467 red_nether_brick_wall 22768,2919,48,2941,400000 1034727,2688,42 57813,320,5
468 sandstone_wall 5866,23518,373,125,39063 377029,22720,355 24975,5685,90
469 end_stone_brick_wall 2044,4066,65,167,10938 129638,3712,58 37500,192,3
470 diorite_wall 8658,43777,689,250,51000003 481900,43136,674 9107,10080,160
471 blackstone_wall 7003,22518,365,357,300000 439917,21312,333 10642,5207,87
472 polished_blackstone_wall 5616,14872,236,1511,15594 356224,14336,224 5582,2736,44
473 polished_blackstone_brick_wall 9471,9089,145,625,80000 614856,8768,137 6065,1564,26
474 cobbled_deepslate_wall 1457,11065,184,50,31250 97141,9984,156 5193,1533,34
475 polished_deepslate_wall 3458,15553,252,30,100000 228147,14400,225 6893,3191,50
476 deepslate_brick_wall 4050,23346,379,39.06,156250 263289,22144,346 5693,4231,68
477 deepslate_tile_wall 2398,29132,460,469,60000 154491,28352,443 3901,4100,66
478 anvil 25742,34190,9110,10800,5000000 1349310,18432,288 16776,9360,3131
479 chipped_anvil 10134,27016,645,2000,130000 640607,25600,400 7254,6731,171
480 damaged_anvil 8567,7268,248,1953,1000000 499860,6912,108 6340,1570,55
481 chiseled_quartz_block 6858,36327,595,1250,125000 437539,34368,537 5106,9137,146
483 quartz_bricks 3987,53403,1139,500,100000 252151,45056,704 4528,10375,206
484 quartz_pillar 5738,91017,1659,625,150000 346375,86336,1349 5950,22826,396
485 quartz_stairs 7936,112652,1946,714,42499999 263130,106112,1658 4045,31806,531
486 white_terracotta 2489,63018,1045,20,90000 160890,60544,946 2318,11937,198
487 orange_terracotta 1821,37243,649,20,80000 117602,34304,536 1596,8801,150
488 magenta_terracotta 7957,16573,263,833,15625 515142,15744,246 5640,2388,39
489 light_blue_terracotta 8507,31226,495,97.01,99000 547828,30400,475 6561,7983,126
490 yellow_terracotta 1647,61385,1012,156,33500 106046,58176,909 1347,11659,200
491 lime_terracotta 6277,27017,432,1000,30000 405302,26368,412 5845,4431,72
492 pink_terracotta 8671,24191,379,1000,15625 555932,23936,374 7138,4147,65
493 gray_terracotta 6093,42327,674,469,15625 392441,41664,651 7754,7734,125
494 light_gray_terracotta 2730,28925,505,78.12,15625 177583,26624,416 2173,5899,96
495 cyan_terracotta 4776,105525,1664,301,16667 306430,104192,1628 5200,13101,207
496 purple_terracotta 6487,16702,266,270,15625 418363,16192,253 7556,5412,85
497 blue_terracotta 5019,38240,611,26.01,21429 320858,37120,580 4888,6632,108
498 brown_terracotta 3037,50422,814,78.12,24925 196104,48704,761 1913,9803,162
499 green_terracotta 4674,66215,1072,625,50000 299032,64768,1012 5982,12451,203
500 red_terracotta 1646,53725,890,52.63,20000 105586,50688,792 2018,9016,159
501 black_terracotta 4968,29909,475,300,15625 321345,29120,455 6368,6643,105
502 barrier 0,0,0,0,0 0,0,0 0,0,0
503 light 0,0,0,0,0 0,0,0 0,0,0
504 hay_block 6317,24944,680,2000,70000 380214,21824,341 11152,4783,143
505 white_carpet 1085,284479,4753,173,350000 65924,279104,4361 1266,64259,1101
506 orange_carpet 15080,17395,282,469,1171875 993854,16640,260 8045,5215,87
507 magenta_carpet 5883,7161,127,339,193750 272126,6464,101 38005,1512,28
508 light_blue_carpet 5651,14662,248,156,191900 348339,13504,211 5821,3433,57
509 yellow_carpet 3925,26178,446,125,1000000 243806,24832,388 3366,6810,129
510 lime_carpet 5526,9936,162,781,82143 340230,9472,148 6684,2073,34
511 pink_carpet 3159,38904,646,1000,139063 199310,37760,590 6872,10963,177
512 gray_carpet 4778,41360,679,545,249900 303877,39424,616 4943,10097,164
513 light_gray_carpet 7029,20448,355,587,500000 449210,19648,307 9591,5647,97
514 cyan_carpet 9468,11711,204,169,250000 607494,11008,172 9105,2689,62
515 purple_carpet 7631,27963,469,305,189000 469013,26304,411 5452,8097,130
516 blue_carpet 3646,47303,767,455,3000000 225127,45440,710 5768,11519,184
517 brown_carpet 7187,20281,329,521,449900 453336,19456,304 5057,5614,91
518 green_carpet 5554,21189,347,678,49800 354467,20032,313 3305,6222,115
519 red_carpet 2567,151635,2511,391,999000 153424,142656,2229 4612,34155,574
520 black_carpet 2695,104317,1710,113,156250 160416,99264,1551 2857,22921,372
521 terracotta 1211,63301,1082,125,15594 77089,57920,905 1200,8182,153
522 packed_ice 422,548781,8782,148,100000 26273,532480,8320 363,151319,2429
523 dirt_path 0,0,0,0,0 0,0,0 0,0,0
524 sunflower 910,38427,749,19.23,1000000 47536,35520,555 602,12712,224
525 lilac 570,32440,585,107,100000 33735,30528,477 538,9601,179
526 rose_bush 425,118414,1955,15.62,1000000 24455,114176,1784 401,27392,466
527 peony 959,12953,312,12,1000000 37471,11072,173 1016,2525,61
528 tall_grass 375380,702,285,65000,2800000 5000000,64,1 292386,73,23
529 large_fern 813161,262,235,332949,5000000 0,0,0 2274073,20,20
530 white_stained_glass 1352,434788,6964,300,87000 85603,424896,6639 1603,113716,1851
531 orange_stained_glass 2186,103973,1690,250,468750 139477,101248,1582 2344,21576,347
532 magenta_stained_glass 1538,96906,1626,391,500000 92889,92032,1438 1374,22693,380
533 light_blue_stained_glass 2936,125887,2011,21.01,11953 188042,121728,1902 3316,30169,498
534 yellow_stained_glass 2023,135576,2155,156,1000000 126906,132608,2072 2360,36166,572
535 lime_stained_glass 2703,145539,2330,313,1562344 173597,142080,2220 2129,30457,514
536 pink_stained_glass 1695,97750,1618,313,100000 105158,93824,1466 1713,26898,443
537 gray_stained_glass 2893,94745,1542,71.01,15623 184238,91520,1430 2292,24022,399
538 light_gray_stained_glass 2671,105102,1675,469,319149 160563,102592,1603 2733,18872,335
539 cyan_stained_glass 3763,102490,1624,526,15625 241662,100352,1568 2897,17292,284
540 purple_stained_glass 2248,222331,3629,361,130000 143364,216000,3375 2110,52860,859
541 blue_stained_glass 1465,222329,3707,469,468750 93732,211200,3300 2464,42426,756
542 brown_stained_glass 3024,75790,1238,313,15625 190835,73472,1148 4487,26321,416
543 green_stained_glass 3412,163885,2666,244,1562344 219060,158144,2471 2017,44608,713
544 red_stained_glass 1371,223708,3544,313,47619 86976,219648,3432 1337,56719,904
545 black_stained_glass 1302,347192,5674,333,300000 81480,335488,5242 972,107791,1776
546 white_stained_glass_pane 2100,59628,1017,46.87,18750 133375,56832,888 1397,17621,283
547 orange_stained_glass_pane 4522,6763,113,794,15625 286896,6144,96 3726,1642,29
548 magenta_stained_glass_pane 2625,9289,176,156,50000 165504,8128,127 2425,2168,35
549 light_blue_stained_glass_pane 5472,14337,236,625,156250 345507,13632,213 5968,4401,70
550 yellow_stained_glass_pane 10155,13190,220,214,765625 663730,12352,193 3976,3720,61
551 lime_stained_glass_pane 7383,10100,168,938,31250 480864,9280,145 4455,2400,38
552 pink_stained_glass_pane 2699,12512,200,172,7812 174356,12032,188 2099,2162,37
553 gray_stained_glass_pane 8098,12148,209,847,18750 513810,11200,175 5665,1424,23
554 light_gray_stained_glass_pane 4096,15027,247,417,300000 257965,13888,217 4853,2528,40
555 cyan_stained_glass_pane 13028,8116,137,625,265625 881932,7296,114 5182,2204,35
556 purple_stained_glass_pane 4580,30647,493,738,19608 290222,29440,460 3942,6788,109
557 blue_stained_glass_pane 3630,14251,233,119,50000 222645,13504,211 14398,3933,63
558 brown_stained_glass_pane 10141,2218,40,1000,23281 656032,1984,31 4914,798,13
559 green_stained_glass_pane 6062,18536,298,313,265625 390845,17792,278 4625,4595,83
560 red_stained_glass_pane 3591,25197,429,469,78125 230432,23040,360 2103,5384,87
561 black_stained_glass_pane 1419,69233,1192,130,1000000 82035,64768,1012 1622,12813,210
562 prismarine 2951,78812,1349,64.01,150000 188458,75072,1173 3138,22039,371
563 prismarine_bricks 4351,90385,1542,76.01,100000 274015,86656,1354 3771,26464,452
564 dark_prismarine 7557,51265,1012,2000,149000 470509,44416,694 6229,15432,269
565 prismarine_stairs 9150,11790,188,1563,33333 588620,11392,178 11086,3115,49
566 prismarine_brick_stairs 7962,11583,187,1364,30078 514573,11200,175 15609,1947,33
567 dark_prismarine_stairs 10542,9300,152,3488,150000 677974,8896,139 9622,1910,32
568 sea_lantern 5193,185042,6277,1852,250000 278394,163392,2553 4518,49302,1555
569 red_sandstone 4280,12869,210,455,100000 270398,12544,196 5255,1838,29
570 chiseled_red_sandstone 29754,256,4,2766,109375 1904250,256,4 534667,18,13
571 cut_red_sandstone 10281,801,15,1071,60938 675000,768,12 15625,384,6
572 red_sandstone_stairs 37463,1105,20,3125,156250 2838231,832,13 9766,128,2
575 magma_block 1056,189409,3410,119,2000000 64416,176192,2753 876,48397,855
576 nether_wart_block 4128,23039,410,100,400000 264586,21568,337 4918,4903,98
577 warped_wart_block 4148,41423,680,15,100000 263969,39552,618 7257,4213,113
578 red_nether_bricks 5832,59457,941,702,19531 372712,58624,916 6892,11349,180
579 bone_block 889,625747,11476,461,72000 54491,600960,9390 768,184211,3373
580 structure_void 0,0,0,0,0 0,0,0 0,0,0
581 shulker_box 998760,26223,26223,1818,25900000215 998760,26223,26223 14713,9403,9403
582 white_shulker_box 58238,2530,2530,2000,400000 58238,2530,2530 61871,472,472
583 orange_shulker_box 73081,625,625,10000,333000 73081,625,625 75735,112,112
584 magenta_shulker_box 49305,297,297,5000,300000 49305,297,297 53324,54,54
585 light_blue_shulker_box 400372,824,824,5000,249999995 400372,824,824 59611,340,340
586 yellow_shulker_box 65383,1342,1342,5000,1000000 65383,1342,1342 97604,337,337
587 lime_shulker_box 80857,610,610,4000,500000 80857,610,610 87026,138,138
588 pink_shulker_box 72283,922,922,10000,500000 72283,922,922 179286,178,178
589 gray_shulker_box 167017,340,340,13000,1000000 167017,340,340 165592,86,86
590 light_gray_shulker_box 118038,358,358,5000,555000 118038,358,358 107888,89,89
591 cyan_shulker_box 123952,1148,1148,3000,450000 123952,1148,1148 80370,312,312
592 purple_shulker_box 103973,665,665,5000,499000 103973,665,665 103107,144,144
593 blue_shulker_box 62951,1619,1619,5000,500000 62951,1619,1619 59284,367,367
594 brown_shulker_box 143800,347,347,10000,500000 143800,347,347 169070,43,43
595 green_shulker_box 67007,1094,1094,4000,300000 67007,1094,1094 88727,165,165
596 red_shulker_box 47905,2033,2033,5000,250000 47905,2033,2033 51695,499,499
597 black_shulker_box 78658,3594,3594,10000,60000000 78658,3594,3594 63483,795,795
598 white_glazed_terracotta 3261,19669,347,313,77000 210300,17728,277 2367,3825,66
599 orange_glazed_terracotta 1890,19771,353,313,40000 116794,18688,292 2700,3175,56
600 magenta_glazed_terracotta 8161,5509,101,833,50000 547712,4928,77 2691,1040,18
601 light_blue_glazed_terracotta 6907,32061,523,1071,250000 440893,30848,482 6305,5002,87
602 yellow_glazed_terracotta 4824,24400,431,600,27778 301297,22656,354 4787,6276,109
603 lime_glazed_terracotta 6043,10363,179,1250,167000 387149,9600,150 4797,2002,32
604 pink_glazed_terracotta 6029,18408,306,1000,45900 388925,17216,269 5070,6344,100
605 gray_glazed_terracotta 8473,18381,301,426,100000 549138,17344,271 9201,2285,47
606 light_gray_glazed_terracotta 3173,26323,460,455,50000 197913,24832,388 6048,2762,54
607 cyan_glazed_terracotta 5485,11211,186,882,50000 351021,10304,161 4410,1408,22
608 purple_glazed_terracotta 5513,24857,436,769,200000 341698,23168,362 4542,8690,153
609 blue_glazed_terracotta 5392,24675,428,1000,100000 346561,23232,363 4901,5342,105
610 brown_glazed_terracotta 3847,5463,102,538,15625 245987,4928,77 1569,2368,37
611 green_glazed_terracotta 8206,25973,490,547,100000 509717,24704,386 7251,5009,82
612 red_glazed_terracotta 4903,33469,613,263,300000 313046,31104,486 2201,16320,261
613 black_glazed_terracotta 4762,41310,745,469,120000 299296,38720,605 4530,8088,152
614 white_concrete 1134,409545,6834,389,100000 69734,395776,6184 1138,117036,1931
615 orange_concrete 3458,81795,1321,81.01,21429 220542,78592,1228 3804,16789,283
616 magenta_concrete 2363,22070,364,278,6250 152900,20160,315 2917,4118,74
617 light_blue_concrete 4009,197705,3206,503,200000 250867,192128,3002 2597,57253,906
618 yellow_concrete 3429,145814,2410,314,122000 218023,139840,2185 3704,32036,552
619 lime_concrete 3682,108282,1832,209,750000 235876,102592,1603 3001,28534,462
620 pink_concrete 4408,74257,1231,444,1546875 286581,70336,1099 3183,17477,306
621 gray_concrete 3584,176123,2847,591,100000 226353,173056,2704 2679,37092,598
622 light_gray_concrete 3595,85427,1393,625,218094 229730,83136,1299 2886,20268,348
623 cyan_concrete 6109,94026,1516,426,189000 389339,90944,1421 20410,20939,331
624 purple_concrete 3992,120570,1955,408,99000 255209,115776,1809 4541,31988,529
625 blue_concrete 2746,157005,2918,536,125000 169035,143296,2239 2297,47001,794
626 brown_concrete 13266,31972,521,625,3906250 870503,30592,478 4546,5042,83
627 green_concrete 4727,90233,1628,253,1546875 295379,82752,1293 3245,18651,353
628 red_concrete 5799,181723,3253,600,7812500 380428,169088,2642 2386,39983,670
629 black_concrete 1624,466544,7859,651,1087400 99555,451584,7056 1491,127559,2148
630 white_concrete_powder 1443,82301,1360,313,60000 91646,79232,1238 1044,29740,470
631 orange_concrete_powder 14457,18088,289,781,3125000 945138,17600,275 1981,2426,40
632 magenta_concrete_powder 2068,21654,350,357,3000000 107844,21184,331 2299,1231,20
633 light_blue_concrete_powder 4518,24360,389,625,312500 285134,23488,367 2753,7468,120
634 yellow_concrete_powder 2746,27664,441,313,20833 174567,26880,420 3424,4816,102
635 lime_concrete_powder 4534,40454,655,391,862069 208437,39104,611 3000,12501,205
636 pink_concrete_powder 2745,15356,250,556,12500 176913,14848,232 1978,3653,60
637 gray_concrete_powder 5499,23376,368,667,46875 351221,23040,360 2989,5152,82
638 light_gray_concrete_powder 5645,21317,336,547,13281 362474,20544,321 4032,2669,43
639 cyan_concrete_powder 4093,22722,360,769,8750 262127,21952,343 5627,5981,95
640 purple_concrete_powder 5498,61841,969,625,3125000 355099,60864,951 3086,3418,54
641 blue_concrete_powder 3479,42865,679,156,781250 224490,41536,649 1705,9323,149
642 brown_concrete_powder 9481,9120,147,156,178571 581953,8704,136 3686,2628,42
643 green_concrete_powder 3215,57868,1062,156,18125 193548,53632,838 2017,17875,292
644 red_concrete_powder 1957,76902,1235,156,40000 124689,75008,1172 1257,24934,400
645 black_concrete_powder 1978,59593,1047,391,10156 124166,57024,891 1678,14751,254
646 turtle_egg 12203,45457,3444,5000,100000 657189,36032,563 13448,9792,831
647 sniffer_egg 39840,8090,976,13793,2000000 2081133,5760,90 32924,2306,223
648 dried_ghast 9688,15357,756,1000,1000000 502920,13440,210 12040,1714,144
649 dead_tube_coral_block 14748,536,72,286,250000 350000,128,2 19700,40,14
650 dead_brain_coral_block 34577,2234,119,600,3000000 2286906,1728,27 7762,828,23
651 dead_bubble_coral_block 10585,577,52,667,200000 933333,192,3 4234,214,13
652 dead_fire_coral_block 22293,586,112,500,500000 550000,128,2 3261,234,12
653 dead_horn_coral_block 18841,2633,71,99.26,289900 1393238,1856,29 4167,347,11
654 tube_coral_block 3811,18621,538,328,120000 192335,14784,231 3725,3140,84
655 brain_coral_block 5903,9701,347,333,102500 308167,7104,111 4849,1262,45
656 bubble_coral_block 4843,10416,474,156,270000 218155,7040,110 4332,2059,52
657 fire_coral_block 4623,19552,784,167,100000 201112,13440,210 5314,3344,100
658 horn_coral_block 4690,8248,346,333,100000 211663,5760,90 3809,1915,96
659 tube_coral 27638,690,130,1000,300000 833333,192,3 31809,130,42
660 brain_coral 24530,593,120,1143,250000 666667,192,3 20814,126,29
661 bubble_coral 19793,523,83,1667,200000 500000,128,2 24056,72,23
662 fire_coral 20870,1033,141,714,900000 595017,512,8 10247,368,28
663 horn_coral 30137,612,121,1429,750000 750000,256,4 38754,79,33
664 dead_brain_coral 79158,19,19,10000,100000 0,0,0 58500,10,8
665 dead_bubble_coral 81267,15,14,70000,100000 0,0,0 51333,15,12
666 dead_fire_coral 27361,182,49,1667,100000 550000,64,1 0,0,0
667 dead_horn_coral 45400,60,35,20000,100000 0,0,0 55714,14,12
668 dead_tube_coral 51160,25,11,3333,700000 0,0,0 17500,2,2
669 tube_coral_fan 5365,9648,301,909,300000 280025,8128,127 4199,1681,49
670 brain_coral_fan 6662,7495,341,909,125000 283112,5696,89 4735,2073,67
671 bubble_coral_fan 5351,7763,315,1000,199000 249214,6208,97 4772,1671,59
672 fire_coral_fan 7638,25384,761,1563,150000 400126,22848,357 5539,5352,173
673 horn_coral_fan 5991,11060,370,909,200000 309083,9024,141 4404,2280,67
674 dead_tube_coral_fan 11846,5590,330,938,749990 396824,4736,74 31344,358,71
675 dead_brain_coral_fan 12708,12438,672,1346,999990 540264,11200,175 24306,942,62
676 dead_bubble_coral_fan 9588,8605,366,938,474990 420981,7808,122 68766,320,59
677 dead_fire_coral_fan 21094,8644,1055,1563,249000 666147,6528,102 20726,1776,192
678 dead_horn_coral_fan 39232,8830,799,3125,25000000 1000992,6912,108 20541,1940,128
679 blue_ice 3213,205137,4970,1100,100000 188066,186816,2919 2927,42571,1125
680 conduit 95956,3629,445,3333,499000 5833043,2944,46 96836,695,94
681 polished_granite_stairs 9113,3941,65,234,312500 480774,3712,58 6262,867,14
682 smooth_red_sandstone_stairs 32800,65,2,31250,132000 2000000,64,1 101515,66,3
683 mossy_stone_brick_stairs 11298,7360,119,1547,937500 323365,7168,112 5908,1922,32
684 polished_diorite_stairs 5431,46494,751,1000,312500 339404,45568,712 4714,6873,151
685 mossy_cobblestone_stairs 4440,13341,214,385,46875 288756,12864,201 1242,8633,135
686 end_stone_brick_stairs 3020,5514,95,391,14750 193827,5184,81 29202,2111,45
687 stone_stairs 2091,135183,2147,20,187500 132679,132608,2072 1199,46419,733
688 smooth_sandstone_stairs 3250,23873,379,769,25000 204480,23680,370 6300,2624,41
689 smooth_quartz_stairs 6705,25995,538,1000,256410 401375,24960,390 9064,5089,162
690 granite_stairs 7309,3257,52,156,19000 471818,3200,50 2726,956,15
691 andesite_stairs 6685,24658,387,156,125000 428767,24448,382 5022,6094,96
692 red_nether_brick_stairs 32172,6843,119,313,1515625 2162727,6208,97 19406,835,14
693 polished_andesite_stairs 7042,62835,1016,781,1546875 453125,61952,968 4187,17307,273
694 diorite_stairs 6236,18305,303,582,31250 405183,17536,274 7733,3904,61
695 cobbled_deepslate_stairs 1510,27854,475,78.12,154688 92129,26688,417 3814,2014,42
696 polished_deepslate_stairs 2029,86064,1380,107,100000 129703,84352,1318 2518,12700,203
697 deepslate_brick_stairs 1629,101277,1599,100,156250 104147,98688,1542 3229,13543,220
698 deepslate_tile_stairs 6051,55512,946,83.33,3000000 394502,52864,826 3615,8632,160
699 polished_granite_slab 2652,3208,53,35.71,15625 177578,2880,45 5170,448,7
700 smooth_red_sandstone_slab 22277,130,4,10156,123000 1325000,128,2 23438,192,3
701 mossy_stone_brick_slab 8870,3589,63,1540,97000 556208,3392,53 1319034,384,6
702 polished_diorite_slab 6969,22795,365,104,546875 446024,21888,342 7389,3866,62
703 mossy_cobblestone_slab 920669,8928,153,156,4700000092 710333,8384,131 9378,2100,34
704 end_stone_brick_slab 2537,4159,70,375,48000 164288,3776,59 426,176,4
705 smooth_sandstone_slab 210452,13663,226,595,2800000041 350092,13184,206 6398,2274,36
706 smooth_quartz_slab 8921,25296,413,698,312500 551475,23872,373 4554,4616,78
707 granite_slab 29598,7555,120,46.87,1546875 1975478,7232,113 6498,726,12
708 andesite_slab 8349,12207,192,78.12,156250 544303,11840,185 4571,3157,54
709 red_nether_brick_slab 12921,5082,88,3000,78125 845515,4800,75 31162,1284,22
710 polished_andesite_slab 4278,25061,398,547,30000 274005,24512,383 6934,4026,63
711 diorite_slab 7298,19133,307,313,806452 300118,18496,289 4009,1990,32
713 polished_deepslate_slab 2554,55679,875,156,7142857 106449,54144,846 784,15665,252
714 deepslate_brick_slab 6233,47428,752,46.87,3109375 408653,45888,717 1460,8690,138
715 deepslate_tile_slab 1983,47004,756,78.12,500000 124203,45888,717 2515,7340,118
716 scaffolding 815,441509,7179,83.33,988889 48560,425984,6656 940,157319,2512
717 redstone 448,727721,17641,214,1000000 23096,641792,10028 364,223681,5023
719 redstone_block 3424,154981,9687,1953,200000 173352,121728,1902 2792,43521,2868
720 repeater 3002,240365,13457,1000,781250 140688,184256,2879 3233,62171,4334
721 comparator 3969,122328,8689,1094,2000000 166220,82816,1294 4146,34136,2252
722 piston 120886,413236,15960,781,25679998484 100895,311680,4870 1818,113386,4257
723 sticky_piston 3041,214402,11586,833,1000000 123779,160192,2503 2852,62517,3705
724 slime_block 1655,265477,8925,385,100000 83742,227136,3549 1224,67868,2381
725 honey_block 7684,65103,7113,2000,500000 285628,48128,752 9704,18362,1728
726 observer 52861,494942,22683,1198,24980000604 117193,385216,6019 2189,138064,6741
727 hopper 3552,870368,32414,1719,900000 185614,578944,9046 2816,258386,8898
728 dispenser 3821,190276,12189,1025,1000000 171194,143168,2237 3674,48652,4098
729 dropper 1365,219275,6550,191,500000 68310,198144,3096 1912,63048,2203
730 lectern 18177,28005,3027,4300,350000 843897,22592,353 25041,4776,667
731 target 7378,56323,2558,1900,500000 357224,45504,711 5356,15843,636
732 lever 103160,242744,13620,39.06,24799999427 32808,212544,3321 754,54170,4090
733 lightning_rod 40212,15101,765,156,300000010 286025,12992,203 3545,5315,183
734 exposed_lightning_rod 261583,24,13,6250,1500000 0,0,0 66667,24,3
735 weathered_lightning_rod 234767,176,26,769,1034483 0,0,0 74762,21,11
736 oxidized_lightning_rod 36855,1373,201,1500,1200000 1761873,832,13 21168,507,40
737 waxed_lightning_rod 75498,1195,40,1613,800000 5487719,832,13 151069,202,11
738 waxed_exposed_lightning_rod 0,0,0,0,0 0,0,0 529851,67,4
739 waxed_weathered_lightning_rod 1374875,8,8,500000,6000000 0,0,0 0,0,0
740 waxed_oxidized_lightning_rod 283582,201,12,100000,8000000 9966667,192,3 152909,66,3
741 daylight_detector 43089,2141,185,1563,250000 2364737,1280,20 103809,227,37
742 sculk_sensor 11145,5023,719,300,150000 689016,2688,42 10068,763,161
743 calibrated_sculk_sensor 57908,916,274,9000,1000000 2675000,512,8 27166,896,53
744 tripwire_hook 3178,90120,3150,177,200000 142213,77504,1211 2722,24454,726
745 trapped_chest 4981,12381,402,781,250000 221037,11456,179 33507,386,68
746 tnt 3006,871838,22975,1628,160000 167997,734784,11481 2748,255170,6841
747 redstone_lamp 10362,44953,2814,1200,1000000 448023,36800,575 9521,8569,663
748 note_block 2299,193919,7826,272,299994 104352,169856,2654 1831,59657,2393
749 stone_button 3312,45783,1282,65,2000000 166553,42176,659 2860,22603,579
750 polished_blackstone_button 7090,12630,1862,313,97000 197203,8384,131 3474,6455,486
751 oak_button 2292,34331,1013,60.93,1000000 109381,30976,484 2199,15592,461
752 spruce_button 565,246625,4831,15.62,500000 32496,237824,3716 677,56000,1199
753 birch_button 2079,9952,467,156,999000 46998,8512,133 1812,869,94
754 jungle_button 1008,11188,240,156,1000000 53130,10816,169 3754,175,40
755 acacia_button 319701,1595,133,156,99799998 366708,1024,16 4194,435,28
756 cherry_button 3788,5454,119,500,5000000 131966,4992,78 1622,736,12
757 dark_oak_button 13120,8731,172,78.12,4545455 66487,8128,127 1748,1201,35
758 pale_oak_button 9185,7583,241,424,9999999 399227,6912,108 24776,1629,39
759 mangrove_button 24311,928,25,781,10000000 787991,768,12 7355,639,10
760 bamboo_button 4661,4693,114,313,1000000 261338,4352,68 4003,703,11
761 crimson_button 4961,5297,118,188,998000 131133,4864,76 15000,1,1
762 warped_button 20179,1414,51,526,999000 699653,1088,17 17869,521,17
763 stone_pressure_plate 7925,15858,931,156,2000000 259991,13632,213 12003,5971,224
764 polished_blackstone_pressure_plate 39915,1886,145,6250,3900000 1334783,1472,23 84909,102,38
765 light_weighted_pressure_plate 13934,11314,1356,601,999000 464849,8064,126 10098,2894,408
766 heavy_weighted_pressure_plate 7311,24979,856,1064,781250 394397,21120,330 5227,3576,136
767 oak_pressure_plate 3548,20136,530,31.74,2000000 151789,18816,294 2234,3326,104
768 spruce_pressure_plate 922,174843,3284,1.66,1000000 52614,168960,2640 792,50647,921
769 birch_pressure_plate 15931,2046,481,7.5,312344 1171000,1280,20 9896,106,24
770 jungle_pressure_plate 4191,380,46,781,200000 67000,256,4 651,96,6
771 acacia_pressure_plate 4105,705,45,625,299000 55714,448,7 3125,64,1
772 cherry_pressure_plate 13061,606,43,3125,499000 0,0,0 6663,257,7
773 dark_oak_pressure_plate 8338,3238,119,313,10000000 58643,2688,42 2923,130,3
774 pale_oak_pressure_plate 5421,6115,123,313,500000 198437,5568,87 71602,676,43
775 mangrove_pressure_plate 48947,152,15,3704,400000 4000000,64,1 0,0,0
776 bamboo_pressure_plate 23096,355,61,130,500000 0,0,0 11641,391,13
777 crimson_pressure_plate 212741,158,31,500,19000000 750000,128,2 299000,1,1
778 warped_pressure_plate 60112,634,34,3000,312500 3881250,512,8 27646,158,8
779 iron_door 10687,11245,1105,78.12,400000 348522,8320,130 7088,4849,214
780 oak_door 4462,13254,868,200,1000000 168867,10368,162 3620,4180,402
781 spruce_door 3190,108947,4195,109,37500001 65812,96064,1501 1234,39696,1136
782 birch_door 7594,2644,418,1,200000 271571,1344,21 7088,569,78
783 jungle_door 5749,1241,158,1475,250000 207462,832,13 18632,133,14
784 acacia_door 13540,1179,80,1,499000 588462,832,13 21366,676,175
785 cherry_door 17493,1940,258,556,333333 281333,960,15 9984,496,74
786 dark_oak_door 5429,15482,772,313,2000000 253129,12928,202 4970,2372,153
787 pale_oak_door 8352,6796,711,625,500000 140744,5248,82 27850,374,129
788 mangrove_door 14211,2295,233,1563,300000 677083,1536,24 28023,132,101
789 bamboo_door 11716,2203,194,1563,133333 510474,1216,19 19894,403,19
790 crimson_door 10503,2128,263,1563,299000 324091,704,11 8701,556,76
791 warped_door 23599,2081,291,164,750000 1825000,384,6 22098,377,38
792 copper_door 12800,1207,54,3125,400000 459615,832,13 7222,275,16
793 exposed_copper_door 156818,66,3,140625,675000 9000000,64,1 0,0,0
794 weathered_copper_door 500000,4,4,500000,500000 0,0,0 0,0,0
795 oxidized_copper_door 156521,144,20,32226,1000000 0,0,0 299000,1,1
796 waxed_copper_door 46000,5,3,16667,90000 0,0,0 0,0,0
797 waxed_exposed_copper_door 0,0,0,0,0 0,0,0 0,0,0
798 waxed_weathered_copper_door 0,0,0,0,0 0,0,0 1360000,5,5
799 waxed_oxidized_copper_door 242647,96,87,19949,2000000 0,0,0 115271,36,35
800 iron_trapdoor 5353,41602,3057,738,270000 253731,33216,519 4877,9806,766
801 oak_trapdoor 3005,80148,3198,156,6000000 146522,69568,1087 2777,20615,1012
802 spruce_trapdoor 863,333873,11906,109,101000 40439,308224,4816 725,84647,3074
803 birch_trapdoor 8763,8608,455,174,5000000 269613,5952,93 11807,1145,163
804 jungle_trapdoor 13489,4545,276,494,1000000 598709,3520,55 26396,806,139
805 acacia_trapdoor 18202,4286,397,500,10000000 533698,3392,53 8116,1451,58
806 cherry_trapdoor 6949,15569,437,667,500000 372121,13184,206 10843,3086,152
807 dark_oak_trapdoor 3662,46449,1156,100,2000000 210243,43072,673 3268,9361,465
808 pale_oak_trapdoor 7370,58730,1654,156,1546875 408225,52608,822 4750,14302,368
809 mangrove_trapdoor 27581,14420,554,1563,980000 1579927,12032,188 33136,2525,76
810 bamboo_trapdoor 8330,24342,658,778,500000 444979,20928,327 6473,5173,96
811 crimson_trapdoor 22993,7495,260,1594,35000000 730283,6528,102 11646,1233,27
812 warped_trapdoor 30439,23316,1417,1339,13687500 542958,15680,245 9861,7169,265
813 copper_trapdoor 3850,20902,369,909,100000 230037,20032,313 3991,3129,61
814 exposed_copper_trapdoor 137111,350,13,30000,600000 8400000,320,5 84538,13,3
815 weathered_copper_trapdoor 155482,639,41,40000,500000 9076667,576,9 129230,196,6
816 oxidized_copper_trapdoor 57216,4246,237,15000,1000000 3144482,2816,44 56412,1759,120
817 waxed_copper_trapdoor 29971,2111,63,165,600000 1625656,1728,27 10930,626,16
818 waxed_exposed_copper_trapdoor 112500,128,2,112500,112500 7200000,128,2 0,0,0
819 waxed_weathered_copper_trapdoor 75371,887,20,1563,20000000 1161538,832,13 0,0,0
820 waxed_oxidized_copper_trapdoor 53113,4755,245,9091,1000000 2872885,3328,52 86424,641,54
821 oak_fence_gate 4013,101909,2477,266,1000000 224328,94912,1483 4138,16753,589
822 spruce_fence_gate 1530,219848,5634,79.36,234375 74756,195712,3058 1213,61475,1483
823 birch_fence_gate 118218,3348,270,625,6187500 830978,1792,28 52173,826,69
824 jungle_fence_gate 8049,1479,57,333,500000 523038,832,13 9375,264,12
825 acacia_fence_gate 41933,733,244,714,625000 1392391,448,7 46071,42,42
826 cherry_fence_gate 10261,4454,93,82.25,200000 644018,3648,57 6338,609,18
827 dark_oak_fence_gate 6443,10181,448,625,600000 289141,7744,121 50569,253,58
828 pale_oak_fence_gate 9590,33132,829,875,250000 545023,29696,464 10180,5342,186
829 mangrove_fence_gate 31476,1016,47,1172,1000000 1651923,832,13 47703,74,11
830 bamboo_fence_gate 85223,4968,118,1769,18687500 1110738,3712,58 13903,2079,42
831 crimson_fence_gate 49704,1476,453,1429,500000 3576667,384,6 22039,644,92
832 warped_fence_gate 33124,2550,259,1563,1250000 1191628,1792,28 27841,313,70
833 powered_rail 4425,262086,10102,1703,200000 215420,212544,3321 3761,74795,2907
834 detector_rail 6739,18336,1065,333,800000 305299,14720,230 7929,3678,197
835 rail 811,386155,8657,62.5,100000 41849,352384,5506 481,127906,2564
836 activator_rail 5016,60202,1457,95.01,1379310 246481,55552,868 3351,15963,354
837 saddle 11270,2081,2081,1000,100000 11270,2081,2081 13633,475,475
838 white_harness 80225,639,639,10000,500000 80225,639,639 67498,106,106
839 orange_harness 2616190,21,21,80000,20000000 2616190,21,21 0,0,0
840 magenta_harness 81685,89,89,20000,1000000 81685,89,89 0,0,0
841 light_blue_harness 494533,15,15,69000,2000000 494533,15,15 0,0,0
842 yellow_harness 1081111,9,9,40000,7000000 1081111,9,9 30833,6,6
843 lime_harness 3450709,31,31,10000,100000000 3450709,31,31 0,0,0
844 pink_harness 3392500,20,20,100000,40000000 3392500,20,20 300000,1,1
845 gray_harness 115643,14,14,25000,500000 115643,14,14 70000,1,1
846 light_gray_harness 186053,38,38,30000,1000000 186053,38,38 0,0,0
847 cyan_harness 619333,27,27,50000,9000000 619333,27,27 0,0,0
848 purple_harness 6003593,27,27,69000,155000003 6003593,27,27 85571,7,7
849 blue_harness 370571,56,56,19000,1500000 370571,56,56 500889,27,27
850 brown_harness 106079168,38,38,14483,3999999918 106079168,38,38 0,0,0
851 green_harness 378821,28,28,10000,1000000 378821,28,28 82875,32,32
852 red_harness 1037282,78,78,5000,50000000 1037282,78,78 550000,2,2
853 black_harness 122125,160,160,2000,1000000 122125,160,160 73359,78,78
854 minecart 32291,7727,7727,1901,1000000 32291,7727,7727 15927,3035,3035
855 chest_minecart 50291,8192,8192,2000,1000000 50291,8192,8192 43675,2073,2073
856 furnace_minecart 2667019,178,178,1001,50000000 2667019,178,178 136326,58,58
857 tnt_minecart 23126,9090,9090,4000,500000 23126,9090,9090 18121,3100,3100
858 hopper_minecart 26526,9248,9248,3000,290000 26526,9248,9248 27026,3028,3028
859 carrot_on_a_stick 163072,227,227,10000,2000000 163072,227,227 190460,50,50
860 warped_fungus_on_a_stick 106415,337,337,9999,9900000 106415,337,337 94314,66,66
861 phantom_membrane 8345,3847,511,760,125000 489696,1984,31 6983,1110,113
862 elytra 363358892,3510,3510,310000005,490000015 363358892,3510,3510 357528543,873,873
863 oak_boat 59075,3012,3012,1000,99000003 59075,3012,3012 18853,1468,1468
864 oak_chest_boat 899499,279,279,500,200000000 899499,279,279 563533,30,30
865 spruce_boat 39712,9720,9720,200,300000010 39712,9720,9720 11581,3379,3379
866 spruce_chest_boat 93651,309,309,5000,1000000 93651,309,309 98036,86,86
867 birch_boat 9825,1183,1183,1000,100000 9825,1183,1183 24749,347,347
868 birch_chest_boat 24142393,43,43,20000,999999980 24142393,43,43 82917,12,12
869 jungle_boat 24030,365,365,500,1500000 24030,365,365 23068,161,161
870 jungle_chest_boat 585000,10,10,1000,1000000 585000,10,10 550000,8,8
871 acacia_boat 74861,292,292,2000,2000000 74861,292,292 103660,82,82
872 acacia_chest_boat 129167,36,36,50000,1000000 129167,36,36 1375000,8,8
873 cherry_boat 964629,701,701,1000,298999992 964629,701,701 1470326,180,180
874 cherry_chest_boat 369478,67,67,80000,3000000 369478,67,67 1500000,2,2
875 dark_oak_boat 10697,866,866,1000,175000 10697,866,866 11039,166,166
876 dark_oak_chest_boat 59630,27,27,20000,500000 59630,27,27 245258543,11,11
877 pale_oak_boat 130759,291,291,4000,1000000 130759,291,291 117664,45,45
878 pale_oak_chest_boat 352786,7,7,15000,1000000 352786,7,7 442222,9,9
879 mangrove_boat 188659,85,85,3000,10000000 188659,85,85 750000,1,1
880 mangrove_chest_boat 594498,45,45,28200,999000 594498,45,45 250000,1,1
881 bamboo_raft 83945,409,409,2000,1000000 83945,409,409 103371,71,71
882 bamboo_chest_raft 253556,18,18,30000,999000 253556,18,18 21686882,17,17
883 structure_block 0,0,0,0,0 0,0,0 0,0,0
884 jigsaw 0,0,0,0,0 0,0,0 0,0,0
885 test_block 0,0,0,0,0 0,0,0 0,0,0
886 test_instance_block 0,0,0,0,0 0,0,0 0,0,0
887 turtle_helmet 415927,3767,3767,45000,7000000 415927,3767,3767 293430,1064,1064
888 turtle_scute 16174,15955,993,7400,90000 982467,13760,215 18889,5003,280
889 armadillo_scute 664,6418,327,10,10000 32778,4800,75 529,1625,67
890 wolf_armor 45297,743,743,1000,1000000 45297,743,743 19615,117,117
891 flint_and_steel 38317,14523,14523,1000,10000000 38317,14523,14523 33082,4244,4244
892 bowl 2907,5560,172,38.46,1000000 158325,4928,77 1260,2507,48
893 apple 3276,210916,3801,1000,200000 203823,200064,3126 2730,39051,758
894 bow 358853,23823,23823,250,499999990 358853,23823,23823 324753,5913,5913
895 arrow 333,673991,10800,6.66,1000000 20584,661568,10337 268,218180,3466
896 coal 693,400411,6826,182,500000 42630,380416,5944 611,133142,2232
897 charcoal 315,494965,7819,102,15000 19946,488576,7634 371,99232,1612
898 diamond 7325,426121,17301,4902,400000000 365613,328320,5130 6028,104792,4027
899 emerald 3639,247593,6250,2266,113000 217091,220288,3442 3558,69315,1618
900 lapis_lazuli 746,290225,5179,46.87,1000000 44918,256384,4006 727,79243,1500
901 quartz 1484,161932,3110,552,1000000 88424,144000,2250 1519,31631,671
902 amethyst_shard 941,126915,2770,150,1000000 51148,96064,1501 1169,23981,737
903 raw_iron 1385,41400,1526,313,50000 85002,24384,381 1057,10494,357
904 iron_ingot 701,614588,12891,323,125000 41341,587136,9174 477,229764,4546
905 raw_copper 355,86657,1817,115,50000 21078,62528,977 329,19798,412
906 copper_ingot 2882,144234,2552,78.12,12000000 49517,134016,2094 906,30519,555
907 raw_gold 3722,42592,1631,1875,40000 237363,27840,435 3364,11547,411
908 gold_ingot 3342,196989,5897,2143,100000 196808,174976,2734 2688,54949,1708
909 netherite_ingot 7182969,6212,4726,6250000,11111111 474666673,1152,18 6017246,2440,2057
910 netherite_scrap 1941488,1605,1467,1500000,5000000 0,0,0 1629469,538,520
911 wooden_sword 234201,1110,1110,160,25000000 234201,1110,1110 178449,170,170
912 wooden_shovel 59540,463,463,600,1000000 59540,463,463 75345,55,55
913 wooden_pickaxe 42606,575,575,40,1320000 42606,575,575 42347,124,124
914 wooden_axe 50355,230,230,20,1000000 50355,230,230 19669,141,141
915 wooden_hoe 166413,219,219,1000,1000000 166413,219,219 67374,145,145
916 copper_sword 31655,479,479,5000,999000 31655,479,479 22558,121,121
917 copper_shovel 336322,115,115,3000,5000000 336322,115,115 74375,32,32
918 copper_pickaxe 721083,617,617,1000,200000000 721083,617,617 2169202,94,94
919 copper_axe 111335,471,471,2999,30000000 111335,471,471 52939,49,49
920 copper_hoe 1362663,303,303,3000,300000010 1362663,303,303 197833,12,12
921 stone_sword 21506,3249,3249,100,4500000 21506,3249,3249 17152,1071,1071
922 stone_shovel 22308,869,869,100,1000000 22308,869,869 11923,183,183
923 stone_pickaxe 21180,7270,7270,50,4800000 21180,7270,7270 28781,1987,1987
924 stone_axe 15431,3948,3948,800,1000000 15431,3948,3948 12638,1386,1386
925 stone_hoe 682414,787,787,700,499999990 682414,787,787 33034,288,288
926 golden_sword 78289,773,773,1000,20000000 78289,773,773 53453,208,208
927 golden_shovel 337672,189,189,5000,5000000 337672,189,189 80565,54,54
928 golden_pickaxe 84865,283,283,5000,700000 84865,283,283 88627,67,67
929 golden_axe 78891,265,265,2000,500000 78891,265,265 78211,80,80
930 golden_hoe 146785,214,214,1000,5000000 146785,214,214 103119,42,42
931 iron_sword 49265,6449,6449,1000,50000000 49265,6449,6449 23506,2120,2120
932 iron_shovel 30886,1809,1809,1000,1000000 30886,1809,1809 29496,420,420
933 iron_pickaxe 1860105,13585,13585,500,24999999570 1860105,13585,13585 17009,4298,4298
934 iron_axe 30736,5651,5651,1000,1000000 30736,5651,5651 22728,2364,2364
935 iron_hoe 41964,774,774,1000,500000 41964,774,774 56602,136,136
936 diamond_sword 696534,58039,58039,9599,24650000630 696534,58039,58039 264387,16158,16158
937 diamond_shovel 180333,30304,30304,2000,5000000 180333,30304,30304 161361,8898,8898
938 diamond_pickaxe 180922,82327,82327,10000,10000000 180922,82327,82327 186630,23399,23399
939 diamond_axe 183128,27512,27512,8000,44999997 183128,27512,27512 171916,7497,7497
940 diamond_hoe 186170,4262,4262,5000,5000000 186170,4262,4262 160322,1096,1096
941 netherite_sword 7565605,4461,4461,3000000,147000003 7565605,4461,4461 7101364,1185,1185
942 netherite_shovel 7111297,1205,1205,2100001,100000000 7111297,1205,1205 7133102,273,273
943 netherite_pickaxe 15340979,31033,31033,1000000,70000000 15340979,31033,31033 17794713,8901,8901
944 netherite_axe 18513937,13293,13293,1000000,300000010 18513937,13293,13293 25951276,3127,3127
945 netherite_hoe 1259715,2325,2325,506001,10000000 1259715,2325,2325 1033534,579,579
946 stick 166796,466981,8234,10,12950000108 3689114,450368,7037 541,148531,2574
947 mushroom_stew 10201,682,682,1000,100000 10201,682,682 7798,252,252
948 string 995,167401,3226,120,500000 53870,153024,2391 1335,52517,949
949 feather 614,45634,1018,60,50000 35598,40192,628 721,7989,214
950 gunpowder 99462,252431,5054,114,6237500211 38358,240384,3756 687,79940,1486
951 wheat_seeds 409,340584,5771,6.25,10000000 22901,328704,5136 200,93506,1585
952 wheat 868,228627,3800,250,100000 54361,218944,3421 1181,41102,697
953 bread 2073,320708,6565,632,99000 121273,289408,4522 2747,83432,1669
954 leather_helmet 243024,1594,1594,1200,10000000 243024,1594,1594 248667,352,352
955 leather_chestplate 233281,2784,2784,2000,10000000 233281,2784,2784 321994,645,645
956 leather_leggings 453685,1406,1406,1000,100000000 453685,1406,1406 317444,281,281
957 leather_boots 83668,8357,8357,1000,30000000 83668,8357,8357 93540,1992,1992
958 copper_helmet 43755,375,375,1000,1000000 43755,375,375 41091,101,101
959 copper_chestplate 104780,584,584,1000,37000000 104780,584,584 34904,108,108
960 copper_leggings 41089,352,352,700,1000000 41089,352,352 44501,98,98
961 copper_boots 54675,337,337,1000,4600000 54675,337,337 42326,68,68
962 chainmail_helmet 57844,593,593,1000,2000000 57844,593,593 78353,146,146
963 chainmail_chestplate 82975,638,638,2000,4900000 82975,638,638 61702,187,187
964 chainmail_leggings 70280,740,740,2000,10000000 70280,740,740 59871,163,163
965 chainmail_boots 41096,736,736,1000,2000000 41096,736,736 46489,211,211
966 iron_helmet 62178,1292,1292,2000,3000000 62178,1292,1292 48647,342,342
967 iron_chestplate 73541,3273,3273,4000,5000000 73541,3273,3273 63072,689,689
968 iron_leggings 66781,1804,1804,2000,2000000 66781,1804,1804 61727,444,444
969 iron_boots 99818,2481,2481,500,20000000 99818,2481,2481 128994,479,479
970 diamond_helmet 248482,26294,26294,10000,15000000 248482,26294,26294 238539,7315,7315
971 diamond_chestplate 187386,25401,25401,11500,9000000 187386,25401,25401 164359,7646,7646
972 diamond_leggings 291810,30636,30636,13000,200000000 291810,30636,30636 283632,7995,7995
973 diamond_boots 249417,31356,31356,9000,100000000 249417,31356,31356 241952,8730,8730
974 golden_helmet 95763,1046,1046,1000,5000000 95763,1046,1046 98843,229,229
975 golden_chestplate 310557,737,737,1000,100000000 310557,737,737 158774,146,146
976 golden_leggings 81751,590,590,2000,1000000 81751,590,590 119562,134,134
977 golden_boots 110677,1295,1295,1000,10000000 110677,1295,1295 92385,252,252
978 netherite_helmet 7384055,5398,5398,5000000,249999995 7384055,5398,5398 6906568,1200,1200
979 netherite_chestplate 6684971,6067,6067,5000000,248999997 6684971,6067,6067 6484270,1280,1280
980 netherite_leggings 7527775,5650,5650,5500000,97999995 7527775,5650,5650 6779202,1425,1425
981 netherite_boots 7596143,5342,5342,5900001,44999997 7596143,5342,5342 6835295,1376,1376
982 flint 2498,46833,1749,21.01,468750 149588,38912,608 2296,7203,289
983 porkchop 789,50784,944,141,166667 45872,48896,764 1250,5727,135
984 cooked_porkchop 331,840873,13847,102,100000 19745,809344,12646 409,254180,4278
985 painting 10872,17920,1683,811,300000 408072,13952,218 10219,3249,313
986 golden_apple 109053,303957,13709,14984,761764712 1344165,181504,2836 18959,83273,3646
987 enchanted_golden_apple 1404662,16384,2378,1050000,5000000 87418846,11648,182 1680224,3955,614
988 oak_sign 1735,63466,7071,188,1000000 21530,56384,3524 4531,17062,1941
989 spruce_sign 1064,192701,19912,62.5,100000 13242,157392,9837 835,68577,7260
990 birch_sign 3243,16957,1805,138,625000 49883,14432,902 2092,3032,527
991 jungle_sign 6306,6089,634,219,1000000 104953,4976,311 1568,1546,153
992 acacia_sign 14433,2133,497,313,312500 313241,1376,86 9974,510,172
993 cherry_sign 10403,9808,847,313,300000 160691,8800,550 4859,2744,206
994 dark_oak_sign 4140,13538,1302,219,200000 58291,11872,742 2103,3523,309
995 pale_oak_sign 8898,35707,2611,333,84999997 91875,34560,2160 11198,4344,468
996 mangrove_sign 27922,3194,259,1286,499500 393749,2816,176 13883,732,49
997 bamboo_sign 13192,13562,880,938,19000000 183918,13296,831 4024,3916,251
998 crimson_sign 12374,3834,259,1071,125000 177973,3504,219 9084,511,73
999 warped_sign 22994,10797,917,929,1000000 285009,10032,627 22168,2139,203
1001 spruce_hanging_sign 35279,3374,455,833,265000 518754,2784,174 29853,1001,87
1002 birch_hanging_sign 138544,331,34,3125,990000 2113125,256,16 90333,66,7
1003 jungle_hanging_sign 222899,268,22,5000,799999 3600000,256,16 4688,16,1
1004 acacia_hanging_sign 92597,173,38,4286,245313 1787500,96,6 415000,60,7
1005 cherry_hanging_sign 34272,914,121,3125,430000 323143,784,49 26235,590,53
1006 dark_oak_hanging_sign 45959,765,94,1250,125000 1342750,128,8 36659,126,20
1007 pale_oak_hanging_sign 36930,3563,506,1875,500000 347690,2768,173 34255,1856,186
1008 mangrove_hanging_sign 164148,408,97,6250,1000000 2366176,272,17 507196,22,7
1009 bamboo_hanging_sign 30104,1467,137,3000,909091 322056,1344,84 98596,275,28
1010 crimson_hanging_sign 53873,663,67,1250,2000000 493608,576,36 61346,52,7
1011 warped_hanging_sign 114620,1180,225,6250,1200000 1059105,912,57 62389,199,36
1012 bucket 4708,70599,5624,938,400000 70789,67040,4190 8849,19280,1559
1013 water_bucket 44806,31117,31117,1099,999999980 44806,31117,31117 10456,10494,10494
1014 lava_bucket 24652,20618,20618,3500,4100000 24652,20618,20618 16111,6579,6579
1015 powder_snow_bucket 36794,10605,10605,2000,1000000 36794,10605,10605 38382,3168,3168
1016 snowball 10251,103131,6497,8.18,62499999 166394,101552,6347 409,33844,2133
1017 leather 1753,240201,5488,638,109375 98025,211328,3302 1524,60018,1470
1018 milk_bucket 41700,8353,8353,3000,29299292 41700,8353,8353 43026,2373,2373
1019 pufferfish_bucket 100649,868,868,10000,1000000 100649,868,868 269552,131,131
1020 salmon_bucket 544110,164,164,5000,50000000 544110,164,164 603928,29,29
1021 cod_bucket 103590,117,117,3000,800000 103590,117,117 105091,11,11
1022 tropical_fish_bucket 71975,8026,8026,5000,5000000 71975,8026,8026 91913,1824,1824
1023 axolotl_bucket 129341,8642,8642,10000,25000000 129341,8642,8642 179959,2307,2307
1024 tadpole_bucket 113070,495,495,30000,700000 113070,495,495 133478,122,122
1025 brick 2978,27135,484,47.05,268293 168584,24640,385 2582,13115,237
1026 clay_ball 367,96168,1609,31.25,25000 23001,89344,1396 323,16714,286
1027 dried_kelp_block 985,113748,3947,748,34950 57445,98944,1546 895,22415,805
1028 paper 646,494320,8072,167,50000000 31002,475072,7423 596,131291,2222
1029 book 0,0,0,0,0 0,0,0 0,0,0
1030 slime_ball 461,107749,1882,50,250000 27914,101056,1579 425,30879,525
1031 egg 1120,166002,10548,62.5,200000 17720,164320,10270 1023,58554,3725
1032 blue_egg 2433,23006,1472,125,150000 38205,22672,1417 8911,3857,255
1033 brown_egg 2278,26089,1670,2,150000 35803,25536,1596 2441,4014,264
1034 compass 13534,20766,2260,2000,20000000 383970,17088,267 248994,4227,424
1035 recovery_compass 188742,431,249,56604,1000000 4900000,128,2 162202,76,76
1036 bundle 846518,4165,4165,1000,1499999928 846518,4165,4165 235366,1086,1086
1037 white_bundle 1563200,25,25,30000,13990001 1563200,25,25 428870,23,23
1038 orange_bundle 645818,22,22,29000,6700000 645818,22,22 0,0,0
1039 magenta_bundle 1063410,29,29,14900,14670001 1063410,29,29 4386000,3,3
1040 light_blue_bundle 571938,8,8,75500,2500000 571938,8,8 0,0,0
1041 yellow_bundle 742000,17,17,29000,7000000 742000,17,17 65908,12,12
1042 lime_bundle 6526141,7,7,32990,15000000 6526141,7,7 10122250,4,4
1043 pink_bundle 7864520,25,25,45000,150000005 7864520,25,25 4689667,3,3
1044 gray_bundle 22405333,24,24,35000,100000000 22405333,24,24 500000,3,3
1045 light_gray_bundle 1953545,22,22,100000,36000000 1953545,22,22 16700000,3,3
1046 cyan_bundle 3560000,5,5,150000,9000000 3560000,5,5 0,0,0
1047 purple_bundle 1592480,25,25,50000,7000000 1592480,25,25 2844333,9,9
1048 blue_bundle 739667,70,70,10000,16000000 739667,70,70 122993,15,15
1049 brown_bundle 3419914,14,14,70000,14670001 3419914,14,14 0,0,0
1050 green_bundle 856482,27,27,65000,13990001 856482,27,27 0,0,0
1051 red_bundle 379039,171,171,15000,12990001 379039,171,171 1027719,32,32
1052 black_bundle 1747967,60,60,20000,20000000 1747967,60,60 1235000,24,24
1053 fishing_rod 137204,3983,3983,1000,20000000 137204,3983,3983 164195,871,871
1054 clock 30402,1072,581,1056,1000000 0,0,0 32777,181,118
1055 spyglass 42953,1964,1964,3000,1000000 42953,1964,1964 37975,402,402
1056 glowstone_dust 1860,95056,2295,435,100000 113112,74752,1168 1652,25777,602
1057 cod 2432,40209,728,156,500000 151246,37184,581 2650,10946,197
1058 salmon 5280,14056,323,370,300000 309304,11456,179 6945,2567,70
1059 tropical_fish 4947,12172,381,500,150000 270051,10816,169 7614,1804,63
1060 pufferfish 15144,16412,743,6000,170000 892889,14848,232 19320,3952,159
1061 cooked_cod 2537,10176,200,156,1000000 144268,9536,149 1833,2290,42
1062 cooked_salmon 11425,3431,113,167,450000 853503,2432,38 6191,1230,32
1063 ink_sac 3538,48651,1325,550,100000 204152,45760,715 4273,7610,236
1064 glow_ink_sac 4563,59963,4531,467,5000000 154180,48064,751 3294,22461,1249
1065 cocoa_beans 746,28474,661,46.87,50000 44868,23808,372 597,7194,184
1066 white_dye 598,216041,3544,50,100000 37345,206912,3233 770,47812,789
1067 orange_dye 1451,99015,1632,93.75,1000000 89731,93760,1465 939,17765,303
1068 magenta_dye 245,100429,1684,15.62,50000 14655,94528,1477 303,24515,392
1069 light_blue_dye 2184,78181,1308,87.71,80000 135910,72640,1135 1319,21810,365
1070 yellow_dye 457,189445,3109,15.62,1000000 27007,180288,2817 495,37526,614
1071 lime_dye 837,115827,1837,156,15625 52847,111616,1744 836,23758,377
1072 pink_dye 267,162208,2624,15.62,300000 16011,154240,2410 314,29299,484
1073 gray_dye 3540,65983,1071,469,200000 226414,62912,983 2700,12475,283
1074 light_gray_dye 2644,41765,811,81.63,150000 166381,37504,586 1629,12206,222
1075 cyan_dye 2689,68518,1278,120,100000 164275,55168,862 2235,17194,302
1076 purple_dye 1998,102779,1699,62.5,89000 125652,98240,1535 1786,23095,386
1077 blue_dye 1202,161011,2833,46.87,70000 71009,154176,2409 1094,36782,697
1078 brown_dye 1456,59100,1023,80.64,200000 93815,52736,824 1644,12293,225
1079 green_dye 152457,165745,2676,45.45,392562483 10157096,159168,2487 428,35756,572
1080 red_dye 188,330375,5429,15.62,50000 11386,312192,4878 205,83742,1392
1081 black_dye 2242,129661,3101,91.01,100000 116178,121216,1894 1875,35667,733
1082 bone_meal 34100,1443928,23437,62.5,23000000758 13830,1419136,22174 242,452916,7329
1083 bone 81434,286684,4790,154,23100000829 39475,275584,4306 545,93184,1519
1084 sugar 711,27172,537,78.12,125000 31071,23104,361 812,4452,98
1085 cake 108604,1808,1808,4000,1000000 108604,1808,1808 166141,293,293
1086 white_bed 25808,11825,11825,2000,200000 25808,11825,11825 29708,3979,3979
1087 orange_bed 183651,238,238,20000,2500000 183651,238,238 212160,48,48
1088 magenta_bed 63630,646,646,10000,1000000 63630,646,646 42764,323,323
1089 light_blue_bed 123451,330,330,20000,5000000 123451,330,330 187228,51,51
1090 yellow_bed 164523,515,515,2000,20000000 164523,515,515 1127062,97,97
1091 lime_bed 96739,467,467,10000,1000000 96739,467,467 84859,79,79
1092 pink_bed 121547,696,696,9000,10000000 121547,696,696 56379,224,224
1093 gray_bed 66569,516,516,9000,999000 66569,516,516 71631,150,150
1094 light_gray_bed 170993,141,141,4000,10000000 170993,141,141 343515,39,39
1095 cyan_bed 230628,229,229,14900,15000000 230628,229,229 106096,51,51
1096 purple_bed 265310,320,320,5000,1500000 265310,320,320 133186,95,95
1097 blue_bed 101740,807,807,12000,1000000 101740,807,807 556292,205,205
1098 brown_bed 1216972,188,188,10000,200000000 1216972,188,188 139260,63,63
1099 green_bed 106824,374,374,9500,1000000 106824,374,374 142116,85,85
1100 red_bed 73226,2104,2104,9000,2500000 73226,2104,2104 54650,584,584
1101 black_bed 104790,1962,1962,8999,88999997 104790,1962,1962 56884,708,708
1102 cookie 2248,72952,1195,83.33,781250 138278,69184,1081 908,17320,298
1103 crafter 5901,234042,8329,3125,166667 332221,188928,2952 5926,59950,2159
1104 filled_map 223755,293982,237966,833,23000000758 958348,27776,434 179586,73146,63330
1105 shears 110416,7534,7534,2000,100000000 110416,7534,7534 70784,2291,2291
1106 melon_slice 371,83226,1525,28.57,30000 21215,76608,1197 564,16971,352
1107 dried_kelp 215,154520,2506,82.81,20000 13351,148608,2322 227,44717,728
1108 pumpkin_seeds 673,49780,932,25,70000 41137,44416,694 520,12553,221
1109 melon_seeds 2643,8985,290,30.27,100000 135462,7744,121 1928,2628,69
1110 beef 1856,68059,1174,313,10000000 106533,65728,1027 1463,13638,244
1111 cooked_beef 63906,795032,21660,328,400161294 51635,630528,9852 1466,254689,7154
1112 chicken 2240,11641,385,67,200000 127273,9216,144 2059,3390,94
1113 cooked_chicken 1398,105849,1942,141,690000 84277,101056,1579 1532,24770,459
1114 rotten_flesh 644,168642,2956,46,100000 38350,160512,2508 980,104662,1723
1115 ender_pearl 102894,494027,35849,31.06,8573333886 8111,458000,28625 773,153240,10842
1116 blaze_rod 672,479819,8004,230,100000 40425,467520,7305 497,164300,2675
1117 ghast_tear 28775,18820,634,5833,1900000 1757515,15872,248 19348,4539,175
1118 gold_nugget 959,53189,1040,238,67000 60504,47040,735 1425,8935,217
1119 nether_wart 1166,221178,3899,118,89000 71856,206720,3230 1414,69835,1189
1120 glass_bottle 790,220067,3619,250,120000 49262,216064,3376 1022,63463,1053
1121 potion 510659,39566,39566,20,999999980 510659,39566,39566 468381,9963,9963
1122 spider_eye 3932,101201,1935,23.01,3125000 251753,97216,1519 1475,27819,550
1123 fermented_spider_eye 5121,86755,1752,513,70000 310079,77952,1218 4088,22820,417
1124 blaze_powder 697,111079,1883,93.73,40000 42290,103744,1621 732,27274,452
1125 magma_cream 3108,38984,711,278,75555 191141,36352,568 3744,10900,210
1126 brewing_stand 2691,93261,5488,156,1000000 119606,83008,1297 4397,26715,1795
1127 cauldron 8480,34990,1896,1111,300000 397015,28864,451 8036,6042,408
1128 ender_eye 1867,94772,2025,200,2000000 96012,86208,1347 1851,25261,579
1129 glistering_melon_slice 5551,9897,282,429,100000 351938,8064,126 4720,2048,62
1217 experience_bottle 6783,1030863,37910,4747,400000 383007,682240,10660 6410,287545,10647
1218 fire_charge 5100,19186,761,500,149999 266521,15296,239 4411,6280,224
1219 wind_charge 7266,366527,9159,3600,2000000 414055,308672,4823 7156,76390,2021
1220 writable_book 88598,6389,6389,4000,50000000 88598,6389,6389 64024,1742,1742
1221 written_book 4567678,6814,4606,2000,8999999242 490217,2208,138 2616546,1388,952
1222 breeze_rod 23255,48775,2099,15000,555556 1409842,37824,591 25241,12635,524
1223 mace 4827996,11164,11164,3000000,499999990 4827996,11164,11164 4709144,2563,2563
1224 item_frame 3834,331371,15166,800,2500000 182498,251840,3935 3971,87603,4393
1225 glow_item_frame 33260,40823,2177,1000,55555554 456969,35840,560 10172,8934,396
1226 flower_pot 10907,26983,2348,1563,1000000 348342,16192,253 10128,9040,626
1227 carrot 713,475252,7649,156,88000 45073,465600,7275 1129,106157,1788
1228 potato 1168,115246,1917,141,1000000 56875,109952,1718 1197,31159,512
1229 baked_potato 1185,51905,955,156,46875 76463,47936,749 967,13999,259
1230 poisonous_potato 16588,1137,185,82.29,4950000 167250,256,4 3107,336,46
1231 map 33769,785373,37807,3500,51562501 2425929,633216,9894 7196,223817,11202
1232 golden_carrot 217710,211048,5325,1875,22600000471 202509,170432,2663 3274,64301,1403
1233 skeleton_skull 267242,6719,1411,156333,1000000 15960326,4800,75 266474,2931,310
1235 player_head 0,0,0,0,0 0,0,0 0,0,0
1236 zombie_head 325170,8211,1407,195652,5000000 20259294,6272,98 323719,1877,331
1237 creeper_head 300500,10836,1606,205000,1000000 18906403,8576,134 286151,2939,533
1238 dragon_head 53732653,1440,1400,47500001,99000003 0,0,0 51604297,333,331
1239 piglin_head 463631,23798,2882,373000,2000000 28521592,17984,281 463631,7980,876
1240 nether_star 186171,4745,1199,90000,650000 12247667,3392,53 188751,1013,306
1241 pumpkin_pie 1748,10185,216,141,33333 101446,7616,119 3683,2518,44
1242 firework_rocket 2625,532862,9410,133,22000000 121973,500800,7825 1494,160024,3115
1243 firework_star 5675,34775,551,1563,1000000 360752,34624,541 11221,4864,79
1245 nether_brick 2248,14124,292,92.59,2000000 110091,12288,192 719,5016,96
1246 resin_brick 4123,49461,1325,351,6000000 158966,45056,704 2705,13249,298
1247 prismarine_shard 1559,13677,241,250,30000 98431,12992,203 2485,1496,29
1248 prismarine_crystals 1861,11085,277,127,69091 105715,9216,144 2334,1754,70
1249 rabbit 4219,1140,151,938,100000 165833,768,12 6287,54,24
1250 cooked_rabbit 56094,868,43,469,3900000 760000,448,7 12438,16,4
1251 rabbit_stew 35625,72,72,3000,150000 35625,72,72 124706,17,17
1252 rabbit_foot 29831,2050,286,2500,500000 1185600,1280,20 22866,488,83
1253 rabbit_hide 7769,865,167,200,1000000 86000,256,4 2478,141,24
1254 armor_stand 1507,195139,12908,133,100000 23404,190000,11875 1325,36300,2637
1255 copper_horse_armor 75049,680,680,500,999000 75049,680,680 40896,137,137
1256 iron_horse_armor 163760,858,858,1000,50000000 163760,858,858 62936,208,208
1257 golden_horse_armor 121416,1022,1022,1600,1000000 121416,1022,1022 91930,269,269
1258 diamond_horse_armor 158428,1772,1772,2000,11000000 158428,1772,1772 48128,282,282
1259 netherite_horse_armor 9236789,19,19,5000000,14000000 9236789,19,19 9500000,2,2
1260 leather_horse_armor 430131,114,114,25000,10000000 430131,114,114 779273,11,11
1261 lead 6296,48402,4075,402,15800000 219093,38656,604 5033,12568,1205
1262 name_tag 31300,14536,4565,10556,23299999 1627448,8256,129 35293,3657,1273
1264 mutton 3447,3206,215,800,100000 204309,2368,37 4562,427,55
1265 cooked_mutton 16845,7643,168,90.9,1562500 1169286,6720,105 3186,1242,39
1266 white_banner 40309,38704,7234,156,100000000 189247,30560,1910 36848,7265,1622
1267 orange_banner 98802,410,66,3333,5000000 849363,304,19 128824,85,25
1268 magenta_banner 162726,308,218,1000,2000000 500000,16,1 188500,50,45
1269 light_blue_banner 152840,723,279,10000,1000000 1501852,432,27 117267,172,60
1270 yellow_banner 661715,198,137,5833,100000000 4000000,16,1 263080,25,25
1271 lime_banner 391831,362,232,6000,10000000 712500,64,4 341274,62,58
1272 pink_banner 246705,478,385,6250,2500000 1866667,48,3 390217,46,46
1273 gray_banner 235433,60,27,9375,2000000 224495,32,2 385750,4,4
1274 light_gray_banner 219537,149,149,40000,1000000 0,0,0 1335444,9,9
1275 cyan_banner 176455,358,227,5000,1000000 1762500,64,4 146494,89,29
1276 purple_banner 214274,508,368,3750,3000000 880000,112,7 177696,135,34
1277 blue_banner 212978,863,496,5000,10000000 2723684,304,19 158391,179,175
1278 brown_banner 113340,626,447,1000,5000000 4350000,32,2 556214,242,141
1279 green_banner 407244,130,110,5833,3000000 0,0,0 263714,7,7
1280 red_banner 135311,3540,1198,8333,7000000 1390127,2272,142 151176,571,252
1281 black_banner 103627,9145,2501,1000,38000000 551620,6528,408 172681,1004,464
1282 end_crystal 21041,423402,18141,5555,1000000 1220721,287424,4491 20165,100591,5098
1283 chorus_fruit 948,145890,2577,46.87,300000 58282,132416,2069 1491,31032,554
1284 popped_chorus_fruit 8545,4401,102,172,1000000 288933,3840,60 13115,1210,23
1285 torchflower_seeds 6959,14145,358,938,220000 405445,13120,205 4612,3268,61
1286 pitcher_pod 1214,6160,169,78.12,100000 40618,5696,89 2472,857,28
1287 beetroot 1916,9728,178,46.87,50000 120211,8576,134 2403,2692,46
1288 beetroot_seeds 1030,11731,255,28.22,51000 60581,10176,159 878,2261,44
1289 beetroot_soup 152096,41,41,8000,1000000 152096,41,41 38533,15,15
1290 dragon_breath 13339,35356,917,4636,1000000 805817,33536,524 12613,3496,140
1291 splash_potion 94760,94383,94383,1000,1999999959 94760,94383,94383 49069,29026,29026
1292 spectral_arrow 2781,54827,931,133,105263 171201,50880,795 2600,15707,258
1293 tipped_arrow 6040,414925,7859,38.46,50000000 370884,358144,5596 5244,95911,1744
1294 lingering_potion 151323,1698,1698,1000,44999997 151323,1698,1698 127387,426,426
1295 shield 117094,14720,14720,2000,50000000 117094,14720,14720 100255,4214,4214
1296 wooden_spear 136168,197,197,1000,4999999 136168,197,197 185321,28,28
1297 stone_spear 15166,317,317,25,200000 15166,317,317 23951,83,83
1298 copper_spear 74286,145,145,2500,2000000 74286,145,145 31667,18,18
1299 iron_spear 40069,300,300,1000,3000000 40069,300,300 25845,121,121
1300 golden_spear 202650,76,76,4000,5000000 202650,76,76 380844,32,32
1301 diamond_spear 349432,6514,6514,5000,8000000 349432,6514,6514 311877,1499,1499
1302 netherite_spear 6110098,903,903,4900000,75000003 6110098,903,903 5629942,207,207
1303 totem_of_undying 239398,24083,24083,104990,999999980 239398,24083,24083 297041,8351,8351
1304 shulker_shell 5707,126728,2180,2800,375000 360343,122496,1914 5402,38003,651
1305 iron_nugget 1149,8570,240,36.84,50000 59508,5696,89 438,5880,117
1306 copper_nugget 4735,1414,42,52.63,1000000 19375,1024,16 1725,536,12
1307 knowledge_book 0,0,0,0,0 0,0,0 0,0,0
1309 music_disc_13 26507,1079,1079,1000,500000 26507,1079,1079 66937,243,243
1310 music_disc_cat 30091,1124,1124,1000,1000000 30091,1124,1124 30770,265,265
1311 music_disc_blocks 354970,155,155,4200,1000000 354970,155,155 507180,27,27
1312 music_disc_chirp 332478,211,211,25000,4000000 332478,211,211 340885,52,52
1313 music_disc_creator 119279,521,521,4000,1000000 119279,521,521 115408,142,142
1314 music_disc_creator_music_box 236135,290,290,5000,4900000 236135,290,290 242434,76,76
1315 music_disc_far 285694,95,95,4000,1000000 285694,95,95 338520,25,25
1316 music_disc_lava_chicken 421899,1005,1005,50000,3000000 421899,1005,1005 427824,252,252
1317 music_disc_mall 282908,301,301,5166,15000000 282908,301,301 240835,68,68
1318 music_disc_mellohi 368478,237,237,4500,999000 368478,237,237 464974,39,39
1319 music_disc_stal 333334,182,182,6000,3000000 333334,182,182 783098,41,41
1320 music_disc_strad 248917,255,255,6000,3000000 248917,255,255 210823,56,56
1321 music_disc_ward 183875,125,125,3000,1000000 183875,125,125 466833,24,24
1322 music_disc_11 305400,220,220,10000,4400000 305400,220,220 286271,48,48
1323 music_disc_wait 283723,191,191,5500,2000000 283723,191,191 248578,38,38
1324 music_disc_otherside 161909,439,439,4900,5000000 161909,439,439 219093,73,73
1325 music_disc_relic 2994854,74,74,1000000,10000000 2994854,74,74 3558823,17,17
1326 music_disc_5 319475,200,200,20000,900000 319475,200,200 178400,85,85
1327 music_disc_pigstep 628428,563,563,151000,10000000 628428,563,563 436160,109,109
1328 music_disc_precipice 162293,321,321,3000,1000000 162293,321,321 220929,84,84
1329 music_disc_tears 390728,330,330,50000,1000000 390728,330,330 501265,82,82
1330 disc_fragment_5 14130,1882,217,1000,100000 767684,1216,19 10073,426,43
1331 trident 1191520,14697,14697,300000,34499999 1191520,14697,14697 1277249,3809,3809
1332 nautilus_shell 3938,3349,338,290,2000000 198216,1600,25 6732,755,74
1333 iron_nautilus_armor 21585,124,124,2000,200000 21585,124,124 20330,40,40
1334 golden_nautilus_armor 47020,142,142,2000,1000000 47020,142,142 54288,34,34
1335 diamond_nautilus_armor 180339,137,137,5000,3000000 180339,137,137 66000,23,23
1336 netherite_nautilus_armor 5238500,20,20,3000000,14000000 5238500,20,20 6833300,3,3
1337 copper_nautilus_armor 356075,254,254,1000,80000000 356075,254,254 15222,45,45
1338 heart_of_the_sea 47651,1239,454,24000,200000 2638236,704,11 68592,234,141
1339 crossbow 209170,3070,3070,1000,10000000 209170,3070,3070 285570,585,585
1340 suspicious_stew 29112,685,685,1000,2000000 29112,685,685 19799,105,105
1341 loom 12163,11117,900,1250,800000 509152,9536,149 20970,2394,254
1342 flower_banner_pattern 343894,180,180,3000,2000000 343894,180,180 222936,47,47
1343 creeper_banner_pattern 912884,91,91,100000,4000000 912884,91,91 397354,28,28
1344 skull_banner_pattern 306896,135,135,10000,800000 306896,135,135 1032848,17,17
1345 mojang_banner_pattern 2291000,37,37,500000,3790000 2291000,37,37 1557143,14,14
1346 globe_banner_pattern 95170,106,106,5000,298000 95170,106,106 83542,33,33
1347 piglin_banner_pattern 1018373,182,182,58297,2600000 1018373,182,182 832998,25,25
1348 flow_banner_pattern 14659,403,403,1000,100000 14659,403,403 15846,87,87
1349 guster_banner_pattern 45820,215,215,1000,999000 45820,215,215 28295,52,52
1350 field_masoned_banner_pattern 509880,50,50,75000,5000000 509880,50,50 325000,10,10
1351 bordure_indented_banner_pattern 198329,218,218,30000,2000000 198329,218,218 173556,45,45
1352 goat_horn 392407,897,897,3000,5000000 392407,897,897 348817,232,232
1353 composter 1984,97830,4192,159,2000000 76413,84096,1314 1343,25522,1238
1354 barrel 7182,170346,6782,61.01,3906250 481672,143424,2241 12469,46765,1798
1355 smoker 1534,186957,3841,89.01,300000 88375,170176,2659 1536,42989,1021
1356 blast_furnace 8799,41752,3495,1400,350000 341646,32960,515 7226,9657,707
1357 cartography_table 22834,4830,1274,1000,5000000 510057,2240,35 33183,626,277
1358 fletching_table 8175,26306,1534,1563,3700000 337404,23232,363 33917,4152,333
1359 grindstone 13974,12618,2127,345,440000 495859,9536,149 8048,4525,545
1360 smithing_table 15834,18122,3460,1563,1000000 463297,12928,202 41698,3930,998
1361 stonecutter 10705,12955,2217,625,1000000 187355,9728,152 6390,4817,658
1362 bell 57742,3839,642,2273,1000000 2404633,2560,40 40598,689,115
1363 lantern 5232,87367,4204,703,300000 250479,71424,1116 4402,19374,1011
1364 soul_lantern 8210,43698,2362,317,1000000 364453,34176,534 9961,7870,439
1365 copper_lantern 8160,7135,194,1538,1000000 376879,3328,52 8221,1768,44
1366 exposed_copper_lantern 14286,35,3,9375,100000 0,0,0 283333,3,3
1367 weathered_copper_lantern 189111,63,8,25000,499000 0,0,0 106250,32,1
1368 oxidized_copper_lantern 48153,1246,126,16949,699000 1994682,960,15 70705,167,18
1369 waxed_copper_lantern 67352,1167,84,1246,899999 4789979,768,12 23121,128,2
1370 waxed_exposed_copper_lantern 278125,64,11,75000,1600000 0,0,0 463750,8,7
1371 waxed_weathered_copper_lantern 1593869,84,30,312500,12857142 0,0,0 321307,21,16
1372 waxed_oxidized_copper_lantern 96748,416,52,6667,999999 4600000,128,2 64182,234,15
1373 sweet_berries 189,381030,6378,25,50000 11329,364352,5693 165,131931,2178
1374 glow_berries 1544,52500,971,45.45,1000000 81281,49792,778 3619,8452,169
1375 campfire 8256,29423,2082,862,190000 326263,25088,392 17770,3791,567
1376 soul_campfire 14385,15040,1626,1094,400000 508992,11904,186 12583,3370,309
1377 shroomlight 1642,93015,1958,13.01,99000 92203,88256,1379 1603,17685,347
1378 honeycomb 1606,104145,1877,164,66667 96842,97536,1524 1410,25459,466
1379 bee_nest 244123,1571,1341,2500,1000000 49499999,128,2 159743,308,303
1380 beehive 11533,42077,1647,1102,1000000 401405,39360,615 14737,8783,406
1381 honey_bottle 10653,2125,364,1000,900000 110023,1392,87 10202,531,116
1382 honeycomb_block 5251,8114,302,391,200000 261293,6912,108 2651,1617,35
1383 lodestone 9156,39160,1510,1563,500000 518048,36160,565 13335,10372,401
1384 crying_obsidian 8569,85871,2526,2100,781250 527862,70080,1095 4821,23595,691
1385 blackstone 1463,351546,5850,688,68900 91081,337792,5278 1530,91707,1580
1386 blackstone_slab 4449,41663,666,700,62500 286076,39936,624 3826,9262,157
1387 blackstone_stairs 5309,46158,847,781,18438 331520,40960,640 4700,11425,225
1388 gilded_blackstone 981463,41679,3188,850000,15000000 62138139,33408,522 1034250,13102,1288
1389 polished_blackstone 12133,241585,3942,625,35937500 795769,233536,3649 2175,48363,782
1390 polished_blackstone_slab 5549,32364,536,714,400000 355345,30336,474 4819,5821,109
1391 polished_blackstone_stairs 4244,56698,1000,1786,200000 254767,53632,838 4259,12704,209
1392 chiseled_polished_blackstone 3924,79272,1550,437,156250 235253,74624,1166 3858,17861,361
1393 polished_blackstone_bricks 2247,286112,4832,667,192308 138918,269952,4218 1992,80523,1357
1394 polished_blackstone_brick_slab 5141,26892,436,1000,78125 328641,25408,397 8306,5532,89
1395 polished_blackstone_brick_stairs 6203,48493,876,600,200000 375144,45120,705 8764,9968,199
1396 cracked_polished_blackstone_bricks 4057,122427,1991,1000,16666667 230233,118336,1849 3035,32679,526
1397 respawn_anchor 30464,164388,5522,8400,250000 1841895,132416,2069 23330,92640,2299
1398 candle 4934,29622,836,357,100000 265650,24832,388 4920,9261,286
1399 white_candle 7579,28616,777,333,160000 415470,25984,406 6765,6923,141
1400 orange_candle 28116,2008,66,3571,1000000 1830090,1664,26 15185,567,9
1401 magenta_candle 22217,1277,53,4688,250000 1341000,1088,17 10401,533,14
1402 light_blue_candle 20807,1858,83,1639,400000 1122973,1408,22 16397,453,9
1403 yellow_candle 14325,3281,101,781,450000 653365,2880,45 11239,476,19
1404 lime_candle 14488,4855,119,1563,100000 890949,4544,71 15189,652,17
1405 pink_candle 6429,7187,133,1563,80000 412709,6592,103 23112,876,15
1406 gray_candle 21157,1470,40,4688,350000 1089474,1216,19 12478,389,8
1407 light_gray_candle 105011,1305,43,6140,11000001 1111389,1152,18 16494,406,8
1408 cyan_candle 12646,7580,160,1429,590000 659404,6592,103 35397,520,20
1409 purple_candle 9974,6559,203,263,1000000 560699,5632,88 32976,944,30
1410 blue_candle 10117,4932,121,516,380000 605998,4160,65 14674,794,26
1411 brown_candle 19917,2957,71,1750,450000 1208108,2560,40 17846,610,17
1412 green_candle 14275,5465,135,4918,1000000 799301,4992,78 6835,2006,38
1413 red_candle 4603,26247,705,500,1000000 220122,24320,380 3640,4913,152
1414 black_candle 11348,15978,406,1563,420000 653096,14336,224 15641,1774,49
1415 small_amethyst_bud 24461,1629,398,645,200000 1214143,448,7 25384,574,109
1416 medium_amethyst_bud 40470,2962,649,2000,699000 1396724,1856,29 114858,310,205
1417 large_amethyst_bud 31179,2977,294,1250,599000 1394429,2112,33 38581,462,74
1418 amethyst_cluster 7949,35875,2287,318,130000 375981,26112,408 8379,6632,445
1419 pointed_dripstone 2335,137534,4222,54.68,500000 118051,116352,1818 2313,33259,887
1420 ochre_froglight 3462,97728,2004,72.01,1000000 190223,91328,1427 3970,22584,468
1421 verdant_froglight 5872,64505,1627,253,281250 340977,60096,939 3384,16358,367
1422 pearlescent_froglight 2370,106502,2502,201,120000 135574,95040,1485 1339,28783,838
1423 frogspawn 0,0,0,0,0 0,0,0 0,0,0
1424 echo_shard 11188,7175,351,1457,300000 509381,5632,88 34041,497,73
1425 brush 712033,1690,1690,5000,320000000 712033,1690,1690 124494,422,422
1426 netherite_upgrade_smithing_template 47221,15842,4147,16667,1400000 2450231,8320,130 58816,4020,1155
1427 sentry_armor_trim_smithing_template 90648,795,291,10000,2000000 3633333,384,6 104258,197,146
1428 dune_armor_trim_smithing_template 157634,1456,1077,50000,960000 7400000,128,2 169099,223,220
1429 coast_armor_trim_smithing_template 45452,5100,1144,3000,500000 2250000,3456,54 53839,497,155
1430 wild_armor_trim_smithing_template 123495,901,610,15000,500000 4333333,192,3 116940,189,110
1431 ward_armor_trim_smithing_template 71370,1323,456,3900,2000000 2766667,576,9 75578,184,98
1432 eye_armor_trim_smithing_template 95908,3673,1478,21001,800000 3917857,1792,28 72463,1401,354
1433 vex_armor_trim_smithing_template 195740,762,656,30000,30000000 5800000,64,1 100914,293,102
1434 tide_armor_trim_smithing_template 140909,1011,518,25000,699000 5000000,128,2 115212,316,157
1435 snout_armor_trim_smithing_template 146299,606,412,30000,500000 5800000,64,1 139399,150,112
1436 rib_armor_trim_smithing_template 117327,2364,1412,30000,500000 4771429,448,7 103134,1175,452
1437 spire_armor_trim_smithing_template 127417,621,397,10000,499000 3833333,192,3 150694,192,190
1438 wayfinder_armor_trim_smithing_template 173407,349,228,10000,500000 8000000,64,1 293599,68,67
1439 shaper_armor_trim_smithing_template 211718,230,177,24700,999990 0,0,0 179136,22,20
1440 silence_armor_trim_smithing_template 56509,48805,9278,23846,100000000 3040233,31808,497 50562,10785,2463
1441 raiser_armor_trim_smithing_template 141196,422,238,25000,1000000 2900000,128,2 114092,87,35
1442 host_armor_trim_smithing_template 170070,281,233,50000,650000 0,0,0 196643,28,19
1443 flow_armor_trim_smithing_template 92712,11009,2812,15001,5000000 4806117,7104,111 109839,2314,910
1444 bolt_armor_trim_smithing_template 76195,1855,886,5000,1600000 3944444,576,9 54959,686,161
1445 angler_pottery_sherd 40625,8,8,10000,100999 0,0,0 350000,1,1
1446 archer_pottery_sherd 270000,2,2,40000,500000 0,0,0 0,0,0
1447 arms_up_pottery_sherd 0,0,0,0,0 0,0,0 0,0,0
1448 blade_pottery_sherd 375667,12,12,10000,4000000 0,0,0 83333,3,2
1449 brewer_pottery_sherd 960000,2,2,20000,1900000 0,0,0 0,0,0
1450 burn_pottery_sherd 80000,7,7,10000,250000 0,0,0 0,0,0
1451 danger_pottery_sherd 79321,7,7,3250,200000 0,0,0 99000,1,1
1452 explorer_pottery_sherd 165357,14,9,5000,500000 0,0,0 15000,1,1
1453 flow_pottery_sherd 13416,1552,57,3267,100000 873522,1344,21 8745,147,10
1454 friend_pottery_sherd 84500,6,5,50000,100000 0,0,0 420000,5,5
1455 guster_pottery_sherd 18366,385,58,5000,115000 1000000,320,5 14269,140,13
1456 heart_pottery_sherd 157063,16,10,5000,1000000 0,0,0 25000,1,1
1457 heartbreak_pottery_sherd 61333,6,6,20000,100000 0,0,0 60000,2,2
1458 howl_pottery_sherd 82500,6,6,30000,200000 0,0,0 100000,1,1
1459 miner_pottery_sherd 0,0,0,0,0 0,0,0 5000,1,1
1460 mourner_pottery_sherd 50000,14,9,10000,200000 0,0,0 86264,11,11
1461 plenty_pottery_sherd 41285,7,7,9999,99999 0,0,0 0,0,0
1462 prize_pottery_sherd 310000,2,2,20000,600000 0,0,0 27500,4,2
1463 scrape_pottery_sherd 15790,311,44,3840,100000 1000000,256,4 11879,76,9
1464 sheaf_pottery_sherd 81600,5,5,40000,200000 0,0,0 200000,1,1
1465 shelter_pottery_sherd 130000,10,10,24999,400000 0,0,0 193333,3,3
1466 skull_pottery_sherd 269444,9,8,5000,1000000 0,0,0 452500,2,2
1467 snort_pottery_sherd 35500,10,10,10000,50000 0,0,0 50000,1,1
1468 copper_grate 13010,6200,124,1563,599000 778655,5568,87 13269,2111,41
1469 exposed_copper_grate 20408,49,3,9375,31250 0,0,0 0,0,0
1470 weathered_copper_grate 30000,10,1,30000,30000 0,0,0 18000,5,1
1471 oxidized_copper_grate 71484,1174,39,1250,468750 5167886,960,15 21926,207,10
1472 waxed_copper_grate 5703,13081,264,250,299000 359279,11648,182 5940,2377,54
1473 waxed_exposed_copper_grate 0,0,0,0,0 0,0,0 0,0,0
1474 waxed_weathered_copper_grate 0,0,0,0,0 0,0,0 0,0,0
1475 waxed_oxidized_copper_grate 8275,14840,278,1333,499990 506508,13952,218 10683,2533,46
1476 copper_bulb 22359,55262,2415,577,994999910 154372,48960,765 3344,10664,596
1477 exposed_copper_bulb 66948,174,21,10000,5000000 700000,64,1 213603,6,6
1478 weathered_copper_bulb 85428,157,91,5263,1250000 0,0,0 1497103,39,23
1479 oxidized_copper_bulb 23421,6937,802,1444,996900 1011561,4096,64 15853,2351,152
1480 waxed_copper_bulb 7933,16910,877,160,200000 346058,14464,226 7840,3058,145
1481 waxed_exposed_copper_bulb 133960,799,173,1000,37500001 917600,320,5 5975,354,18
1482 waxed_weathered_copper_bulb 23834,909,143,544,150000 756250,256,4 31212,129,26
1483 waxed_oxidized_copper_bulb 15895,18772,1008,3047,600000 688349,15936,249 17271,2729,142
1484 copper_chest 11198,15426,737,1000,216000 563983,12928,202 14935,2638,166
1485 exposed_copper_chest 6439,205,22,667,100000 250000,64,1 3436773,207,9
1486 weathered_copper_chest 43121,12,8,10000,110000 0,0,0 32000,5,3
1487 oxidized_copper_chest 29339,2730,112,3029,300000 1953951,2112,33 20909,756,20
1488 waxed_copper_chest 33976,371,45,5000,80000 1933333,192,3 102583,60,18
1489 waxed_exposed_copper_chest 51667,3,2,40000,75000 0,0,0 200000000,1,1
1490 waxed_weathered_copper_chest 347333,15,12,15000,4000000 0,0,0 90000,1,1
1491 waxed_oxidized_copper_chest 109124,474,40,3333,300000 7837500,384,6 453125,128,2
1492 copper_golem_statue 714325,1053,320,10938,200000007 6688889,576,9 205766,124,58
1493 exposed_copper_golem_statue 294455,11,10,45000,1000000 0,0,0 0,0,0
1494 weathered_copper_golem_statue 651500,10,10,99000,1000000 0,0,0 0,0,0
1495 oxidized_copper_golem_statue 63638,1031,339,5000,500000 4166667,384,6 71787,204,47
1496 waxed_copper_golem_statue 23243666,57,55,10000,499999990 0,0,0 241846,13,13
1497 waxed_exposed_copper_golem_statue 363333,3,3,40000,1000000 0,0,0 150000,2,2
1498 waxed_weathered_copper_golem_statue 317800,5,5,89000,1000000 0,0,0 0,0,0
1499 waxed_oxidized_copper_golem_statue 98139,194,24,2326,1000000 7350000,128,2 120455,88,3
1500 trial_spawner 0,0,0,0,0 0,0,0 0,0,0
1501 trial_key 37242,11384,2224,8333,300999 1569909,6272,98 42489,3110,464
1502 ominous_trial_key 403450,7804,4249,286667,1090909 24704412,2176,34 484302,1551,922
1503 vault 0,0,0,0,0 0,0,0 0,0,0
1504 ominous_bottle 59728,211097,18773,2500,5000000 3538086,173696,2714 62888,41904,4255